rank,identifier,goals,goals_scored_with_right,goals_scored_with_left,goals_scored_head,goals_scored_other,goals_scored_inside_penalty_area,goals_scored_outside_penalty_area,penalty_scored,matches_appearance,url
01,Spain,12,5,4,2,-,12,-,1,6,https://www.uefa.com/uefaeuro/history/seasons/2012/statistics/teams/goals/
02,Germany,10,7,-,2,-,9,1,1,5,https://www.uefa.com/uefaeuro/history/seasons/2012/statistics/teams/goals/
03,Portugal,6,4,-,2,-,5,1,-,5,https://www.uefa.com/uefaeuro/history/seasons/2012/statistics/teams/goals/
03,Italy,6,3,-,2,-,4,1,-,6,https://www.uefa.com/uefaeuro/history/seasons/2012/statistics/teams/goals/
05,Russia,5,4,-,1,-,5,-,-,3,https://www.uefa.com/uefaeuro/history/seasons/2012/statistics/teams/goals/
05,Greece,5,3,1,-,-,5,-,1,4,https://www.uefa.com/uefaeuro/history/seasons/2012/statistics/teams/goals/
05,Sweden,5,3,-,1,-,4,-,-,3,https://www.uefa.com/uefaeuro/history/seasons/2012/statistics/teams/goals/
05,England,5,2,-,3,-,4,2,-,4,https://www.uefa.com/uefaeuro/history/seasons/2012/statistics/teams/goals/
09,Czechia,4,3,1,-,-,3,1,-,4,https://www.uefa.com/uefaeuro/history/seasons/2012/statistics/teams/goals/
09,Croatia,4,1,1,2,-,4,-,-,3,https://www.uefa.com/uefaeuro/history/seasons/2012/statistics/teams/goals/
09,Denmark,4,-,1,3,-,4,-,-,3,https://www.uefa.com/uefaeuro/history/seasons/2012/statistics/teams/goals/
12,France,3,1,2,-,-,2,1,-,4,https://www.uefa.com/uefaeuro/history/seasons/2012/statistics/teams/goals/
13,Netherlands,2,1,1,-,-,-,2,-,3,https://www.uefa.com/uefaeuro/history/seasons/2012/statistics/teams/goals/
13,Poland,2,-,1,1,-,2,-,-,3,https://www.uefa.com/uefaeuro/history/seasons/2012/statistics/teams/goals/
13,Ukraine,2,-,-,2,-,2,-,-,3,https://www.uefa.com/uefaeuro/history/seasons/2012/statistics/teams/goals/
16,Republic of Ireland,1,-,-,1,-,1,-,-,3,https://www.uefa.com/uefaeuro/history/seasons/2012/statistics/teams/goals/
