rank,identifier,matches_appearance,matches_win,matches_draw,matches_loss,url
01,France,7,5,1,1,https://www.uefa.com/uefaeuro/history/seasons/2016/statistics/teams/
01,Portugal,7,3,4,0,https://www.uefa.com/uefaeuro/history/seasons/2016/statistics/teams/
03,Wales,6,4,0,2,https://www.uefa.com/uefaeuro/history/seasons/2016/statistics/teams/
03,Germany,6,3,2,1,https://www.uefa.com/uefaeuro/history/seasons/2016/statistics/teams/
05,Italy,5,3,1,1,https://www.uefa.com/uefaeuro/history/seasons/2016/statistics/teams/
05,Belgium,5,3,0,2,https://www.uefa.com/uefaeuro/history/seasons/2016/statistics/teams/
05,Poland,5,2,3,0,https://www.uefa.com/uefaeuro/history/seasons/2016/statistics/teams/
05,Iceland,5,2,2,1,https://www.uefa.com/uefaeuro/history/seasons/2016/statistics/teams/
09,Croatia,4,2,1,1,https://www.uefa.com/uefaeuro/history/seasons/2016/statistics/teams/
09,Spain,4,2,0,2,https://www.uefa.com/uefaeuro/history/seasons/2016/statistics/teams/
09,Hungary,4,1,2,1,https://www.uefa.com/uefaeuro/history/seasons/2016/statistics/teams/
09,England,4,1,2,1,https://www.uefa.com/uefaeuro/history/seasons/2016/statistics/teams/
09,Republic of Ireland,4,1,1,2,https://www.uefa.com/uefaeuro/history/seasons/2016/statistics/teams/
09,Slovakia,4,1,1,2,https://www.uefa.com/uefaeuro/history/seasons/2016/statistics/teams/
09,Northern Ireland,4,1,0,3,https://www.uefa.com/uefaeuro/history/seasons/2016/statistics/teams/
09,Switzerland,4,0,4,0,https://www.uefa.com/uefaeuro/history/seasons/2016/statistics/teams/
17,Albania,3,1,1,1,https://www.uefa.com/uefaeuro/history/seasons/2016/statistics/teams/
17,Türkiye,3,1,0,2,https://www.uefa.com/uefaeuro/history/seasons/2016/statistics/teams/
17,Austria,3,0,1,2,https://www.uefa.com/uefaeuro/history/seasons/2016/statistics/teams/
17,Czechia,3,0,1,2,https://www.uefa.com/uefaeuro/history/seasons/2016/statistics/teams/
17,Russia,3,0,1,2,https://www.uefa.com/uefaeuro/history/seasons/2016/statistics/teams/
17,Sweden,3,0,1,2,https://www.uefa.com/uefaeuro/history/seasons/2016/statistics/teams/
17,Romania,3,0,1,2,https://www.uefa.com/uefaeuro/history/seasons/2016/statistics/teams/
17,Ukraine,3,0,0,3,https://www.uefa.com/uefaeuro/history/seasons/2016/statistics/teams/
