rank,identifier,goals,goals_scored_with_right,goals_scored_with_left,goals_scored_head,goals_scored_other,goals_scored_inside_penalty_area,goals_scored_outside_penalty_area,penalty_scored,matches_appearance,url
01,France,13,1,7,5,0,11,2,1,7,https://www.uefa.com/uefaeuro/history/seasons/2016/statistics/teams/goals/
02,Wales,10,1,6,2,0,7,2,0,6,https://www.uefa.com/uefaeuro/history/seasons/2016/statistics/teams/goals/
03,Belgium,9,4,3,2,0,5,4,0,5,https://www.uefa.com/uefaeuro/history/seasons/2016/statistics/teams/goals/
03,Portugal,9,4,2,3,0,7,2,0,7,https://www.uefa.com/uefaeuro/history/seasons/2016/statistics/teams/goals/
05,Iceland,8,6,1,1,0,9,0,1,5,https://www.uefa.com/uefaeuro/history/seasons/2016/statistics/teams/goals/
06,Germany,7,3,3,1,0,6,1,0,6,https://www.uefa.com/uefaeuro/history/seasons/2016/statistics/teams/goals/
07,Italy,6,5,1,0,0,6,0,1,5,https://www.uefa.com/uefaeuro/history/seasons/2016/statistics/teams/goals/
07,Hungary,6,2,3,0,0,2,3,0,4,https://www.uefa.com/uefaeuro/history/seasons/2016/statistics/teams/goals/
09,Croatia,5,3,2,0,0,4,1,0,4,https://www.uefa.com/uefaeuro/history/seasons/2016/statistics/teams/goals/
09,Spain,5,2,1,2,0,5,0,0,4,https://www.uefa.com/uefaeuro/history/seasons/2016/statistics/teams/goals/
11,England,4,4,0,0,0,3,1,1,4,https://www.uefa.com/uefaeuro/history/seasons/2016/statistics/teams/goals/
11,Poland,4,2,2,0,0,4,0,0,5,https://www.uefa.com/uefaeuro/history/seasons/2016/statistics/teams/goals/
13,Slovakia,3,2,1,0,0,3,0,0,4,https://www.uefa.com/uefaeuro/history/seasons/2016/statistics/teams/goals/
13,Republic of Ireland,3,1,1,1,0,4,0,1,4,https://www.uefa.com/uefaeuro/history/seasons/2016/statistics/teams/goals/
13,Switzerland,3,0,2,1,0,1,2,0,4,https://www.uefa.com/uefaeuro/history/seasons/2016/statistics/teams/goals/
16,Romania,2,2,0,0,0,2,0,2,3,https://www.uefa.com/uefaeuro/history/seasons/2016/statistics/teams/goals/
16,Türkiye,2,2,0,0,0,2,0,0,3,https://www.uefa.com/uefaeuro/history/seasons/2016/statistics/teams/goals/
16,Northern Ireland,2,1,0,1,0,3,0,0,4,https://www.uefa.com/uefaeuro/history/seasons/2016/statistics/teams/goals/
16,Czechia,2,1,0,1,0,2,0,1,3,https://www.uefa.com/uefaeuro/history/seasons/2016/statistics/teams/goals/
16,Russia,2,0,0,2,0,2,0,0,3,https://www.uefa.com/uefaeuro/history/seasons/2016/statistics/teams/goals/
21,Austria,1,0,1,0,0,1,0,0,3,https://www.uefa.com/uefaeuro/history/seasons/2016/statistics/teams/goals/
21,Albania,1,0,0,1,0,1,0,0,3,https://www.uefa.com/uefaeuro/history/seasons/2016/statistics/teams/goals/
21,Sweden,1,0,0,0,0,0,0,0,3,https://www.uefa.com/uefaeuro/history/seasons/2016/statistics/teams/goals/
24,Ukraine,0,0,0,0,0,0,0,0,3,https://www.uefa.com/uefaeuro/history/seasons/2016/statistics/teams/goals/
