rank,identifier,matches_appearance,matches_win,matches_draw,matches_loss,url
01,Greece,6,4,1,1,https://www.uefa.com/uefaeuro/history/seasons/2004/statistics/teams/
01,Portugal,6,3,1,2,https://www.uefa.com/uefaeuro/history/seasons/2004/statistics/teams/
03,Czechia,5,4,0,1,https://www.uefa.com/uefaeuro/history/seasons/2004/statistics/teams/
03,Netherlands,5,1,2,2,https://www.uefa.com/uefaeuro/history/seasons/2004/statistics/teams/
05,France,4,2,1,1,https://www.uefa.com/uefaeuro/history/seasons/2004/statistics/teams/
05,England,4,2,1,1,https://www.uefa.com/uefaeuro/history/seasons/2004/statistics/teams/
05,Sweden,4,1,3,0,https://www.uefa.com/uefaeuro/history/seasons/2004/statistics/teams/
05,Denmark,4,1,2,1,https://www.uefa.com/uefaeuro/history/seasons/2004/statistics/teams/
09,Italy,3,1,2,0,https://www.uefa.com/uefaeuro/history/seasons/2004/statistics/teams/
09,Spain,3,1,1,1,https://www.uefa.com/uefaeuro/history/seasons/2004/statistics/teams/
09,Russia,3,1,0,2,https://www.uefa.com/uefaeuro/history/seasons/2004/statistics/teams/
09,Croatia,3,0,2,1,https://www.uefa.com/uefaeuro/history/seasons/2004/statistics/teams/
09,Germany,3,0,2,1,https://www.uefa.com/uefaeuro/history/seasons/2004/statistics/teams/
09,Latvia,3,0,1,2,https://www.uefa.com/uefaeuro/history/seasons/2004/statistics/teams/
09,Switzerland,3,0,1,2,https://www.uefa.com/uefaeuro/history/seasons/2004/statistics/teams/
09,Bulgaria,3,0,0,3,https://www.uefa.com/uefaeuro/history/seasons/2004/statistics/teams/
