rank,identifier,goals,goals_scored_with_right,goals_scored_with_left,goals_scored_head,goals_scored_other,goals_scored_inside_penalty_area,goals_scored_outside_penalty_area,penalty_scored,matches_appearance,url
01,France,13,-,-,-,-,-,-,1,6,https://www.uefa.com/uefaeuro/history/seasons/2000/statistics/teams/goals/
01,Netherlands,13,-,-,-,-,-,-,1,5,https://www.uefa.com/uefaeuro/history/seasons/2000/statistics/teams/goals/
03,Portugal,10,-,-,-,-,-,-,-,5,https://www.uefa.com/uefaeuro/history/seasons/2000/statistics/teams/goals/
04,Italy,9,-,-,-,-,-,-,1,6,https://www.uefa.com/uefaeuro/history/seasons/2000/statistics/teams/goals/
05,Yugoslavia,8,-,-,-,-,-,-,-,4,https://www.uefa.com/uefaeuro/history/seasons/2000/statistics/teams/goals/
06,Spain,7,-,-,-,-,-,-,2,4,https://www.uefa.com/uefaeuro/history/seasons/2000/statistics/teams/goals/
07,England,5,-,-,-,-,-,-,1,3,https://www.uefa.com/uefaeuro/history/seasons/2000/statistics/teams/goals/
08,Romania,4,-,-,-,-,-,-,1,4,https://www.uefa.com/uefaeuro/history/seasons/2000/statistics/teams/goals/
08,Slovenia,4,-,-,-,-,-,-,-,3,https://www.uefa.com/uefaeuro/history/seasons/2000/statistics/teams/goals/
10,Czechia,3,-,-,-,-,-,-,1,3,https://www.uefa.com/uefaeuro/history/seasons/2000/statistics/teams/goals/
10,Türkiye,3,-,-,-,-,-,-,-,4,https://www.uefa.com/uefaeuro/history/seasons/2000/statistics/teams/goals/
12,Belgium,2,-,-,-,-,-,-,-,3,https://www.uefa.com/uefaeuro/history/seasons/2000/statistics/teams/goals/
12,Sweden,2,-,-,-,-,-,-,-,3,https://www.uefa.com/uefaeuro/history/seasons/2000/statistics/teams/goals/
14,Germany,1,-,-,-,-,-,-,-,3,https://www.uefa.com/uefaeuro/history/seasons/2000/statistics/teams/goals/
14,Norway,1,-,-,-,-,-,-,-,3,https://www.uefa.com/uefaeuro/history/seasons/2000/statistics/teams/goals/
16,Denmark,0,-,-,-,-,-,-,-,3,https://www.uefa.com/uefaeuro/history/seasons/2000/statistics/teams/goals/
