rank,identifier,matches_appearance,matches_win,matches_draw,matches_loss,url
01,Spain,6,6,0,0,https://www.uefa.com/uefaeuro/history/seasons/2008/statistics/teams/
01,Germany,6,4,0,2,https://www.uefa.com/uefaeuro/history/seasons/2008/statistics/teams/
03,Russia,5,3,0,2,https://www.uefa.com/uefaeuro/history/seasons/2008/statistics/teams/
03,Türkiye,5,2,1,2,https://www.uefa.com/uefaeuro/history/seasons/2008/statistics/teams/
05,Croatia,4,3,1,0,https://www.uefa.com/uefaeuro/history/seasons/2008/statistics/teams/
05,Netherlands,4,3,0,1,https://www.uefa.com/uefaeuro/history/seasons/2008/statistics/teams/
05,Portugal,4,2,0,2,https://www.uefa.com/uefaeuro/history/seasons/2008/statistics/teams/
05,Italy,4,1,1,2,https://www.uefa.com/uefaeuro/history/seasons/2008/statistics/teams/
09,Czechia,3,1,0,2,https://www.uefa.com/uefaeuro/history/seasons/2008/statistics/teams/
09,Switzerland,3,1,0,2,https://www.uefa.com/uefaeuro/history/seasons/2008/statistics/teams/
09,Sweden,3,1,0,2,https://www.uefa.com/uefaeuro/history/seasons/2008/statistics/teams/
09,Romania,3,0,2,1,https://www.uefa.com/uefaeuro/history/seasons/2008/statistics/teams/
09,Austria,3,0,1,2,https://www.uefa.com/uefaeuro/history/seasons/2008/statistics/teams/
09,France,3,0,1,2,https://www.uefa.com/uefaeuro/history/seasons/2008/statistics/teams/
09,Poland,3,0,1,2,https://www.uefa.com/uefaeuro/history/seasons/2008/statistics/teams/
09,Greece,3,0,0,3,https://www.uefa.com/uefaeuro/history/seasons/2008/statistics/teams/
