rank,identifier,goals,goals_scored_with_right,goals_scored_with_left,goals_scored_head,goals_scored_other,goals_scored_inside_penalty_area,goals_scored_outside_penalty_area,penalty_scored,matches_appearance,url
01,Czechia,10,6,3,1,-,9,1,-,5,https://www.uefa.com/uefaeuro/history/seasons/2004/statistics/teams/goals/
01,England,10,6,1,3,-,8,2,-,4,https://www.uefa.com/uefaeuro/history/seasons/2004/statistics/teams/goals/
03,Portugal,8,5,-,3,-,7,2,-,6,https://www.uefa.com/uefaeuro/history/seasons/2004/statistics/teams/goals/
03,Sweden,8,3,2,1,-,7,1,2,4,https://www.uefa.com/uefaeuro/history/seasons/2004/statistics/teams/goals/
05,France,7,2,2,1,-,5,1,1,4,https://www.uefa.com/uefaeuro/history/seasons/2004/statistics/teams/goals/
05,Greece,7,2,1,3,-,6,1,1,6,https://www.uefa.com/uefaeuro/history/seasons/2004/statistics/teams/goals/
05,Netherlands,7,2,1,2,-,6,-,1,5,https://www.uefa.com/uefaeuro/history/seasons/2004/statistics/teams/goals/
08,Denmark,4,4,-,-,-,3,1,-,4,https://www.uefa.com/uefaeuro/history/seasons/2004/statistics/teams/goals/
08,Croatia,4,1,1,1,-,5,-,1,3,https://www.uefa.com/uefaeuro/history/seasons/2004/statistics/teams/goals/
10,Italy,3,2,-,1,-,3,-,-,3,https://www.uefa.com/uefaeuro/history/seasons/2004/statistics/teams/goals/
11,Spain,2,1,1,-,-,2,-,-,3,https://www.uefa.com/uefaeuro/history/seasons/2004/statistics/teams/goals/
11,Germany,2,1,1,-,-,-,2,-,3,https://www.uefa.com/uefaeuro/history/seasons/2004/statistics/teams/goals/
11,Russia,2,1,-,1,-,2,-,-,3,https://www.uefa.com/uefaeuro/history/seasons/2004/statistics/teams/goals/
14,Switzerland,1,1,-,-,-,1,-,-,3,https://www.uefa.com/uefaeuro/history/seasons/2004/statistics/teams/goals/
14,Latvia,1,-,1,-,-,1,-,-,3,https://www.uefa.com/uefaeuro/history/seasons/2004/statistics/teams/goals/
14,Bulgaria,1,-,-,-,-,1,-,1,3,https://www.uefa.com/uefaeuro/history/seasons/2004/statistics/teams/goals/
