rank,identifier,matches_appearance,matches_win,matches_draw,matches_loss,url
01,France,6,5,0,1,https://www.uefa.com/uefaeuro/history/seasons/2000/statistics/teams/
01,Italy,6,4,1,1,https://www.uefa.com/uefaeuro/history/seasons/2000/statistics/teams/
03,Netherlands,5,4,1,0,https://www.uefa.com/uefaeuro/history/seasons/2000/statistics/teams/
03,Portugal,5,4,0,1,https://www.uefa.com/uefaeuro/history/seasons/2000/statistics/teams/
05,Spain,4,2,0,2,https://www.uefa.com/uefaeuro/history/seasons/2000/statistics/teams/
05,Yugoslavia,4,1,1,2,https://www.uefa.com/uefaeuro/history/seasons/2000/statistics/teams/
05,Türkiye,4,1,1,2,https://www.uefa.com/uefaeuro/history/seasons/2000/statistics/teams/
05,Romania,4,1,1,2,https://www.uefa.com/uefaeuro/history/seasons/2000/statistics/teams/
09,Norway,3,1,1,1,https://www.uefa.com/uefaeuro/history/seasons/2000/statistics/teams/
09,Czechia,3,1,0,2,https://www.uefa.com/uefaeuro/history/seasons/2000/statistics/teams/
09,England,3,1,0,2,https://www.uefa.com/uefaeuro/history/seasons/2000/statistics/teams/
09,Belgium,3,1,0,2,https://www.uefa.com/uefaeuro/history/seasons/2000/statistics/teams/
09,Slovenia,3,0,2,1,https://www.uefa.com/uefaeuro/history/seasons/2000/statistics/teams/
09,Germany,3,0,1,2,https://www.uefa.com/uefaeuro/history/seasons/2000/statistics/teams/
09,Sweden,3,0,1,2,https://www.uefa.com/uefaeuro/history/seasons/2000/statistics/teams/
09,Denmark,3,0,0,3,https://www.uefa.com/uefaeuro/history/seasons/2000/statistics/teams/
