rank,identifier,minutes_played_official,matches_appearance,goals,assists,top_speed,distance_covered,url
01,ToldoItaly - Goalkeeper,540,6,-,-,-,-,https://www.uefa.com/uefaeuro/history/seasons/2000/statistics/players/
01,DesaillyFrance - Defender,540,6,-,-,-,-,https://www.uefa.com/uefaeuro/history/seasons/2000/statistics/players/
03,NestaItaly - Defender,498,6,-,-,-,-,https://www.uefa.com/uefaeuro/history/seasons/2000/statistics/players/
04,CannavaroItaly - Defender,494,6,-,-,-,-,https://www.uefa.com/uefaeuro/history/seasons/2000/statistics/players/
05,VieiraFrance,482,6,-,2,-,-,https://www.uefa.com/uefaeuro/history/seasons/2000/statistics/players/
06,HenryFrance - Forward,455,5,3,1,-,-,https://www.uefa.com/uefaeuro/history/seasons/2000/statistics/players/
06,CocuNetherlands,455,5,-,1,-,-,https://www.uefa.com/uefaeuro/history/seasons/2000/statistics/players/
08,DeschampsFrance,451,6,-,-,-,-,https://www.uefa.com/uefaeuro/history/seasons/2000/statistics/players/
09,F. de BoerNetherlands,450,5,2,-,-,-,https://www.uefa.com/uefaeuro/history/seasons/2000/statistics/players/
09,ZidaneFrance,450,5,2,-,-,-,https://www.uefa.com/uefaeuro/history/seasons/2000/statistics/players/
09,BlancFrance - Defender,450,5,1,-,-,-,https://www.uefa.com/uefaeuro/history/seasons/2000/statistics/players/
09,Jorge CostaPortugal - Defender,450,5,-,2,-,-,https://www.uefa.com/uefaeuro/history/seasons/2000/statistics/players/
09,DavidsNetherlands - Midfielder,450,5,-,1,-,-,https://www.uefa.com/uefaeuro/history/seasons/2000/statistics/players/
09,ThuramFrance - Defender,450,5,-,-,-,-,https://www.uefa.com/uefaeuro/history/seasons/2000/statistics/players/
09,Fernando CoutoPortugal - Defender,450,5,-,-,-,-,https://www.uefa.com/uefaeuro/history/seasons/2000/statistics/players/
09,BarthezFrance - Goalkeeper,450,5,-,-,-,-,https://www.uefa.com/uefaeuro/history/seasons/2000/statistics/players/
17,MaldiniItaly - Defender,448,6,-,-,-,-,https://www.uefa.com/uefaeuro/history/seasons/2000/statistics/players/
18,AlbertiniItaly - Midfielder,437,5,-,2,-,-,https://www.uefa.com/uefaeuro/history/seasons/2000/statistics/players/
19,IulianoItaly - Defender,434,6,-,-,-,-,https://www.uefa.com/uefaeuro/history/seasons/2000/statistics/players/
20,ZendenNetherlands,421,5,2,2,-,-,https://www.uefa.com/uefaeuro/history/seasons/2000/statistics/players/
21,BergkampNetherlands,420,5,-,3,-,-,https://www.uefa.com/uefaeuro/history/seasons/2000/statistics/players/
22,FioreItaly - Midfielder,410,6,1,1,-,-,https://www.uefa.com/uefaeuro/history/seasons/2000/statistics/players/
23,KluivertNetherlands,390,5,5,-,-,-,https://www.uefa.com/uefaeuro/history/seasons/2000/statistics/players/
24,DimasPortugal - Defender,361,4,-,-,-,-,https://www.uefa.com/uefaeuro/history/seasons/2000/statistics/players/
25,Hakan ŞükürTürkiye - Forward,360,4,2,-,-,-,https://www.uefa.com/uefaeuro/history/seasons/2000/statistics/players/
25,Luís FigoPortugal - Midfielder,360,4,1,3,-,-,https://www.uefa.com/uefaeuro/history/seasons/2000/statistics/players/
25,Raúl GonzálezSpain,360,4,1,1,-,-,https://www.uefa.com/uefaeuro/history/seasons/2000/statistics/players/
25,D MunteanuRomania,360,4,1,-,-,-,https://www.uefa.com/uefaeuro/history/seasons/2000/statistics/players/
25,ChivuRomania,360,4,1,-,-,-,https://www.uefa.com/uefaeuro/history/seasons/2000/statistics/players/
25,FilipescuRomania - Defender,360,4,-,-,-,-,https://www.uefa.com/uefaeuro/history/seasons/2000/statistics/players/
25,KraljSerbia,360,4,-,-,-,-,https://www.uefa.com/uefaeuro/history/seasons/2000/statistics/players/
25,DjukićSerbia,360,4,-,-,-,-,https://www.uefa.com/uefaeuro/history/seasons/2000/statistics/players/
25,Vítor BaíaPortugal,360,4,-,-,-,-,https://www.uefa.com/uefaeuro/history/seasons/2000/statistics/players/
25,Fatih AkyelTürkiye - Defender,360,4,-,-,-,-,https://www.uefa.com/uefaeuro/history/seasons/2000/statistics/players/
25,SteleaRomania - Goalkeeper,360,4,-,-,-,-,https://www.uefa.com/uefaeuro/history/seasons/2000/statistics/players/
25,Rüştü ReçberTürkiye - Goalkeeper,360,4,-,-,-,-,https://www.uefa.com/uefaeuro/history/seasons/2000/statistics/players/
37,LizarazuFrance - Defender,356,4,-,-,-,-,https://www.uefa.com/uefaeuro/history/seasons/2000/statistics/players/
38,GuardiolaSpain,351,4,-,-,-,-,https://www.uefa.com/uefaeuro/history/seasons/2000/statistics/players/
39,MijatovićSerbia - Forward,349,4,-,1,-,-,https://www.uefa.com/uefaeuro/history/seasons/2000/statistics/players/
40,StamNetherlands - Defender,345,4,-,-,-,-,https://www.uefa.com/uefaeuro/history/seasons/2000/statistics/players/
41,OvermarsNetherlands - Forward,344,5,2,-,-,-,https://www.uefa.com/uefaeuro/history/seasons/2000/statistics/players/
42,DrulovićSerbia - Forward,340,4,1,4,-,-,https://www.uefa.com/uefaeuro/history/seasons/2000/statistics/players/
43,Rui CostaPortugal,337,4,-,-,-,-,https://www.uefa.com/uefaeuro/history/seasons/2000/statistics/players/
44,Van der SarNetherlands - Goalkeeper,334,4,-,-,-,-,https://www.uefa.com/uefaeuro/history/seasons/2000/statistics/players/
45,Nuno GomesPortugal,328,5,4,-,-,-,https://www.uefa.com/uefaeuro/history/seasons/2000/statistics/players/
46,F. InzaghiItaly - Forward,324,4,2,1,-,-,https://www.uefa.com/uefaeuro/history/seasons/2000/statistics/players/
47,TemizkanoğluTürkiye - Defender,323,4,-,-,-,-,https://www.uefa.com/uefaeuro/history/seasons/2000/statistics/players/
48,Sérgio ConceiçãoPortugal,319,5,3,1,-,-,https://www.uefa.com/uefaeuro/history/seasons/2000/statistics/players/
49,TottiItaly - Forward,318,5,2,-,-,-,https://www.uefa.com/uefaeuro/history/seasons/2000/statistics/players/
50,Okan BurukTürkiye - Midfielder,317,4,1,-,-,-,https://www.uefa.com/uefaeuro/history/seasons/2000/statistics/players/
51,JugovićSerbia - Midfielder,316,4,-,-,-,-,https://www.uefa.com/uefaeuro/history/seasons/2000/statistics/players/
51,Míchel SalgadoSpain - Defender,316,4,-,-,-,-,https://www.uefa.com/uefaeuro/history/seasons/2000/statistics/players/
51,GâlcăRomania,316,4,-,-,-,-,https://www.uefa.com/uefaeuro/history/seasons/2000/statistics/players/
54,KorkutTürkiye - Midfielder,315,4,-,-,-,-,https://www.uefa.com/uefaeuro/history/seasons/2000/statistics/players/
55,MiloševićSerbia,308,4,5,-,-,-,https://www.uefa.com/uefaeuro/history/seasons/2000/statistics/players/
56,ZambrottaItaly - Defender,304,4,-,-,-,-,https://www.uefa.com/uefaeuro/history/seasons/2000/statistics/players/
57,Alpay ÖzalanTürkiye - Defender,300,4,-,-,-,-,https://www.uefa.com/uefaeuro/history/seasons/2000/statistics/players/
58,PessottoItaly,299,5,-,1,-,-,https://www.uefa.com/uefaeuro/history/seasons/2000/statistics/players/
58,Paulo BentoPortugal,299,4,-,-,-,-,https://www.uefa.com/uefaeuro/history/seasons/2000/statistics/players/
60,V MoldovanRomania - Forward,298,4,1,1,-,-,https://www.uefa.com/uefaeuro/history/seasons/2000/statistics/players/
61,DjorkaeffFrance - Midfielder,291,5,2,-,-,-,https://www.uefa.com/uefaeuro/history/seasons/2000/statistics/players/
62,Di BiagioItaly - Midfielder,281,4,1,-,-,-,https://www.uefa.com/uefaeuro/history/seasons/2000/statistics/players/
63,Del PieroItaly - Forward,274,6,1,1,-,-,https://www.uefa.com/uefaeuro/history/seasons/2000/statistics/players/
64,ZahovičSlovenia,270,3,3,1,-,-,https://www.uefa.com/uefaeuro/history/seasons/2000/statistics/players/
64,ShearerEngland - Forward,270,3,2,-,-,-,https://www.uefa.com/uefaeuro/history/seasons/2000/statistics/players/
64,PoborskýCzechia - Midfielder,270,3,1,1,-,-,https://www.uefa.com/uefaeuro/history/seasons/2000/statistics/players/
64,Emile MpenzaBelgium - Forward,270,3,1,-,-,-,https://www.uefa.com/uefaeuro/history/seasons/2000/statistics/players/
64,KomljenovićSerbia - Defender,270,3,1,-,-,-,https://www.uefa.com/uefaeuro/history/seasons/2000/statistics/players/
64,BeckhamEngland - Midfielder,270,3,-,3,-,-,https://www.uefa.com/uefaeuro/history/seasons/2000/statistics/players/
64,MyhreNorway - Goalkeeper,270,3,-,1,-,-,https://www.uefa.com/uefaeuro/history/seasons/2000/statistics/players/
64,InceEngland - Midfielder,270,3,-,1,-,-,https://www.uefa.com/uefaeuro/history/seasons/2000/statistics/players/
64,BosveltNetherlands - Midfielder,270,3,-,1,-,-,https://www.uefa.com/uefaeuro/history/seasons/2000/statistics/players/
64,RudonjaSlovenia - Midfielder,270,3,-,1,-,-,https://www.uefa.com/uefaeuro/history/seasons/2000/statistics/players/
64,AbelardoSpain - Defender,270,3,-,1,-,-,https://www.uefa.com/uefaeuro/history/seasons/2000/statistics/players/
64,KahnGermany,270,3,-,-,-,-,https://www.uefa.com/uefaeuro/history/seasons/2000/statistics/players/
64,NowotnyGermany - Defender,270,3,-,-,-,-,https://www.uefa.com/uefaeuro/history/seasons/2000/statistics/players/
64,BragstadNorway - Defender,270,3,-,-,-,-,https://www.uefa.com/uefaeuro/history/seasons/2000/statistics/players/
64,SrníčekCzechia,270,3,-,-,-,-,https://www.uefa.com/uefaeuro/history/seasons/2000/statistics/players/
64,StaelensBelgium - Defender,270,3,-,-,-,-,https://www.uefa.com/uefaeuro/history/seasons/2000/statistics/players/
64,CañizaresSpain - Goalkeeper,270,3,-,-,-,-,https://www.uefa.com/uefaeuro/history/seasons/2000/statistics/players/
64,HenriksenDenmark - Defender,270,3,-,-,-,-,https://www.uefa.com/uefaeuro/history/seasons/2000/statistics/players/
64,MellbergSweden - Defender,270,3,-,-,-,-,https://www.uefa.com/uefaeuro/history/seasons/2000/statistics/players/
64,VanderhaegheBelgium - Midfielder,270,3,-,-,-,-,https://www.uefa.com/uefaeuro/history/seasons/2000/statistics/players/
64,WilmotsBelgium - Midfielder,270,3,-,-,-,-,https://www.uefa.com/uefaeuro/history/seasons/2000/statistics/players/
64,AranzábalSpain - Defender,270,3,-,-,-,-,https://www.uefa.com/uefaeuro/history/seasons/2000/statistics/players/
64,SolskjærNorway,270,3,-,-,-,-,https://www.uefa.com/uefaeuro/history/seasons/2000/statistics/players/
64,ČehSlovenia - Midfielder,270,3,-,-,-,-,https://www.uefa.com/uefaeuro/history/seasons/2000/statistics/players/
64,ValgaerenBelgium - Defender,270,3,-,-,-,-,https://www.uefa.com/uefaeuro/history/seasons/2000/statistics/players/
64,SchmeichelDenmark - Goalkeeper,270,3,-,-,-,-,https://www.uefa.com/uefaeuro/history/seasons/2000/statistics/players/
64,GrønkjærDenmark - Forward,270,3,-,-,-,-,https://www.uefa.com/uefaeuro/history/seasons/2000/statistics/players/
64,NěmecCzechia - Midfielder,270,3,-,-,-,-,https://www.uefa.com/uefaeuro/history/seasons/2000/statistics/players/
64,BjörklundSweden,270,3,-,-,-,-,https://www.uefa.com/uefaeuro/history/seasons/2000/statistics/players/
64,P. NevilleEngland - Midfielder,270,3,-,-,-,-,https://www.uefa.com/uefaeuro/history/seasons/2000/statistics/players/
64,LjungbergSweden,270,3,-,-,-,-,https://www.uefa.com/uefaeuro/history/seasons/2000/statistics/players/
64,HedmanSweden - Goalkeeper,270,3,-,-,-,-,https://www.uefa.com/uefaeuro/history/seasons/2000/statistics/players/
64,MilinovičSlovenia - Defender,270,3,-,-,-,-,https://www.uefa.com/uefaeuro/history/seasons/2000/statistics/players/
64,DabanovičSlovenia - Goalkeeper,270,3,-,-,-,-,https://www.uefa.com/uefaeuro/history/seasons/2000/statistics/players/
64,DeflandreBelgium,270,3,-,-,-,-,https://www.uefa.com/uefaeuro/history/seasons/2000/statistics/players/
64,CampbellEngland - Defender,270,3,-,-,-,-,https://www.uefa.com/uefaeuro/history/seasons/2000/statistics/players/
64,G. NevilleEngland - Defender,270,3,-,-,-,-,https://www.uefa.com/uefaeuro/history/seasons/2000/statistics/players/
64,Van BronckhorstNetherlands,270,3,-,-,-,-,https://www.uefa.com/uefaeuro/history/seasons/2000/statistics/players/
64,MyklandNorway - Midfielder,270,3,-,-,-,-,https://www.uefa.com/uefaeuro/history/seasons/2000/statistics/players/
64,RadaCzechia - Defender,270,3,-,-,-,-,https://www.uefa.com/uefaeuro/history/seasons/2000/statistics/players/
64,BergdølmoNorway - Defender,270,3,-,-,-,-,https://www.uefa.com/uefaeuro/history/seasons/2000/statistics/players/
64,ŘepkaCzechia - Defender,270,3,-,-,-,-,https://www.uefa.com/uefaeuro/history/seasons/2000/statistics/players/
64,NovakSlovenia - Midfielder,270,3,-,-,-,-,https://www.uefa.com/uefaeuro/history/seasons/2000/statistics/players/
107,Alfonso PérezSpain - Forward,269,4,2,-,-,-,https://www.uefa.com/uefaeuro/history/seasons/2000/statistics/players/
107,NedvědCzechia,269,3,-,1,-,-,https://www.uefa.com/uefaeuro/history/seasons/2000/statistics/players/
109,De WildeBelgium - Goalkeeper,264,3,-,-,-,-,https://www.uefa.com/uefaeuro/history/seasons/2000/statistics/players/
110,GaličSlovenia - Defender,263,3,-,-,-,-,https://www.uefa.com/uefaeuro/history/seasons/2000/statistics/players/
111,SchjønbergDenmark - Defender,262,3,-,-,-,-,https://www.uefa.com/uefaeuro/history/seasons/2000/statistics/players/
112,VidigalPortugal - Midfielder,259,4,-,-,-,-,https://www.uefa.com/uefaeuro/history/seasons/2000/statistics/players/
112,TomassonDenmark,259,3,-,-,-,-,https://www.uefa.com/uefaeuro/history/seasons/2000/statistics/players/
114,StojkovićSerbia - Midfielder,258,4,-,-,-,-,https://www.uefa.com/uefaeuro/history/seasons/2000/statistics/players/
114,KaričSlovenia,258,3,-,1,-,-,https://www.uefa.com/uefaeuro/history/seasons/2000/statistics/players/
114,MatthäusGermany - Midfielder,258,3,-,-,-,-,https://www.uefa.com/uefaeuro/history/seasons/2000/statistics/players/
117,MendietaSpain - Midfielder,255,4,2,1,-,-,https://www.uefa.com/uefaeuro/history/seasons/2000/statistics/players/
118,KollerCzechia - Forward,254,3,-,1,-,-,https://www.uefa.com/uefaeuro/history/seasons/2000/statistics/players/
119,ŠmicerCzechia - Midfielder,252,3,2,-,-,-,https://www.uefa.com/uefaeuro/history/seasons/2000/statistics/players/
120,T. A. FloNorway - Forward,251,3,-,-,-,-,https://www.uefa.com/uefaeuro/history/seasons/2000/statistics/players/
121,DugarryFrance - Forward,250,4,1,-,-,-,https://www.uefa.com/uefaeuro/history/seasons/2000/statistics/players/
121,IversenNorway - Forward,250,3,1,-,-,-,https://www.uefa.com/uefaeuro/history/seasons/2000/statistics/players/
123,Arif ErdemTürkiye - Forward,248,4,-,-,-,-,https://www.uefa.com/uefaeuro/history/seasons/2000/statistics/players/
123,HeintzeDenmark - Midfielder,248,3,-,-,-,-,https://www.uefa.com/uefaeuro/history/seasons/2000/statistics/players/
125,EtxeberriaSpain,247,4,1,1,-,-,https://www.uefa.com/uefaeuro/history/seasons/2000/statistics/players/
126,PavlinSlovenia - Midfielder,246,3,1,-,-,-,https://www.uefa.com/uefaeuro/history/seasons/2000/statistics/players/
127,PacoSpain - Defender,244,3,-,-,-,-,https://www.uefa.com/uefaeuro/history/seasons/2000/statistics/players/
128,ScholesEngland - Midfielder,242,3,1,1,-,-,https://www.uefa.com/uefaeuro/history/seasons/2000/statistics/players/
128,IlieRomania - Forward,242,3,-,1,-,-,https://www.uefa.com/uefaeuro/history/seasons/2000/statistics/players/
128,JokanovićSerbia,242,3,-,-,-,-,https://www.uefa.com/uefaeuro/history/seasons/2000/statistics/players/
131,SchollGermany - Midfielder,240,3,1,-,-,-,https://www.uefa.com/uefaeuro/history/seasons/2000/statistics/players/
131,MihajlovićSerbia - Defender,240,3,-,-,-,-,https://www.uefa.com/uefaeuro/history/seasons/2000/statistics/players/
133,GoorBelgium - Midfielder,239,3,1,-,-,-,https://www.uefa.com/uefaeuro/history/seasons/2000/statistics/players/
134,MjällbySweden - Midfielder,236,3,1,-,-,-,https://www.uefa.com/uefaeuro/history/seasons/2000/statistics/players/
135,ConteItaly,235,3,1,-,-,-,https://www.uefa.com/uefaeuro/history/seasons/2000/statistics/players/
136,João PintoPortugal - Midfielder,233,4,1,-,-,-,https://www.uefa.com/uefaeuro/history/seasons/2000/statistics/players/
136,HavutçuTürkiye - Midfielder,233,3,-,-,-,-,https://www.uefa.com/uefaeuro/history/seasons/2000/statistics/players/
138,CostinhaPortugal,229,4,1,-,-,-,https://www.uefa.com/uefaeuro/history/seasons/2000/statistics/players/
139,AnelkaFrance - Forward,228,5,-,1,-,-,https://www.uefa.com/uefaeuro/history/seasons/2000/statistics/players/
140,PetitFrance - Midfielder,223,3,-,-,-,-,https://www.uefa.com/uefaeuro/history/seasons/2000/statistics/players/
140,PetrescuRomania,223,3,-,-,-,-,https://www.uefa.com/uefaeuro/history/seasons/2000/statistics/players/
142,HagiRomania,222,3,-,-,-,-,https://www.uefa.com/uefaeuro/history/seasons/2000/statistics/players/
143,VerheyenBelgium - Forward,218,3,-,-,-,-,https://www.uefa.com/uefaeuro/history/seasons/2000/statistics/players/
144,G. PopescuRomania - Defender,212,3,-,-,-,-,https://www.uefa.com/uefaeuro/history/seasons/2000/statistics/players/
145,EggenNorway - Defender,211,3,-,-,-,-,https://www.uefa.com/uefaeuro/history/seasons/2000/statistics/players/
146,LarssonSweden,208,3,1,-,-,-,https://www.uefa.com/uefaeuro/history/seasons/2000/statistics/players/
146,Suat KayaTürkiye - Midfielder,208,3,-,1,-,-,https://www.uefa.com/uefaeuro/history/seasons/2000/statistics/players/
148,ColdingDenmark - Defender,202,3,-,-,-,-,https://www.uefa.com/uefaeuro/history/seasons/2000/statistics/players/
149,ContraRomania,201,3,-,-,-,-,https://www.uefa.com/uefaeuro/history/seasons/2000/statistics/players/
150,MutuRomania,197,3,-,-,-,-,https://www.uefa.com/uefaeuro/history/seasons/2000/statistics/players/
150,HamannGermany - Midfielder,197,3,-,-,-,-,https://www.uefa.com/uefaeuro/history/seasons/2000/statistics/players/
150,WiseEngland - Midfielder,197,3,-,-,-,-,https://www.uefa.com/uefaeuro/history/seasons/2000/statistics/players/
153,DjorovićSerbia - Defender,192,3,-,-,-,-,https://www.uefa.com/uefaeuro/history/seasons/2000/statistics/players/
154,AlexanderssonSweden - Midfielder,191,3,-,-,-,-,https://www.uefa.com/uefaeuro/history/seasons/2000/statistics/players/
154,TøftingDenmark - Midfielder,191,3,-,-,-,-,https://www.uefa.com/uefaeuro/history/seasons/2000/statistics/players/
156,KeownEngland - Defender,188,3,-,-,-,-,https://www.uefa.com/uefaeuro/history/seasons/2000/statistics/players/
157,BakkeNorway - Midfielder,187,3,-,-,-,-,https://www.uefa.com/uefaeuro/history/seasons/2000/statistics/players/
158,Iván HelgueraSpain - Defender,186,4,-,-,-,-,https://www.uefa.com/uefaeuro/history/seasons/2000/statistics/players/
159,ReizigerNetherlands,180,2,-,1,-,-,https://www.uefa.com/uefaeuro/history/seasons/2000/statistics/players/
159,SeamanEngland - Goalkeeper,180,2,-,-,-,-,https://www.uefa.com/uefaeuro/history/seasons/2000/statistics/players/
159,ZiegeGermany - Defender,180,2,-,-,-,-,https://www.uefa.com/uefaeuro/history/seasons/2000/statistics/players/
159,SkammelsrudNorway - Midfielder,180,2,-,-,-,-,https://www.uefa.com/uefaeuro/history/seasons/2000/statistics/players/
159,ErcanTürkiye - Midfielder,180,2,-,-,-,-,https://www.uefa.com/uefaeuro/history/seasons/2000/statistics/players/
159,MildSweden - Midfielder,180,2,-,-,-,-,https://www.uefa.com/uefaeuro/history/seasons/2000/statistics/players/
159,HierroSpain,180,2,-,-,-,-,https://www.uefa.com/uefaeuro/history/seasons/2000/statistics/players/
159,NumanNetherlands - Defender,180,2,-,-,-,-,https://www.uefa.com/uefaeuro/history/seasons/2000/statistics/players/
159,Abel XavierPortugal - Defender,180,2,-,-,-,-,https://www.uefa.com/uefaeuro/history/seasons/2000/statistics/players/
159,CiobotariuRomania - Defender,180,2,-,-,-,-,https://www.uefa.com/uefaeuro/history/seasons/2000/statistics/players/
159,CandelaFrance - Defender,180,2,-,-,-,-,https://www.uefa.com/uefaeuro/history/seasons/2000/statistics/players/
159,ÜnsalTürkiye - Defender,180,2,-,-,-,-,https://www.uefa.com/uefaeuro/history/seasons/2000/statistics/players/
159,SandDenmark - Forward,180,2,-,-,-,-,https://www.uefa.com/uefaeuro/history/seasons/2000/statistics/players/
159,BabbelGermany,180,2,-,-,-,-,https://www.uefa.com/uefaeuro/history/seasons/2000/statistics/players/
173,DeislerGermany - Midfielder,174,3,-,-,-,-,https://www.uefa.com/uefaeuro/history/seasons/2000/statistics/players/
174,OwenEngland - Forward,173,3,1,-,-,-,https://www.uefa.com/uefaeuro/history/seasons/2000/statistics/players/
175,Patrik AnderssonSweden - Defender,171,2,-,-,-,-,https://www.uefa.com/uefaeuro/history/seasons/2000/statistics/players/
176,ValerónSpain - Midfielder,169,2,-,-,-,-,https://www.uefa.com/uefaeuro/history/seasons/2000/statistics/players/
177,UrzaizSpain - Forward,168,4,-,1,-,-,https://www.uefa.com/uefaeuro/history/seasons/2000/statistics/players/
177,SaveljićSerbia - Defender,168,3,-,-,-,-,https://www.uefa.com/uefaeuro/history/seasons/2000/statistics/players/
177,JeremiesGermany - Midfielder,168,2,-,-,-,-,https://www.uefa.com/uefaeuro/history/seasons/2000/statistics/players/
180,BisgaardDenmark,162,2,-,-,-,-,https://www.uefa.com/uefaeuro/history/seasons/2000/statistics/players/
181,JanckerGermany,159,2,-,-,-,-,https://www.uefa.com/uefaeuro/history/seasons/2000/statistics/players/
182,MilaničSlovenia,158,2,-,-,-,-,https://www.uefa.com/uefaeuro/history/seasons/2000/statistics/players/
183,RinkGermany - Forward,154,3,-,1,-,-,https://www.uefa.com/uefaeuro/history/seasons/2000/statistics/players/
183,StruparBelgium - Forward,154,3,-,1,-,-,https://www.uefa.com/uefaeuro/history/seasons/2000/statistics/players/
183,Van KerckhovenBelgium - Defender,154,3,-,-,-,-,https://www.uefa.com/uefaeuro/history/seasons/2000/statistics/players/
186,RosickýCzechia - Midfielder,152,2,-,-,-,-,https://www.uefa.com/uefaeuro/history/seasons/2000/statistics/players/
187,AnderssonSweden - Forward,151,3,-,1,-,-,https://www.uefa.com/uefaeuro/history/seasons/2000/statistics/players/
187,NielsenDenmark - Midfielder,151,2,-,-,-,-,https://www.uefa.com/uefaeuro/history/seasons/2000/statistics/players/
189,BelodediciRomania - Defender,148,2,-,-,-,-,https://www.uefa.com/uefaeuro/history/seasons/2000/statistics/players/
190,BjørnebyeNorway,145,2,-,-,-,-,https://www.uefa.com/uefaeuro/history/seasons/2000/statistics/players/
191,Sá PintoPortugal,144,3,-,-,-,-,https://www.uefa.com/uefaeuro/history/seasons/2000/statistics/players/
192,WiltordFrance - Forward,139,5,2,1,-,-,https://www.uefa.com/uefaeuro/history/seasons/2000/statistics/players/
193,GabrielCzechia - Defender,136,2,-,-,-,-,https://www.uefa.com/uefaeuro/history/seasons/2000/statistics/players/
193,LinkeGermany - Defender,136,2,-,-,-,-,https://www.uefa.com/uefaeuro/history/seasons/2000/statistics/players/
195,GovedaricaSerbia - Midfielder,135,3,1,1,-,-,https://www.uefa.com/uefaeuro/history/seasons/2000/statistics/players/
196,RehmerGermany - Defender,134,2,-,-,-,-,https://www.uefa.com/uefaeuro/history/seasons/2000/statistics/players/
196,FukalCzechia - Defender,134,2,-,-,-,-,https://www.uefa.com/uefaeuro/history/seasons/2000/statistics/players/
196,LucicSweden - Defender,134,2,-,-,-,-,https://www.uefa.com/uefaeuro/history/seasons/2000/statistics/players/
199,NilisBelgium,132,3,-,-,-,-,https://www.uefa.com/uefaeuro/history/seasons/2000/statistics/players/
200,BejblCzechia - Midfielder,131,3,-,-,-,-,https://www.uefa.com/uefaeuro/history/seasons/2000/statistics/players/
201,HeggemNorway - Midfielder,125,2,-,-,-,-,https://www.uefa.com/uefaeuro/history/seasons/2000/statistics/players/
202,DelvecchioItaly - Forward,122,3,1,-,-,-,https://www.uefa.com/uefaeuro/history/seasons/2000/statistics/players/
203,AmbrosiniItaly - Midfielder,121,3,-,-,-,-,https://www.uefa.com/uefaeuro/history/seasons/2000/statistics/players/
203,Ümit DavalaTürkiye,121,2,-,-,-,-,https://www.uefa.com/uefaeuro/history/seasons/2000/statistics/players/
205,Sergen YalçınTürkiye,119,3,-,1,-,-,https://www.uefa.com/uefaeuro/history/seasons/2000/statistics/players/
206,MunitisSpain - Forward,117,2,1,1,-,-,https://www.uefa.com/uefaeuro/history/seasons/2000/statistics/players/
207,WesterveldNetherlands - Goalkeeper,116,3,-,1,-,-,https://www.uefa.com/uefaeuro/history/seasons/2000/statistics/players/
207,PetreRomania - Midfielder,116,2,-,-,-,-,https://www.uefa.com/uefaeuro/history/seasons/2000/statistics/players/
207,Paulo SousaPortugal,116,2,-,-,-,-,https://www.uefa.com/uefaeuro/history/seasons/2000/statistics/players/
210,NielsenDenmark - Midfielder,113,2,-,-,-,-,https://www.uefa.com/uefaeuro/history/seasons/2000/statistics/players/
211,StankovićSerbia - Midfielder,112,2,-,-,-,-,https://www.uefa.com/uefaeuro/history/seasons/2000/statistics/players/
211,KnavsSlovenia - Defender,112,2,-,-,-,-,https://www.uefa.com/uefaeuro/history/seasons/2000/statistics/players/
213,OsmanovskiSweden - Forward,110,2,-,-,-,-,https://www.uefa.com/uefaeuro/history/seasons/2000/statistics/players/
213,UdovičSlovenia - Forward,110,2,-,-,-,-,https://www.uefa.com/uefaeuro/history/seasons/2000/statistics/players/
215,TrezeguetFrance - Forward,105,3,2,1,-,-,https://www.uefa.com/uefaeuro/history/seasons/2000/statistics/players/
215,PenbeTürkiye - Defender,105,3,-,-,-,-,https://www.uefa.com/uefaeuro/history/seasons/2000/statistics/players/
215,KontermanNetherlands - Defender,105,2,-,-,-,-,https://www.uefa.com/uefaeuro/history/seasons/2000/statistics/players/
218,AnderssonSweden,104,2,-,-,-,-,https://www.uefa.com/uefaeuro/history/seasons/2000/statistics/players/
219,HässlerGermany - Midfielder,103,2,-,-,-,-,https://www.uefa.com/uefaeuro/history/seasons/2000/statistics/players/
220,BodeGermany - Forward,102,2,-,-,-,-,https://www.uefa.com/uefaeuro/history/seasons/2000/statistics/players/
221,CarewNorway - Forward,99,3,-,-,-,-,https://www.uefa.com/uefaeuro/history/seasons/2000/statistics/players/
222,HelvegDenmark - Defender,98,2,-,-,-,-,https://www.uefa.com/uefaeuro/history/seasons/2000/statistics/players/
223,PirèsFrance - Midfielder,97,3,-,1,-,-,https://www.uefa.com/uefaeuro/history/seasons/2000/statistics/players/
224,BetoPortugal,95,2,-,-,-,-,https://www.uefa.com/uefaeuro/history/seasons/2000/statistics/players/
225,CapuchoPortugal - Forward,94,3,-,1,-,-,https://www.uefa.com/uefaeuro/history/seasons/2000/statistics/players/
225,MontellaItaly,94,2,-,1,-,-,https://www.uefa.com/uefaeuro/history/seasons/2000/statistics/players/
225,FranSpain - Midfielder,94,2,-,-,-,-,https://www.uefa.com/uefaeuro/history/seasons/2000/statistics/players/
225,PetterssonSweden - Forward,94,2,-,-,-,-,https://www.uefa.com/uefaeuro/history/seasons/2000/statistics/players/
229,Rui JorgePortugal - Defender,91,2,-,-,-,-,https://www.uefa.com/uefaeuro/history/seasons/2000/statistics/players/
229,KirstenGermany - Forward,91,2,-,-,-,-,https://www.uefa.com/uefaeuro/history/seasons/2000/statistics/players/
231,MicoudFrance - Midfielder,90,1,-,1,-,-,https://www.uefa.com/uefaeuro/history/seasons/2000/statistics/players/
231,FerraraItaly - Defender,90,1,-,-,-,-,https://www.uefa.com/uefaeuro/history/seasons/2000/statistics/players/
231,BergerCzechia - Midfielder,90,1,-,-,-,-,https://www.uefa.com/uefaeuro/history/seasons/2000/statistics/players/
231,Pedro EspinhaPortugal - Goalkeeper,90,1,-,-,-,-,https://www.uefa.com/uefaeuro/history/seasons/2000/statistics/players/
231,MolinaSpain - Goalkeeper,90,1,-,-,-,-,https://www.uefa.com/uefaeuro/history/seasons/2000/statistics/players/
231,BierhoffGermany - Forward,90,1,-,-,-,-,https://www.uefa.com/uefaeuro/history/seasons/2000/statistics/players/
231,MartynEngland - Goalkeeper,90,1,-,-,-,-,https://www.uefa.com/uefaeuro/history/seasons/2000/statistics/players/
231,GoldbækDenmark - Midfielder,90,1,-,-,-,-,https://www.uefa.com/uefaeuro/history/seasons/2000/statistics/players/
231,SecretárioPortugal - Defender,90,1,-,-,-,-,https://www.uefa.com/uefaeuro/history/seasons/2000/statistics/players/
231,I DudićSerbia - Defender,90,1,-,-,-,-,https://www.uefa.com/uefaeuro/history/seasons/2000/statistics/players/
231,LeboeufFrance - Defender,90,1,-,-,-,-,https://www.uefa.com/uefaeuro/history/seasons/2000/statistics/players/
231,SolbakkenNorway,90,1,-,-,-,-,https://www.uefa.com/uefaeuro/history/seasons/2000/statistics/players/
231,Sergi BarjuánSpain - Defender,90,1,-,-,-,-,https://www.uefa.com/uefaeuro/history/seasons/2000/statistics/players/
231,KarembeuFrance,90,1,-,-,-,-,https://www.uefa.com/uefaeuro/history/seasons/2000/statistics/players/
231,LamaFrance - Goalkeeper,90,1,-,-,-,-,https://www.uefa.com/uefaeuro/history/seasons/2000/statistics/players/
231,SundgrenSweden - Defender,90,1,-,-,-,-,https://www.uefa.com/uefaeuro/history/seasons/2000/statistics/players/
231,NegroItaly - Defender,90,1,-,-,-,-,https://www.uefa.com/uefaeuro/history/seasons/2000/statistics/players/
248,ŠiljakSlovenia - Forward,86,1,-,-,-,-,https://www.uefa.com/uefaeuro/history/seasons/2000/statistics/players/
249,GravesenDenmark - Midfielder,85,2,-,-,-,-,https://www.uefa.com/uefaeuro/history/seasons/2000/statistics/players/
249,BeckDenmark - Forward,85,2,-,-,-,-,https://www.uefa.com/uefaeuro/history/seasons/2000/statistics/players/
251,Tugay KerimoğluTürkiye - Midfielder,82,3,-,-,-,-,https://www.uefa.com/uefaeuro/history/seasons/2000/statistics/players/
251,AdamsEngland,82,1,-,-,-,-,https://www.uefa.com/uefaeuro/history/seasons/2000/statistics/players/
253,HendrikxBelgium - Midfielder,75,2,-,-,-,-,https://www.uefa.com/uefaeuro/history/seasons/2000/statistics/players/
253,GustafssonSweden - Defender,75,1,-,-,-,-,https://www.uefa.com/uefaeuro/history/seasons/2000/statistics/players/
255,StankovićSerbia,74,2,-,-,-,-,https://www.uefa.com/uefaeuro/history/seasons/2000/statistics/players/
256,I GaneaRomania - Forward,73,3,1,-,-,-,https://www.uefa.com/uefaeuro/history/seasons/2000/statistics/players/
257,LéonardBelgium - Defender,72,1,-,-,-,-,https://www.uefa.com/uefaeuro/history/seasons/2000/statistics/players/
258,Di LivioItaly - Midfielder,71,2,-,-,-,-,https://www.uefa.com/uefaeuro/history/seasons/2000/statistics/players/
259,LátalCzechia - Midfielder,70,1,-,-,-,-,https://www.uefa.com/uefaeuro/history/seasons/2000/statistics/players/
260,HeskeyEngland - Forward,68,2,-,-,-,-,https://www.uefa.com/uefaeuro/history/seasons/2000/statistics/players/
261,PauletaPortugal - Forward,67,1,-,1,-,-,https://www.uefa.com/uefaeuro/history/seasons/2000/statistics/players/
262,R. de BoerNetherlands,65,3,1,1,-,-,https://www.uefa.com/uefaeuro/history/seasons/2000/statistics/players/
263,BallackGermany - Midfielder,64,2,-,-,-,-,https://www.uefa.com/uefaeuro/history/seasons/2000/statistics/players/
263,SvenssonSweden - Midfielder,64,2,-,-,-,-,https://www.uefa.com/uefaeuro/history/seasons/2000/statistics/players/
265,SeedorfNetherlands,61,2,-,-,-,-,https://www.uefa.com/uefaeuro/history/seasons/2000/statistics/players/
266,OstercSlovenia - Forward,60,3,-,-,-,-,https://www.uefa.com/uefaeuro/history/seasons/2000/statistics/players/
266,MakaayNetherlands,60,2,-,-,-,-,https://www.uefa.com/uefaeuro/history/seasons/2000/statistics/players/
268,BergNorway,59,1,-,-,-,-,https://www.uefa.com/uefaeuro/history/seasons/2000/statistics/players/
269,McManamanEngland - Midfielder,58,1,1,-,-,-,https://www.uefa.com/uefaeuro/history/seasons/2000/statistics/players/
269,İzzetTürkiye - Midfielder,58,1,-,-,-,-,https://www.uefa.com/uefaeuro/history/seasons/2000/statistics/players/
271,JankulovskiCzechia - Defender,56,2,-,-,-,-,https://www.uefa.com/uefaeuro/history/seasons/2000/statistics/players/
272,LokvencCzechia - Forward,53,3,-,-,-,-,https://www.uefa.com/uefaeuro/history/seasons/2000/statistics/players/
273,KovačevićSerbia - Forward,52,1,-,-,-,-,https://www.uefa.com/uefaeuro/history/seasons/2000/statistics/players/
274,NilssonSweden - Defender,46,1,-,-,-,-,https://www.uefa.com/uefaeuro/history/seasons/2000/statistics/players/
275,AčimovičSlovenia - Midfielder,41,3,-,-,-,-,https://www.uefa.com/uefaeuro/history/seasons/2000/statistics/players/
276,RoşuRomania - Midfielder,34,2,-,-,-,-,https://www.uefa.com/uefaeuro/history/seasons/2000/statistics/players/
276,BarmbyEngland - Midfielder,34,2,-,-,-,-,https://www.uefa.com/uefaeuro/history/seasons/2000/statistics/players/
278,GerrardEngland,29,1,-,-,-,-,https://www.uefa.com/uefaeuro/history/seasons/2000/statistics/players/
279,Oktay DerelioğluTürkiye - Forward,28,1,-,-,-,-,https://www.uefa.com/uefaeuro/history/seasons/2000/statistics/players/
280,WinterNetherlands,27,3,-,-,-,-,https://www.uefa.com/uefaeuro/history/seasons/2000/statistics/players/
280,LupescuRomania - Defender,27,2,-,-,-,-,https://www.uefa.com/uefaeuro/history/seasons/2000/statistics/players/
280,Anders AnderssonSweden - Midfielder,27,1,-,-,-,-,https://www.uefa.com/uefaeuro/history/seasons/2000/statistics/players/
283,KukaCzechia - Forward,23,2,-,-,-,-,https://www.uefa.com/uefaeuro/history/seasons/2000/statistics/players/
283,Mbo MpenzaBelgium - Forward,23,1,-,-,-,-,https://www.uefa.com/uefaeuro/history/seasons/2000/statistics/players/
285,StrandNorway - Midfielder,22,2,-,-,-,-,https://www.uefa.com/uefaeuro/history/seasons/2000/statistics/players/
286,KovačevićSerbia - Forward,20,1,-,-,-,-,https://www.uefa.com/uefaeuro/history/seasons/2000/statistics/players/
287,JørgensenDenmark - Midfielder,18,1,-,-,-,-,https://www.uefa.com/uefaeuro/history/seasons/2000/statistics/players/
288,MolnarDenmark,16,1,-,-,-,-,https://www.uefa.com/uefaeuro/history/seasons/2000/statistics/players/
288,PavlovičSlovenia - Midfielder,16,1,-,-,-,-,https://www.uefa.com/uefaeuro/history/seasons/2000/statistics/players/
290,Van VossenNetherlands - Forward,14,2,-,-,-,-,https://www.uefa.com/uefaeuro/history/seasons/2000/statistics/players/
291,GerardSpain - Midfielder,13,1,-,-,-,-,https://www.uefa.com/uefaeuro/history/seasons/2000/statistics/players/
292,De BildeBelgium - Forward,11,1,-,-,-,-,https://www.uefa.com/uefaeuro/history/seasons/2000/statistics/players/
293,KežmanSerbia - Forward,9,2,-,-,-,-,https://www.uefa.com/uefaeuro/history/seasons/2000/statistics/players/
293,SouthgateEngland - Defender,9,1,-,-,-,-,https://www.uefa.com/uefaeuro/history/seasons/2000/statistics/players/
295,NadjSerbia,6,1,-,-,-,-,https://www.uefa.com/uefaeuro/history/seasons/2000/statistics/players/
296,ÖzköylüTürkiye - Defender,3,1,-,-,-,-,https://www.uefa.com/uefaeuro/history/seasons/2000/statistics/players/
297,Jacky PeetersBelgium - Defender,2,1,-,-,-,-,https://www.uefa.com/uefaeuro/history/seasons/2000/statistics/players/
298,EngongaSpain - Midfielder,1,1,-,-,-,-,https://www.uefa.com/uefaeuro/history/seasons/2000/statistics/players/
298,RisethNorway - Defender,1,1,-,-,-,-,https://www.uefa.com/uefaeuro/history/seasons/2000/statistics/players/
298,QuimPortugal - Goalkeeper,1,1,-,-,-,-,https://www.uefa.com/uefaeuro/history/seasons/2000/statistics/players/
301,PruneaRomania - Goalkeeper,0,-,-,-,-,-,https://www.uefa.com/uefaeuro/history/seasons/2000/statistics/players/
301,GomaFrance - Defender,-,-,-,-,-,-,https://www.uefa.com/uefaeuro/history/seasons/2000/statistics/players/
303,CicovićSerbia - Goalkeeper,0,-,-,-,-,-,https://www.uefa.com/uefaeuro/history/seasons/2000/statistics/players/
303,SimeunovičSlovenia - Goalkeeper,0,-,-,-,-,-,https://www.uefa.com/uefaeuro/history/seasons/2000/statistics/players/
303,D. AnderssonSweden - Goalkeeper,0,-,-,-,-,-,https://www.uefa.com/uefaeuro/history/seasons/2000/statistics/players/
303,PhillipsEngland - Forward,0,-,-,-,-,-,https://www.uefa.com/uefaeuro/history/seasons/2000/statistics/players/
303,AsperSweden - Goalkeeper,0,-,-,-,-,-,https://www.uefa.com/uefaeuro/history/seasons/2000/statistics/players/
303,VelascoSpain - Defender,0,-,-,-,-,-,https://www.uefa.com/uefaeuro/history/seasons/2000/statistics/players/
303,de GoeyNetherlands - Goalkeeper,0,-,-,-,-,-,https://www.uefa.com/uefaeuro/history/seasons/2000/statistics/players/
303,IsteničSlovenia - Midfielder,0,-,-,-,-,-,https://www.uefa.com/uefaeuro/history/seasons/2000/statistics/players/
303,WoszGermany - Midfielder,0,-,-,-,-,-,https://www.uefa.com/uefaeuro/history/seasons/2000/statistics/players/
303,AbbiatiItaly,0,-,-,-,-,-,https://www.uefa.com/uefaeuro/history/seasons/2000/statistics/players/
303,BarryEngland - Midfielder,0,-,-,-,-,-,https://www.uefa.com/uefaeuro/history/seasons/2000/statistics/players/
303,LehmannGermany,0,-,-,-,-,-,https://www.uefa.com/uefaeuro/history/seasons/2000/statistics/players/
303,Ömer ÇatkıçTürkiye - Goalkeeper,0,-,-,-,-,-,https://www.uefa.com/uefaeuro/history/seasons/2000/statistics/players/
303,AntonioliItaly - Goalkeeper,0,-,-,-,-,-,https://www.uefa.com/uefaeuro/history/seasons/2000/statistics/players/
303,RaméFrance - Goalkeeper,0,-,-,-,-,-,https://www.uefa.com/uefaeuro/history/seasons/2000/statistics/players/
303,BunjevčevićSerbia - Defender,0,-,-,-,-,-,https://www.uefa.com/uefaeuro/history/seasons/2000/statistics/players/
303,ButtGermany - Goalkeeper,0,-,-,-,-,-,https://www.uefa.com/uefaeuro/history/seasons/2000/statistics/players/
303,ClementBelgium,0,-,-,-,-,-,https://www.uefa.com/uefaeuro/history/seasons/2000/statistics/players/
303,LaursenDenmark - Defender,0,-,-,-,-,-,https://www.uefa.com/uefaeuro/history/seasons/2000/statistics/players/
303,CasillasSpain - Goalkeeper,0,-,-,-,-,-,https://www.uefa.com/uefaeuro/history/seasons/2000/statistics/players/
303,John Arne RiiseNorway - Defender,0,-,-,-,-,-,https://www.uefa.com/uefaeuro/history/seasons/2000/statistics/players/
303,WalemBelgium,0,-,-,-,-,-,https://www.uefa.com/uefaeuro/history/seasons/2000/statistics/players/
303,De VliegerBelgium - Goalkeeper,0,-,-,-,-,-,https://www.uefa.com/uefaeuro/history/seasons/2000/statistics/players/
303,RobertFrance - Midfielder,-,-,-,-,-,-,https://www.uefa.com/uefaeuro/history/seasons/2000/statistics/players/
327,LaursenDenmark - Defender,0,-,-,-,-,-,https://www.uefa.com/uefaeuro/history/seasons/2000/statistics/players/
327,HîldanRomania - Midfielder,0,-,-,-,-,-,https://www.uefa.com/uefaeuro/history/seasons/2000/statistics/players/
327,MaierCzechia - Goalkeeper,0,-,-,-,-,-,https://www.uefa.com/uefaeuro/history/seasons/2000/statistics/players/
327,LobonţRomania - Goalkeeper,0,-,-,-,-,-,https://www.uefa.com/uefaeuro/history/seasons/2000/statistics/players/
327,BakkeNorway - Goalkeeper,0,-,-,-,-,-,https://www.uefa.com/uefaeuro/history/seasons/2000/statistics/players/
327,KoraćSerbia - Goalkeeper,0,-,-,-,-,-,https://www.uefa.com/uefaeuro/history/seasons/2000/statistics/players/
327,VlčekCzechia - Defender,0,-,-,-,-,-,https://www.uefa.com/uefaeuro/history/seasons/2000/statistics/players/
327,Andreas AnderssonSweden - Forward,0,-,-,-,-,-,https://www.uefa.com/uefaeuro/history/seasons/2000/statistics/players/
327,LincarRomania - Midfielder,0,-,-,-,-,-,https://www.uefa.com/uefaeuro/history/seasons/2000/statistics/players/
327,DhorasooFrance - Midfielder,-,-,-,-,-,-,https://www.uefa.com/uefaeuro/history/seasons/2000/statistics/players/
327,LetiziFrance,-,-,-,-,-,-,https://www.uefa.com/uefaeuro/history/seasons/2000/statistics/players/
338,Van MeirBelgium - Defender,0,-,-,-,-,-,https://www.uefa.com/uefaeuro/history/seasons/2000/statistics/players/
338,WrightEngland,0,-,-,-,-,-,https://www.uefa.com/uefaeuro/history/seasons/2000/statistics/players/
338,NemecSlovenia - Goalkeeper,0,-,-,-,-,-,https://www.uefa.com/uefaeuro/history/seasons/2000/statistics/players/
338,ŽlogarSlovenia - Midfielder,0,-,-,-,-,-,https://www.uefa.com/uefaeuro/history/seasons/2000/statistics/players/
338,BulajičSlovenia - Defender,0,-,-,-,-,-,https://www.uefa.com/uefaeuro/history/seasons/2000/statistics/players/
338,HøghDenmark - Defender,0,-,-,-,-,-,https://www.uefa.com/uefaeuro/history/seasons/2000/statistics/players/
338,DéhuFrance - Defender,-,-,-,-,-,-,https://www.uefa.com/uefaeuro/history/seasons/2000/statistics/players/
338,PoratoFrance - Goalkeeper,-,-,-,-,-,-,https://www.uefa.com/uefaeuro/history/seasons/2000/statistics/players/
346,SørensenDenmark - Goalkeeper,0,-,-,-,-,-,https://www.uefa.com/uefaeuro/history/seasons/2000/statistics/players/
346,Ayhan AkmanTürkiye - Midfielder,0,-,-,-,-,-,https://www.uefa.com/uefaeuro/history/seasons/2000/statistics/players/
346,Fevzi TuncayTürkiye - Goalkeeper,0,-,-,-,-,-,https://www.uefa.com/uefaeuro/history/seasons/2000/statistics/players/
346,NovotnýCzechia - Defender,0,-,-,-,-,-,https://www.uefa.com/uefaeuro/history/seasons/2000/statistics/players/
346,Trond AndersenNorway - Defender,0,-,-,-,-,-,https://www.uefa.com/uefaeuro/history/seasons/2000/statistics/players/
346,HorváthCzechia,0,-,-,-,-,-,https://www.uefa.com/uefaeuro/history/seasons/2000/statistics/players/
346,VairellesFrance - Forward,-,-,-,-,-,-,https://www.uefa.com/uefaeuro/history/seasons/2000/statistics/players/
353,KihlstedtSweden - Goalkeeper,0,-,-,-,-,-,https://www.uefa.com/uefaeuro/history/seasons/2000/statistics/players/
353,LaslandesFrance - Forward,-,-,-,-,-,-,https://www.uefa.com/uefaeuro/history/seasons/2000/statistics/players/
355,HerpoelBelgium - Goalkeeper,0,-,-,-,-,-,https://www.uefa.com/uefaeuro/history/seasons/2000/statistics/players/
355,GajserSlovenia,0,-,-,-,-,-,https://www.uefa.com/uefaeuro/history/seasons/2000/statistics/players/
355,BoghossianFrance - Midfielder,-,-,-,-,-,-,https://www.uefa.com/uefaeuro/history/seasons/2000/statistics/players/
358,AllbäckSweden - Forward,0,-,-,-,-,-,https://www.uefa.com/uefaeuro/history/seasons/2000/statistics/players/
358,FowlerEngland - Forward,0,-,-,-,-,-,https://www.uefa.com/uefaeuro/history/seasons/2000/statistics/players/
358,RamelowGermany - Midfielder,0,-,-,-,-,-,https://www.uefa.com/uefaeuro/history/seasons/2000/statistics/players/
358,Van HooijdonkNetherlands - Forward,0,-,-,-,-,-,https://www.uefa.com/uefaeuro/history/seasons/2000/statistics/players/
358,OlsenNorway - Goalkeeper,0,-,-,-,-,-,https://www.uefa.com/uefaeuro/history/seasons/2000/statistics/players/
358,RekdalNorway,0,-,-,-,-,-,https://www.uefa.com/uefaeuro/history/seasons/2000/statistics/players/
358,KjærDenmark - Goalkeeper,0,-,-,-,-,-,https://www.uefa.com/uefaeuro/history/seasons/2000/statistics/players/
358,BlažekCzechia - Goalkeeper,0,-,-,-,-,-,https://www.uefa.com/uefaeuro/history/seasons/2000/statistics/players/
