rank,identifier,goals,goals_scored_with_right,goals_scored_with_left,goals_scored_head,goals_scored_other,goals_scored_inside_penalty_area,goals_scored_outside_penalty_area,penalty_scored,matches_appearance,url
01,VillaSpain - Forward,4,-,-,-,-,-,-,-,4,https://www.uefa.com/uefaeuro/history/seasons/2008/statistics/players/goals/
02,Hakan YakinSwitzerland - Forward,3,2,-,-,-,3,-,1,3,https://www.uefa.com/uefaeuro/history/seasons/2008/statistics/players/goals/
02,Semih ŞentürkTürkiye - Forward,3,1,-,1,-,1,-,-,5,https://www.uefa.com/uefaeuro/history/seasons/2008/statistics/players/goals/
02,PodolskiGermany - Forward,3,-,-,-,-,-,-,-,6,https://www.uefa.com/uefaeuro/history/seasons/2008/statistics/players/goals/
02,PavlyuchenkoRussia - Forward,3,-,-,-,-,-,-,-,5,https://www.uefa.com/uefaeuro/history/seasons/2008/statistics/players/goals/
06,Arda TuranTürkiye - Midfielder,2,1,1,-,-,-,1,-,3,https://www.uefa.com/uefaeuro/history/seasons/2008/statistics/players/goals/
06,KlasnićCroatia - Forward,2,1,1,-,-,-,1,-,2,https://www.uefa.com/uefaeuro/history/seasons/2008/statistics/players/goals/
06,KloseGermany - Forward,2,1,-,1,-,1,-,-,6,https://www.uefa.com/uefaeuro/history/seasons/2008/statistics/players/goals/
06,BallackGermany - Midfielder,2,1,-,1,-,1,-,-,6,https://www.uefa.com/uefaeuro/history/seasons/2008/statistics/players/goals/
06,SchweinsteigerGermany - Midfielder,2,1,-,-,-,1,-,-,5,https://www.uefa.com/uefaeuro/history/seasons/2008/statistics/players/goals/
06,TorresSpain,2,-,-,-,-,-,-,-,5,https://www.uefa.com/uefaeuro/history/seasons/2008/statistics/players/goals/
06,GüizaSpain - Forward,2,-,-,-,-,-,-,-,4,https://www.uefa.com/uefaeuro/history/seasons/2008/statistics/players/goals/
06,Van PersieNetherlands,2,-,-,-,-,-,-,-,4,https://www.uefa.com/uefaeuro/history/seasons/2008/statistics/players/goals/
06,Nihat KahveciTürkiye - Forward,2,-,-,-,-,-,-,-,4,https://www.uefa.com/uefaeuro/history/seasons/2008/statistics/players/goals/
06,IbrahimovićSweden - Forward,2,-,-,-,-,-,-,-,3,https://www.uefa.com/uefaeuro/history/seasons/2008/statistics/players/goals/
06,SneijderNetherlands - Midfielder,2,-,-,-,-,-,-,-,3,https://www.uefa.com/uefaeuro/history/seasons/2008/statistics/players/goals/
06,ArshavinRussia - Midfielder,2,-,-,-,-,-,-,-,3,https://www.uefa.com/uefaeuro/history/seasons/2008/statistics/players/goals/
06,Van NistelrooyNetherlands,2,-,-,-,-,-,-,-,3,https://www.uefa.com/uefaeuro/history/seasons/2008/statistics/players/goals/
19,Nuno GomesPortugal,1,1,1,-,-,1,-,-,3,https://www.uefa.com/uefaeuro/history/seasons/2008/statistics/players/goals/
19,Hélder PostigaPortugal - Forward,1,1,-,1,-,1,-,-,2,https://www.uefa.com/uefaeuro/history/seasons/2008/statistics/players/goals/
19,SvěrkošCzechia - Forward,1,1,-,-,-,1,-,-,1,https://www.uefa.com/uefaeuro/history/seasons/2008/statistics/players/goals/
19,ModrićCroatia - Midfielder,1,-,-,-,-,-,-,1,3,https://www.uefa.com/uefaeuro/history/seasons/2008/statistics/players/goals/
19,PirloItaly - Midfielder,1,-,-,-,-,-,-,1,3,https://www.uefa.com/uefaeuro/history/seasons/2008/statistics/players/goals/
19,VasticAustria - Forward,1,-,-,-,-,-,-,1,2,https://www.uefa.com/uefaeuro/history/seasons/2008/statistics/players/goals/
19,FàbregasSpain - Midfielder,1,-,-,-,-,-,-,-,6,https://www.uefa.com/uefaeuro/history/seasons/2008/statistics/players/goals/
19,LahmGermany - Defender,1,-,-,-,-,-,-,-,6,https://www.uefa.com/uefaeuro/history/seasons/2008/statistics/players/goals/
19,David SilvaSpain - Midfielder,1,-,-,-,-,-,-,-,5,https://www.uefa.com/uefaeuro/history/seasons/2008/statistics/players/goals/
19,ZyryanovRussia,1,-,-,-,-,-,-,-,5,https://www.uefa.com/uefaeuro/history/seasons/2008/statistics/players/goals/
19,Xavi HernándezSpain,1,-,-,-,-,-,-,-,5,https://www.uefa.com/uefaeuro/history/seasons/2008/statistics/players/goals/
19,PepePortugal - Defender,1,-,-,-,-,-,-,-,4,https://www.uefa.com/uefaeuro/history/seasons/2008/statistics/players/goals/
19,KuytNetherlands - Midfielder,1,-,-,-,-,-,-,-,4,https://www.uefa.com/uefaeuro/history/seasons/2008/statistics/players/goals/
19,PanucciItaly - Defender,1,-,-,-,-,-,-,-,4,https://www.uefa.com/uefaeuro/history/seasons/2008/statistics/players/goals/
19,TorbinskiRussia - Midfielder,1,-,-,-,-,-,-,-,3,https://www.uefa.com/uefaeuro/history/seasons/2008/statistics/players/goals/
19,RonaldoPortugal - Forward,1,-,-,-,-,-,-,-,3,https://www.uefa.com/uefaeuro/history/seasons/2008/statistics/players/goals/
19,De RossiItaly - Midfielder,1,-,-,-,-,-,-,-,3,https://www.uefa.com/uefaeuro/history/seasons/2008/statistics/players/goals/
19,DecoPortugal - Midfielder,1,-,-,-,-,-,-,-,3,https://www.uefa.com/uefaeuro/history/seasons/2008/statistics/players/goals/
19,PlašilCzechia - Midfielder,1,-,-,-,-,-,-,-,3,https://www.uefa.com/uefaeuro/history/seasons/2008/statistics/players/goals/
19,SrnaCroatia,1,-,-,-,-,-,-,-,3,https://www.uefa.com/uefaeuro/history/seasons/2008/statistics/players/goals/
19,CharisteasGreece - Forward,1,-,-,-,-,-,-,-,3,https://www.uefa.com/uefaeuro/history/seasons/2008/statistics/players/goals/
19,Pe. HanssonSweden - Defender,1,-,-,-,-,-,-,-,3,https://www.uefa.com/uefaeuro/history/seasons/2008/statistics/players/goals/
19,OlićCroatia - Forward,1,-,-,-,-,-,-,-,3,https://www.uefa.com/uefaeuro/history/seasons/2008/statistics/players/goals/
19,KollerCzechia - Forward,1,-,-,-,-,-,-,-,3,https://www.uefa.com/uefaeuro/history/seasons/2008/statistics/players/goals/
19,MutuRomania,1,-,-,-,-,-,-,-,3,https://www.uefa.com/uefaeuro/history/seasons/2008/statistics/players/goals/
19,SionkoCzechia - Midfielder,1,-,-,-,-,-,-,-,3,https://www.uefa.com/uefaeuro/history/seasons/2008/statistics/players/goals/
19,Raul MeirelesPortugal - Midfielder,1,-,-,-,-,-,-,-,3,https://www.uefa.com/uefaeuro/history/seasons/2008/statistics/players/goals/
19,Van BronckhorstNetherlands,1,-,-,-,-,-,-,-,3,https://www.uefa.com/uefaeuro/history/seasons/2008/statistics/players/goals/
19,GuerreiroPoland - Midfielder,1,-,-,-,-,-,-,-,3,https://www.uefa.com/uefaeuro/history/seasons/2008/statistics/players/goals/
19,Uğur BoralTürkiye - Midfielder,1,-,-,-,-,-,-,-,2,https://www.uefa.com/uefaeuro/history/seasons/2008/statistics/players/goals/
19,RobbenNetherlands - Midfielder,1,-,-,-,-,-,-,-,2,https://www.uefa.com/uefaeuro/history/seasons/2008/statistics/players/goals/
19,QuaresmaPortugal - Midfielder,1,-,-,-,-,-,-,-,2,https://www.uefa.com/uefaeuro/history/seasons/2008/statistics/players/goals/
19,HenryFrance - Forward,1,-,-,-,-,-,-,-,2,https://www.uefa.com/uefaeuro/history/seasons/2008/statistics/players/goals/
19,De la RedSpain - Midfielder,1,-,-,-,-,-,-,-,1,https://www.uefa.com/uefaeuro/history/seasons/2008/statistics/players/goals/
19,HuntelaarNetherlands - Forward,1,-,-,-,-,-,-,-,1,https://www.uefa.com/uefaeuro/history/seasons/2008/statistics/players/goals/
54,MertesackerGermany - Defender,-,-,-,-,-,-,-,-,6,https://www.uefa.com/uefaeuro/history/seasons/2008/statistics/players/goals/
54,IniestaSpain - Forward,-,-,-,-,-,-,-,-,6,https://www.uefa.com/uefaeuro/history/seasons/2008/statistics/players/goals/
54,MetzelderGermany - Defender,-,-,-,-,-,-,-,-,6,https://www.uefa.com/uefaeuro/history/seasons/2008/statistics/players/goals/
54,LehmannGermany,-,-,-,-,-,-,-,-,6,https://www.uefa.com/uefaeuro/history/seasons/2008/statistics/players/goals/
54,ZhirkovRussia - Midfielder,-,-,-,-,-,-,-,-,5,https://www.uefa.com/uefaeuro/history/seasons/2008/statistics/players/goals/
54,RamosSpain - Defender,-,-,-,-,-,-,-,-,5,https://www.uefa.com/uefaeuro/history/seasons/2008/statistics/players/goals/
54,JansenGermany - Defender,-,-,-,-,-,-,-,-,5,https://www.uefa.com/uefaeuro/history/seasons/2008/statistics/players/goals/
54,BilyaletdinovRussia - Midfielder,-,-,-,-,-,-,-,-,5,https://www.uefa.com/uefaeuro/history/seasons/2008/statistics/players/goals/
54,Santi CazorlaSpain - Midfielder,-,-,-,-,-,-,-,-,5,https://www.uefa.com/uefaeuro/history/seasons/2008/statistics/players/goals/
54,SennaSpain - Midfielder,-,-,-,-,-,-,-,-,5,https://www.uefa.com/uefaeuro/history/seasons/2008/statistics/players/goals/
54,AkinfeevRussia - Goalkeeper,-,-,-,-,-,-,-,-,5,https://www.uefa.com/uefaeuro/history/seasons/2008/statistics/players/goals/
54,Hakan BaltaTürkiye,-,-,-,-,-,-,-,-,5,https://www.uefa.com/uefaeuro/history/seasons/2008/statistics/players/goals/
54,Hamit AltıntopTürkiye - Midfielder,-,-,-,-,-,-,-,-,5,https://www.uefa.com/uefaeuro/history/seasons/2008/statistics/players/goals/
54,AnyukovRussia,-,-,-,-,-,-,-,-,5,https://www.uefa.com/uefaeuro/history/seasons/2008/statistics/players/goals/
54,MarchenaSpain - Defender,-,-,-,-,-,-,-,-,5,https://www.uefa.com/uefaeuro/history/seasons/2008/statistics/players/goals/
54,HitzlspergerGermany - Midfielder,-,-,-,-,-,-,-,-,5,https://www.uefa.com/uefaeuro/history/seasons/2008/statistics/players/goals/
54,SemshovRussia - Midfielder,-,-,-,-,-,-,-,-,5,https://www.uefa.com/uefaeuro/history/seasons/2008/statistics/players/goals/
54,CapdevilaSpain - Defender,-,-,-,-,-,-,-,-,5,https://www.uefa.com/uefaeuro/history/seasons/2008/statistics/players/goals/
54,PuyolSpain - Defender,-,-,-,-,-,-,-,-,5,https://www.uefa.com/uefaeuro/history/seasons/2008/statistics/players/goals/
54,FringsGermany - Midfielder,-,-,-,-,-,-,-,-,5,https://www.uefa.com/uefaeuro/history/seasons/2008/statistics/players/goals/
54,CasillasSpain - Goalkeeper,-,-,-,-,-,-,-,-,5,https://www.uefa.com/uefaeuro/history/seasons/2008/statistics/players/goals/
54,SemakRussia,-,-,-,-,-,-,-,-,5,https://www.uefa.com/uefaeuro/history/seasons/2008/statistics/players/goals/
54,Kazım-RichardsTürkiye - Forward,-,-,-,-,-,-,-,-,5,https://www.uefa.com/uefaeuro/history/seasons/2008/statistics/players/goals/
54,Mehmet AurélioTürkiye - Midfielder,-,-,-,-,-,-,-,-,4,https://www.uefa.com/uefaeuro/history/seasons/2008/statistics/players/goals/
54,SaenkoRussia - Forward,-,-,-,-,-,-,-,-,4,https://www.uefa.com/uefaeuro/history/seasons/2008/statistics/players/goals/
54,João MoutinhoPortugal - Midfielder,-,-,-,-,-,-,-,-,4,https://www.uefa.com/uefaeuro/history/seasons/2008/statistics/players/goals/
54,Netherlands,-,-,-,-,-,-,-,-,4,https://www.uefa.com/uefaeuro/history/seasons/2008/statistics/players/goals/
54,ĆorlukaCroatia - Defender,-,-,-,-,-,-,-,-,4,https://www.uefa.com/uefaeuro/history/seasons/2008/statistics/players/goals/
54,CamoranesiItaly - Midfielder,-,-,-,-,-,-,-,-,4,https://www.uefa.com/uefaeuro/history/seasons/2008/statistics/players/goals/
54,PranjićCroatia - Defender,-,-,-,-,-,-,-,-,4,https://www.uefa.com/uefaeuro/history/seasons/2008/statistics/players/goals/
54,KolodinRussia,-,-,-,-,-,-,-,-,4,https://www.uefa.com/uefaeuro/history/seasons/2008/statistics/players/goals/
54,GrossoItaly,-,-,-,-,-,-,-,-,4,https://www.uefa.com/uefaeuro/history/seasons/2008/statistics/players/goals/
54,EngelaarNetherlands - Midfielder,-,-,-,-,-,-,-,-,4,https://www.uefa.com/uefaeuro/history/seasons/2008/statistics/players/goals/
54,GomezGermany - Forward,-,-,-,-,-,-,-,-,4,https://www.uefa.com/uefaeuro/history/seasons/2008/statistics/players/goals/
54,ToniItaly - Forward,-,-,-,-,-,-,-,-,4,https://www.uefa.com/uefaeuro/history/seasons/2008/statistics/players/goals/
54,Tuncay ŞanlıTürkiye - Midfielder,-,-,-,-,-,-,-,-,4,https://www.uefa.com/uefaeuro/history/seasons/2008/statistics/players/goals/
54,KranjčarCroatia - Midfielder,-,-,-,-,-,-,-,-,4,https://www.uefa.com/uefaeuro/history/seasons/2008/statistics/players/goals/
54,FerreiraPortugal - Defender,-,-,-,-,-,-,-,-,4,https://www.uefa.com/uefaeuro/history/seasons/2008/statistics/players/goals/
54,FriedrichGermany - Defender,-,-,-,-,-,-,-,-,4,https://www.uefa.com/uefaeuro/history/seasons/2008/statistics/players/goals/
54,IgnashevichRussia,-,-,-,-,-,-,-,-,4,https://www.uefa.com/uefaeuro/history/seasons/2008/statistics/players/goals/
54,Xabi AlonsoSpain,-,-,-,-,-,-,-,-,4,https://www.uefa.com/uefaeuro/history/seasons/2008/statistics/players/goals/
54,Sabri SarıoğluTürkiye - Defender,-,-,-,-,-,-,-,-,4,https://www.uefa.com/uefaeuro/history/seasons/2008/statistics/players/goals/
54,PetrićCroatia - Forward,-,-,-,-,-,-,-,-,4,https://www.uefa.com/uefaeuro/history/seasons/2008/statistics/players/goals/
54,ZambrottaItaly - Defender,-,-,-,-,-,-,-,-,4,https://www.uefa.com/uefaeuro/history/seasons/2008/statistics/players/goals/
54,CassanoItaly - Forward,-,-,-,-,-,-,-,-,4,https://www.uefa.com/uefaeuro/history/seasons/2008/statistics/players/goals/
54,FritzGermany - Defender,-,-,-,-,-,-,-,-,4,https://www.uefa.com/uefaeuro/history/seasons/2008/statistics/players/goals/
54,RicardoPortugal - Goalkeeper,-,-,-,-,-,-,-,-,4,https://www.uefa.com/uefaeuro/history/seasons/2008/statistics/players/goals/
54,AmbrosiniItaly - Midfielder,-,-,-,-,-,-,-,-,4,https://www.uefa.com/uefaeuro/history/seasons/2008/statistics/players/goals/
54,BuffonItaly - Goalkeeper,-,-,-,-,-,-,-,-,4,https://www.uefa.com/uefaeuro/history/seasons/2008/statistics/players/goals/
54,Emre AşıkTürkiye - Defender,-,-,-,-,-,-,-,-,4,https://www.uefa.com/uefaeuro/history/seasons/2008/statistics/players/goals/
54,Mehmet TopalTürkiye - Midfielder,-,-,-,-,-,-,-,-,4,https://www.uefa.com/uefaeuro/history/seasons/2008/statistics/players/goals/
54,RakitićCroatia - Midfielder,-,-,-,-,-,-,-,-,3,https://www.uefa.com/uefaeuro/history/seasons/2008/statistics/players/goals/
54,RibéryFrance - Midfielder,-,-,-,-,-,-,-,-,3,https://www.uefa.com/uefaeuro/history/seasons/2008/statistics/players/goals/
54,CocişRomania - Midfielder,-,-,-,-,-,-,-,-,3,https://www.uefa.com/uefaeuro/history/seasons/2008/statistics/players/goals/
54,FernandesSwitzerland - Midfielder,-,-,-,-,-,-,-,-,3,https://www.uefa.com/uefaeuro/history/seasons/2008/statistics/players/goals/
54,NicoliţăRomania - Midfielder,-,-,-,-,-,-,-,-,3,https://www.uefa.com/uefaeuro/history/seasons/2008/statistics/players/goals/
54,AfellayNetherlands,-,-,-,-,-,-,-,-,3,https://www.uefa.com/uefaeuro/history/seasons/2008/statistics/players/goals/
54,KienastAustria - Forward,-,-,-,-,-,-,-,-,3,https://www.uefa.com/uefaeuro/history/seasons/2008/statistics/players/goals/
54,BehramiSwitzerland - Midfielder,-,-,-,-,-,-,-,-,3,https://www.uefa.com/uefaeuro/history/seasons/2008/statistics/players/goals/
54,Gökhan ZanTürkiye - Defender,-,-,-,-,-,-,-,-,3,https://www.uefa.com/uefaeuro/history/seasons/2008/statistics/players/goals/
54,Servet ÇetinTürkiye,-,-,-,-,-,-,-,-,3,https://www.uefa.com/uefaeuro/history/seasons/2008/statistics/players/goals/
54,Volkan DemirelTürkiye - Goalkeeper,-,-,-,-,-,-,-,-,3,https://www.uefa.com/uefaeuro/history/seasons/2008/statistics/players/goals/
54,D.NiculaeRomania - Forward,-,-,-,-,-,-,-,-,3,https://www.uefa.com/uefaeuro/history/seasons/2008/statistics/players/goals/
54,KneževićCroatia - Defender,-,-,-,-,-,-,-,-,3,https://www.uefa.com/uefaeuro/history/seasons/2008/statistics/players/goals/
54,VonlanthenSwitzerland - Forward,-,-,-,-,-,-,-,-,3,https://www.uefa.com/uefaeuro/history/seasons/2008/statistics/players/goals/
54,BarnettaSwitzerland - Midfielder,-,-,-,-,-,-,-,-,3,https://www.uefa.com/uefaeuro/history/seasons/2008/statistics/players/goals/
54,ToulalanFrance - Midfielder,-,-,-,-,-,-,-,-,3,https://www.uefa.com/uefaeuro/history/seasons/2008/statistics/players/goals/
54,OoijerNetherlands,-,-,-,-,-,-,-,-,3,https://www.uefa.com/uefaeuro/history/seasons/2008/statistics/players/goals/
54,N. De JongNetherlands - Midfielder,-,-,-,-,-,-,-,-,3,https://www.uefa.com/uefaeuro/history/seasons/2008/statistics/players/goals/
54,DicăRomania,-,-,-,-,-,-,-,-,3,https://www.uefa.com/uefaeuro/history/seasons/2008/statistics/players/goals/
54,ChielliniItaly - Defender,-,-,-,-,-,-,-,-,3,https://www.uefa.com/uefaeuro/history/seasons/2008/statistics/players/goals/
54,KuranyiGermany - Forward,-,-,-,-,-,-,-,-,3,https://www.uefa.com/uefaeuro/history/seasons/2008/statistics/players/goals/
54,StoorSweden - Defender,-,-,-,-,-,-,-,-,3,https://www.uefa.com/uefaeuro/history/seasons/2008/statistics/players/goals/
54,SäumelAustria - Midfielder,-,-,-,-,-,-,-,-,3,https://www.uefa.com/uefaeuro/history/seasons/2008/statistics/players/goals/
54,SenderosSwitzerland - Defender,-,-,-,-,-,-,-,-,3,https://www.uefa.com/uefaeuro/history/seasons/2008/statistics/players/goals/
54,LichtsteinerSwitzerland,-,-,-,-,-,-,-,-,3,https://www.uefa.com/uefaeuro/history/seasons/2008/statistics/players/goals/
54,PetitPortugal - Midfielder,-,-,-,-,-,-,-,-,3,https://www.uefa.com/uefaeuro/history/seasons/2008/statistics/players/goals/
54,NilssonSweden - Midfielder,-,-,-,-,-,-,-,-,3,https://www.uefa.com/uefaeuro/history/seasons/2008/statistics/players/goals/
54,AmanatidisGreece,-,-,-,-,-,-,-,-,3,https://www.uefa.com/uefaeuro/history/seasons/2008/statistics/players/goals/
54,DudkaPoland,-,-,-,-,-,-,-,-,3,https://www.uefa.com/uefaeuro/history/seasons/2008/statistics/players/goals/
54,KrzynówekPoland - Midfielder,-,-,-,-,-,-,-,-,3,https://www.uefa.com/uefaeuro/history/seasons/2008/statistics/players/goals/
54,IvanschitzAustria - Midfielder,-,-,-,-,-,-,-,-,3,https://www.uefa.com/uefaeuro/history/seasons/2008/statistics/players/goals/
54,TamaşRomania - Defender,-,-,-,-,-,-,-,-,3,https://www.uefa.com/uefaeuro/history/seasons/2008/statistics/players/goals/
54,SychevRussia - Forward,-,-,-,-,-,-,-,-,3,https://www.uefa.com/uefaeuro/history/seasons/2008/statistics/players/goals/
54,RozehnalCzechia - Defender,-,-,-,-,-,-,-,-,3,https://www.uefa.com/uefaeuro/history/seasons/2008/statistics/players/goals/
54,ŠimunićCroatia - Defender,-,-,-,-,-,-,-,-,3,https://www.uefa.com/uefaeuro/history/seasons/2008/statistics/players/goals/
54,ČechCzechia,-,-,-,-,-,-,-,-,3,https://www.uefa.com/uefaeuro/history/seasons/2008/statistics/players/goals/
54,MathijsenNetherlands - Defender,-,-,-,-,-,-,-,-,3,https://www.uefa.com/uefaeuro/history/seasons/2008/statistics/players/goals/
54,BosingwaPortugal - Defender,-,-,-,-,-,-,-,-,3,https://www.uefa.com/uefaeuro/history/seasons/2008/statistics/players/goals/
54,ŁobodzińskiPoland - Midfielder,-,-,-,-,-,-,-,-,3,https://www.uefa.com/uefaeuro/history/seasons/2008/statistics/players/goals/
54,Van der VaartNetherlands - Midfielder,-,-,-,-,-,-,-,-,3,https://www.uefa.com/uefaeuro/history/seasons/2008/statistics/players/goals/
54,PogatetzAustria,-,-,-,-,-,-,-,-,3,https://www.uefa.com/uefaeuro/history/seasons/2008/statistics/players/goals/
54,BorucPoland - Goalkeeper,-,-,-,-,-,-,-,-,3,https://www.uefa.com/uefaeuro/history/seasons/2008/statistics/players/goals/
54,WasilewskiPoland - Defender,-,-,-,-,-,-,-,-,3,https://www.uefa.com/uefaeuro/history/seasons/2008/statistics/players/goals/
54,PerrottaItaly - Midfielder,-,-,-,-,-,-,-,-,3,https://www.uefa.com/uefaeuro/history/seasons/2008/statistics/players/goals/
54,MagninSwitzerland - Defender,-,-,-,-,-,-,-,-,3,https://www.uefa.com/uefaeuro/history/seasons/2008/statistics/players/goals/
54,IsakssonSweden - Goalkeeper,-,-,-,-,-,-,-,-,3,https://www.uefa.com/uefaeuro/history/seasons/2008/statistics/players/goals/
54,ElmanderSweden - Forward,-,-,-,-,-,-,-,-,3,https://www.uefa.com/uefaeuro/history/seasons/2008/statistics/players/goals/
54,GrygeraCzechia - Defender,-,-,-,-,-,-,-,-,3,https://www.uefa.com/uefaeuro/history/seasons/2008/statistics/players/goals/
54,RaţRomania - Defender,-,-,-,-,-,-,-,-,3,https://www.uefa.com/uefaeuro/history/seasons/2008/statistics/players/goals/
54,SmolarekPoland - Midfielder,-,-,-,-,-,-,-,-,3,https://www.uefa.com/uefaeuro/history/seasons/2008/statistics/players/goals/
54,KyrgiakosGreece - Defender,-,-,-,-,-,-,-,-,3,https://www.uefa.com/uefaeuro/history/seasons/2008/statistics/players/goals/
54,ChivuRomania,-,-,-,-,-,-,-,-,3,https://www.uefa.com/uefaeuro/history/seasons/2008/statistics/players/goals/
54,R.KovačCroatia,-,-,-,-,-,-,-,-,3,https://www.uefa.com/uefaeuro/history/seasons/2008/statistics/players/goals/
54,N.KovačCroatia,-,-,-,-,-,-,-,-,3,https://www.uefa.com/uefaeuro/history/seasons/2008/statistics/players/goals/
54,KatsouranisGreece - Midfielder,-,-,-,-,-,-,-,-,3,https://www.uefa.com/uefaeuro/history/seasons/2008/statistics/players/goals/
54,CoupetFrance,-,-,-,-,-,-,-,-,3,https://www.uefa.com/uefaeuro/history/seasons/2008/statistics/players/goals/
54,AufhauserAustria,-,-,-,-,-,-,-,-,3,https://www.uefa.com/uefaeuro/history/seasons/2008/statistics/players/goals/
54,CodreaRomania - Midfielder,-,-,-,-,-,-,-,-,3,https://www.uefa.com/uefaeuro/history/seasons/2008/statistics/players/goals/
54,MellbergSweden - Defender,-,-,-,-,-,-,-,-,3,https://www.uefa.com/uefaeuro/history/seasons/2008/statistics/players/goals/
54,PolákCzechia - Midfielder,-,-,-,-,-,-,-,-,3,https://www.uefa.com/uefaeuro/history/seasons/2008/statistics/players/goals/
54,GallasFrance - Defender,-,-,-,-,-,-,-,-,3,https://www.uefa.com/uefaeuro/history/seasons/2008/statistics/players/goals/
54,SvenssonSweden - Defender,-,-,-,-,-,-,-,-,3,https://www.uefa.com/uefaeuro/history/seasons/2008/statistics/players/goals/
54,M. LewandowskiPoland - Midfielder,-,-,-,-,-,-,-,-,3,https://www.uefa.com/uefaeuro/history/seasons/2008/statistics/players/goals/
54,Gökdeniz KaradenizTürkiye - Midfielder,-,-,-,-,-,-,-,-,3,https://www.uefa.com/uefaeuro/history/seasons/2008/statistics/players/goals/
54,StranzlAustria - Defender,-,-,-,-,-,-,-,-,3,https://www.uefa.com/uefaeuro/history/seasons/2008/statistics/players/goals/
54,Ricardo CarvalhoPortugal - Defender,-,-,-,-,-,-,-,-,3,https://www.uefa.com/uefaeuro/history/seasons/2008/statistics/players/goals/
54,SimãoPortugal - Midfielder,-,-,-,-,-,-,-,-,3,https://www.uefa.com/uefaeuro/history/seasons/2008/statistics/players/goals/
54,BasinasGreece - Midfielder,-,-,-,-,-,-,-,-,3,https://www.uefa.com/uefaeuro/history/seasons/2008/statistics/players/goals/
54,LobonţRomania - Goalkeeper,-,-,-,-,-,-,-,-,3,https://www.uefa.com/uefaeuro/history/seasons/2008/statistics/players/goals/
54,UjfalušiCzechia - Defender,-,-,-,-,-,-,-,-,3,https://www.uefa.com/uefaeuro/history/seasons/2008/statistics/players/goals/
54,AnelkaFrance - Forward,-,-,-,-,-,-,-,-,3,https://www.uefa.com/uefaeuro/history/seasons/2008/statistics/players/goals/
54,PletikosaCroatia - Goalkeeper,-,-,-,-,-,-,-,-,3,https://www.uefa.com/uefaeuro/history/seasons/2008/statistics/players/goals/
54,JarolímCzechia - Midfielder,-,-,-,-,-,-,-,-,3,https://www.uefa.com/uefaeuro/history/seasons/2008/statistics/players/goals/
54,SaganowskiPoland,-,-,-,-,-,-,-,-,3,https://www.uefa.com/uefaeuro/history/seasons/2008/statistics/players/goals/
54,Fernando MeiraPortugal - Defender,-,-,-,-,-,-,-,-,3,https://www.uefa.com/uefaeuro/history/seasons/2008/statistics/players/goals/
54,AnderssonSweden,-,-,-,-,-,-,-,-,3,https://www.uefa.com/uefaeuro/history/seasons/2008/statistics/players/goals/
54,MachoAustria,-,-,-,-,-,-,-,-,3,https://www.uefa.com/uefaeuro/history/seasons/2008/statistics/players/goals/
54,ŻewłakowPoland - Defender,-,-,-,-,-,-,-,-,3,https://www.uefa.com/uefaeuro/history/seasons/2008/statistics/players/goals/
54,MakeleleFrance,-,-,-,-,-,-,-,-,3,https://www.uefa.com/uefaeuro/history/seasons/2008/statistics/players/goals/
54,JankulovskiCzechia - Defender,-,-,-,-,-,-,-,-,3,https://www.uefa.com/uefaeuro/history/seasons/2008/statistics/players/goals/
54,DellasGreece - Defender,-,-,-,-,-,-,-,-,3,https://www.uefa.com/uefaeuro/history/seasons/2008/statistics/players/goals/
54,MüllerSwitzerland - Defender,-,-,-,-,-,-,-,-,3,https://www.uefa.com/uefaeuro/history/seasons/2008/statistics/players/goals/
54,LjungbergSweden,-,-,-,-,-,-,-,-,3,https://www.uefa.com/uefaeuro/history/seasons/2008/statistics/players/goals/
54,LarssonSweden,-,-,-,-,-,-,-,-,3,https://www.uefa.com/uefaeuro/history/seasons/2008/statistics/players/goals/
54,KorkmazAustria - Midfielder,-,-,-,-,-,-,-,-,3,https://www.uefa.com/uefaeuro/history/seasons/2008/statistics/players/goals/
54,KaragounisGreece - Midfielder,-,-,-,-,-,-,-,-,3,https://www.uefa.com/uefaeuro/history/seasons/2008/statistics/players/goals/
54,ContraRomania,-,-,-,-,-,-,-,-,3,https://www.uefa.com/uefaeuro/history/seasons/2008/statistics/players/goals/
54,VlčekCzechia,-,-,-,-,-,-,-,-,3,https://www.uefa.com/uefaeuro/history/seasons/2008/statistics/players/goals/
54,GalásekCzechia - Midfielder,-,-,-,-,-,-,-,-,3,https://www.uefa.com/uefaeuro/history/seasons/2008/statistics/players/goals/
54,NikopolidisGreece,-,-,-,-,-,-,-,-,3,https://www.uefa.com/uefaeuro/history/seasons/2008/statistics/players/goals/
54,HeitingaNetherlands,-,-,-,-,-,-,-,-,3,https://www.uefa.com/uefaeuro/history/seasons/2008/statistics/players/goals/
54,Van der SarNetherlands - Goalkeeper,-,-,-,-,-,-,-,-,3,https://www.uefa.com/uefaeuro/history/seasons/2008/statistics/players/goals/
54,Del PieroItaly - Forward,-,-,-,-,-,-,-,-,3,https://www.uefa.com/uefaeuro/history/seasons/2008/statistics/players/goals/
54,DerdiyokSwitzerland - Forward,-,-,-,-,-,-,-,-,3,https://www.uefa.com/uefaeuro/history/seasons/2008/statistics/players/goals/
54,HarnikAustria - Midfielder,-,-,-,-,-,-,-,-,3,https://www.uefa.com/uefaeuro/history/seasons/2008/statistics/players/goals/
54,InlerSwitzerland - Midfielder,-,-,-,-,-,-,-,-,3,https://www.uefa.com/uefaeuro/history/seasons/2008/statistics/players/goals/
54,NaniPortugal - Forward,-,-,-,-,-,-,-,-,3,https://www.uefa.com/uefaeuro/history/seasons/2008/statistics/players/goals/
54,LeitgebAustria - Midfielder,-,-,-,-,-,-,-,-,2,https://www.uefa.com/uefaeuro/history/seasons/2008/statistics/players/goals/
54,GomisFrance - Forward,-,-,-,-,-,-,-,-,2,https://www.uefa.com/uefaeuro/history/seasons/2008/statistics/players/goals/
54,GekasGreece - Forward,-,-,-,-,-,-,-,-,2,https://www.uefa.com/uefaeuro/history/seasons/2008/statistics/players/goals/
54,VukojevićCroatia,-,-,-,-,-,-,-,-,2,https://www.uefa.com/uefaeuro/history/seasons/2008/statistics/players/goals/
54,NasriFrance - Midfielder,-,-,-,-,-,-,-,-,2,https://www.uefa.com/uefaeuro/history/seasons/2008/statistics/players/goals/
54,Mevlüt ErdinçTürkiye - Forward,-,-,-,-,-,-,-,-,2,https://www.uefa.com/uefaeuro/history/seasons/2008/statistics/players/goals/
54,BenzemaFrance - Forward,-,-,-,-,-,-,-,-,2,https://www.uefa.com/uefaeuro/history/seasons/2008/statistics/players/goals/
54,TorosidisGreece,-,-,-,-,-,-,-,-,2,https://www.uefa.com/uefaeuro/history/seasons/2008/statistics/players/goals/
54,GaricsAustria - Midfielder,-,-,-,-,-,-,-,-,2,https://www.uefa.com/uefaeuro/history/seasons/2008/statistics/players/goals/
54,GoianRomania - Defender,-,-,-,-,-,-,-,-,2,https://www.uefa.com/uefaeuro/history/seasons/2008/statistics/players/goals/
54,RosenbergSweden - Forward,-,-,-,-,-,-,-,-,2,https://www.uefa.com/uefaeuro/history/seasons/2008/statistics/players/goals/
54,Di NataleItaly - Forward,-,-,-,-,-,-,-,-,2,https://www.uefa.com/uefaeuro/history/seasons/2008/statistics/players/goals/
54,AlbiolSpain - Defender,-,-,-,-,-,-,-,-,2,https://www.uefa.com/uefaeuro/history/seasons/2008/statistics/players/goals/
54,EvraFrance - Defender,-,-,-,-,-,-,-,-,2,https://www.uefa.com/uefaeuro/history/seasons/2008/statistics/players/goals/
54,BystrovRussia - Midfielder,-,-,-,-,-,-,-,-,2,https://www.uefa.com/uefaeuro/history/seasons/2008/statistics/players/goals/
54,Hugo AlmeidaPortugal - Forward,-,-,-,-,-,-,-,-,2,https://www.uefa.com/uefaeuro/history/seasons/2008/statistics/players/goals/
54,AquilaniItaly - Midfielder,-,-,-,-,-,-,-,-,2,https://www.uefa.com/uefaeuro/history/seasons/2008/statistics/players/goals/
54,GolańskiPoland - Defender,-,-,-,-,-,-,-,-,2,https://www.uefa.com/uefaeuro/history/seasons/2008/statistics/players/goals/
54,RolfesGermany,-,-,-,-,-,-,-,-,2,https://www.uefa.com/uefaeuro/history/seasons/2008/statistics/players/goals/
54,AbidalFrance - Defender,-,-,-,-,-,-,-,-,2,https://www.uefa.com/uefaeuro/history/seasons/2008/statistics/players/goals/
54,SeitaridisGreece - Defender,-,-,-,-,-,-,-,-,2,https://www.uefa.com/uefaeuro/history/seasons/2008/statistics/players/goals/
54,BorowskiGermany - Midfielder,-,-,-,-,-,-,-,-,2,https://www.uefa.com/uefaeuro/history/seasons/2008/statistics/players/goals/
54,ThuramFrance - Defender,-,-,-,-,-,-,-,-,2,https://www.uefa.com/uefaeuro/history/seasons/2008/statistics/players/goals/
54,BenaglioSwitzerland - Goalkeeper,-,-,-,-,-,-,-,-,2,https://www.uefa.com/uefaeuro/history/seasons/2008/statistics/players/goals/
54,GovouFrance - Forward,-,-,-,-,-,-,-,-,2,https://www.uefa.com/uefaeuro/history/seasons/2008/statistics/players/goals/
54,V. BerezutskiRussia,-,-,-,-,-,-,-,-,2,https://www.uefa.com/uefaeuro/history/seasons/2008/statistics/players/goals/
54,LekoCroatia,-,-,-,-,-,-,-,-,2,https://www.uefa.com/uefaeuro/history/seasons/2008/statistics/players/goals/
54,MaloudaFrance - Midfielder,-,-,-,-,-,-,-,-,2,https://www.uefa.com/uefaeuro/history/seasons/2008/statistics/players/goals/
54,Tümer MetinTürkiye - Midfielder,-,-,-,-,-,-,-,-,2,https://www.uefa.com/uefaeuro/history/seasons/2008/statistics/players/goals/
54,KällströmSweden - Midfielder,-,-,-,-,-,-,-,-,2,https://www.uefa.com/uefaeuro/history/seasons/2008/statistics/players/goals/
54,LinzAustria - Forward,-,-,-,-,-,-,-,-,2,https://www.uefa.com/uefaeuro/history/seasons/2008/statistics/players/goals/
54,RădoiRomania,-,-,-,-,-,-,-,-,2,https://www.uefa.com/uefaeuro/history/seasons/2008/statistics/players/goals/
54,SagnolFrance,-,-,-,-,-,-,-,-,2,https://www.uefa.com/uefaeuro/history/seasons/2008/statistics/players/goals/
54,CabanasSwitzerland - Midfielder,-,-,-,-,-,-,-,-,2,https://www.uefa.com/uefaeuro/history/seasons/2008/statistics/players/goals/
54,M.NiculaeRomania - Forward,-,-,-,-,-,-,-,-,2,https://www.uefa.com/uefaeuro/history/seasons/2008/statistics/players/goals/
54,GattusoItaly,-,-,-,-,-,-,-,-,2,https://www.uefa.com/uefaeuro/history/seasons/2008/statistics/players/goals/
54,PetreRomania - Midfielder,-,-,-,-,-,-,-,-,2,https://www.uefa.com/uefaeuro/history/seasons/2008/statistics/players/goals/
54,GiannakopoulosGreece - Midfielder,-,-,-,-,-,-,-,-,2,https://www.uefa.com/uefaeuro/history/seasons/2008/statistics/players/goals/
54,BoumaNetherlands - Defender,-,-,-,-,-,-,-,-,2,https://www.uefa.com/uefaeuro/history/seasons/2008/statistics/players/goals/
54,AntzasGreece - Defender,-,-,-,-,-,-,-,-,2,https://www.uefa.com/uefaeuro/history/seasons/2008/statistics/players/goals/
54,Rüştü ReçberTürkiye - Goalkeeper,-,-,-,-,-,-,-,-,2,https://www.uefa.com/uefaeuro/history/seasons/2008/statistics/players/goals/
54,BąkPoland - Defender,-,-,-,-,-,-,-,-,2,https://www.uefa.com/uefaeuro/history/seasons/2008/statistics/players/goals/
54,MatějovskýCzechia - Midfielder,-,-,-,-,-,-,-,-,2,https://www.uefa.com/uefaeuro/history/seasons/2008/statistics/players/goals/
54,MurawskiPoland - Midfielder,-,-,-,-,-,-,-,-,2,https://www.uefa.com/uefaeuro/history/seasons/2008/statistics/players/goals/
54,PrödlAustria - Defender,-,-,-,-,-,-,-,-,2,https://www.uefa.com/uefaeuro/history/seasons/2008/statistics/players/goals/
54,De ZeeuwNetherlands - Midfielder,-,-,-,-,-,-,-,-,1,https://www.uefa.com/uefaeuro/history/seasons/2008/statistics/players/goals/
54,N. KalinićCroatia - Forward,-,-,-,-,-,-,-,-,1,https://www.uefa.com/uefaeuro/history/seasons/2008/statistics/players/goals/
54,KokoszkaPoland - Defender,-,-,-,-,-,-,-,-,1,https://www.uefa.com/uefaeuro/history/seasons/2008/statistics/players/goals/
54,HofferAustria - Forward,-,-,-,-,-,-,-,-,1,https://www.uefa.com/uefaeuro/history/seasons/2008/statistics/players/goals/
54,BarzagliItaly - Defender,-,-,-,-,-,-,-,-,1,https://www.uefa.com/uefaeuro/history/seasons/2008/statistics/players/goals/
54,PiszczekPoland - Defender,-,-,-,-,-,-,-,-,1,https://www.uefa.com/uefaeuro/history/seasons/2008/statistics/players/goals/
54,ClercFrance - Defender,-,-,-,-,-,-,-,-,1,https://www.uefa.com/uefaeuro/history/seasons/2008/statistics/players/goals/
54,KadlecCzechia - Defender,-,-,-,-,-,-,-,-,1,https://www.uefa.com/uefaeuro/history/seasons/2008/statistics/players/goals/
54,SamarasGreece,-,-,-,-,-,-,-,-,1,https://www.uefa.com/uefaeuro/history/seasons/2008/statistics/players/goals/
54,TziolisGreece - Midfielder,-,-,-,-,-,-,-,-,1,https://www.uefa.com/uefaeuro/history/seasons/2008/statistics/players/goals/
54,Miguel VelosoPortugal - Midfielder,-,-,-,-,-,-,-,-,1,https://www.uefa.com/uefaeuro/history/seasons/2008/statistics/players/goals/
54,GercaliuAustria - Defender,-,-,-,-,-,-,-,-,1,https://www.uefa.com/uefaeuro/history/seasons/2008/statistics/players/goals/
54,FuchsAustria - Defender,-,-,-,-,-,-,-,-,1,https://www.uefa.com/uefaeuro/history/seasons/2008/statistics/players/goals/
54,JuanitoSpain - Defender,-,-,-,-,-,-,-,-,1,https://www.uefa.com/uefaeuro/history/seasons/2008/statistics/players/goals/
54,AlexanderssonSweden - Midfielder,-,-,-,-,-,-,-,-,1,https://www.uefa.com/uefaeuro/history/seasons/2008/statistics/players/goals/
54,Bruno AlvesPortugal - Defender,-,-,-,-,-,-,-,-,1,https://www.uefa.com/uefaeuro/history/seasons/2008/statistics/players/goals/
54,SpyropoulosGreece - Defender,-,-,-,-,-,-,-,-,1,https://www.uefa.com/uefaeuro/history/seasons/2008/statistics/players/goals/
54,S. LarssonSweden - Midfielder,-,-,-,-,-,-,-,-,1,https://www.uefa.com/uefaeuro/history/seasons/2008/statistics/players/goals/
54,PokrivačCroatia - Midfielder,-,-,-,-,-,-,-,-,1,https://www.uefa.com/uefaeuro/history/seasons/2008/statistics/players/goals/
54,StrellerSwitzerland - Forward,-,-,-,-,-,-,-,-,1,https://www.uefa.com/uefaeuro/history/seasons/2008/statistics/players/goals/
54,Emre GüngörTürkiye - Defender,-,-,-,-,-,-,-,-,1,https://www.uefa.com/uefaeuro/history/seasons/2008/statistics/players/goals/
54,ArbeloaSpain,-,-,-,-,-,-,-,-,1,https://www.uefa.com/uefaeuro/history/seasons/2008/statistics/players/goals/
54,QuagliarellaItaly - Forward,-,-,-,-,-,-,-,-,1,https://www.uefa.com/uefaeuro/history/seasons/2008/statistics/players/goals/
54,Fernando NavarroSpain,-,-,-,-,-,-,-,-,1,https://www.uefa.com/uefaeuro/history/seasons/2008/statistics/players/goals/
54,WilhelmssonSweden - Midfielder,-,-,-,-,-,-,-,-,1,https://www.uefa.com/uefaeuro/history/seasons/2008/statistics/players/goals/
54,OdonkorGermany - Forward,-,-,-,-,-,-,-,-,1,https://www.uefa.com/uefaeuro/history/seasons/2008/statistics/players/goals/
54,Sergio GarcíaSpain - Forward,-,-,-,-,-,-,-,-,1,https://www.uefa.com/uefaeuro/history/seasons/2008/statistics/players/goals/
54,VyntraGreece - Defender,-,-,-,-,-,-,-,-,1,https://www.uefa.com/uefaeuro/history/seasons/2008/statistics/players/goals/
54,MaterazziItaly - Defender,-,-,-,-,-,-,-,-,1,https://www.uefa.com/uefaeuro/history/seasons/2008/statistics/players/goals/
54,MiguelPortugal - Defender,-,-,-,-,-,-,-,-,1,https://www.uefa.com/uefaeuro/history/seasons/2008/statistics/players/goals/
54,BoumsongFrance - Defender,-,-,-,-,-,-,-,-,1,https://www.uefa.com/uefaeuro/history/seasons/2008/statistics/players/goals/
54,ReinaSpain - Goalkeeper,-,-,-,-,-,-,-,-,1,https://www.uefa.com/uefaeuro/history/seasons/2008/statistics/players/goals/
54,AdamovRussia - Forward,-,-,-,-,-,-,-,-,1,https://www.uefa.com/uefaeuro/history/seasons/2008/statistics/players/goals/
54,VejićCroatia - Defender,-,-,-,-,-,-,-,-,1,https://www.uefa.com/uefaeuro/history/seasons/2008/statistics/players/goals/
54,KováčCzechia - Defender,-,-,-,-,-,-,-,-,1,https://www.uefa.com/uefaeuro/history/seasons/2008/statistics/players/goals/
54,StandfestAustria - Defender,-,-,-,-,-,-,-,-,1,https://www.uefa.com/uefaeuro/history/seasons/2008/statistics/players/goals/
54,GhioneaRomania - Defender,-,-,-,-,-,-,-,-,1,https://www.uefa.com/uefaeuro/history/seasons/2008/statistics/players/goals/
54,BudanCroatia - Forward,-,-,-,-,-,-,-,-,1,https://www.uefa.com/uefaeuro/history/seasons/2008/statistics/players/goals/
54,BarošCzechia - Forward,-,-,-,-,-,-,-,-,1,https://www.uefa.com/uefaeuro/history/seasons/2008/statistics/players/goals/
54,SalpingidisGreece - Forward,-,-,-,-,-,-,-,-,1,https://www.uefa.com/uefaeuro/history/seasons/2008/statistics/players/goals/
54,GygaxSwitzerland - Midfielder,-,-,-,-,-,-,-,-,1,https://www.uefa.com/uefaeuro/history/seasons/2008/statistics/players/goals/
54,Jorge RibeiroPortugal - Defender,-,-,-,-,-,-,-,-,1,https://www.uefa.com/uefaeuro/history/seasons/2008/statistics/players/goals/
54,PatsatzoglouGreece - Defender,-,-,-,-,-,-,-,-,1,https://www.uefa.com/uefaeuro/history/seasons/2008/statistics/players/goals/
54,GrichtingSwitzerland - Defender,-,-,-,-,-,-,-,-,1,https://www.uefa.com/uefaeuro/history/seasons/2008/statistics/players/goals/
54,A. FreiSwitzerland,-,-,-,-,-,-,-,-,1,https://www.uefa.com/uefaeuro/history/seasons/2008/statistics/players/goals/
54,Emre BelözoğluTürkiye - Midfielder,-,-,-,-,-,-,-,-,1,https://www.uefa.com/uefaeuro/history/seasons/2008/statistics/players/goals/
54,ŻurawskiPoland - Forward,-,-,-,-,-,-,-,-,1,https://www.uefa.com/uefaeuro/history/seasons/2008/statistics/players/goals/
54,JopPoland - Defender,-,-,-,-,-,-,-,-,1,https://www.uefa.com/uefaeuro/history/seasons/2008/statistics/players/goals/
54,Vennegoor of HesselinkNetherlands - Forward,-,-,-,-,-,-,-,-,1,https://www.uefa.com/uefaeuro/history/seasons/2008/statistics/players/goals/
54,De ClerNetherlands - Defender,-,-,-,-,-,-,-,-,1,https://www.uefa.com/uefaeuro/history/seasons/2008/statistics/players/goals/
54,MelchiotNetherlands - Defender,-,-,-,-,-,-,-,-,1,https://www.uefa.com/uefaeuro/history/seasons/2008/statistics/players/goals/
54,StekelenburgNetherlands - Goalkeeper,-,-,-,-,-,-,-,-,1,https://www.uefa.com/uefaeuro/history/seasons/2008/statistics/players/goals/
54,RunjeCroatia,-,-,-,-,-,-,-,-,1,https://www.uefa.com/uefaeuro/history/seasons/2008/statistics/players/goals/
54,LiberopoulosGreece - Forward,-,-,-,-,-,-,-,-,1,https://www.uefa.com/uefaeuro/history/seasons/2008/statistics/players/goals/
54,NeuvilleGermany,-,-,-,-,-,-,-,-,1,https://www.uefa.com/uefaeuro/history/seasons/2008/statistics/players/goals/
54,Ayhan AkmanTürkiye - Midfielder,-,-,-,-,-,-,-,-,1,https://www.uefa.com/uefaeuro/history/seasons/2008/statistics/players/goals/
54,ShirokovRussia - Midfielder,-,-,-,-,-,-,-,-,1,https://www.uefa.com/uefaeuro/history/seasons/2008/statistics/players/goals/
54,ZahorskiPoland - Forward,-,-,-,-,-,-,-,-,1,https://www.uefa.com/uefaeuro/history/seasons/2008/statistics/players/goals/
54,WawrzyniakPoland - Defender,-,-,-,-,-,-,-,-,1,https://www.uefa.com/uefaeuro/history/seasons/2008/statistics/players/goals/
54,ZuberbühlerSwitzerland - Goalkeeper,-,-,-,-,-,-,-,-,1,https://www.uefa.com/uefaeuro/history/seasons/2008/statistics/players/goals/
54,AllbäckSweden - Forward,-,-,-,-,-,-,-,-,1,https://www.uefa.com/uefaeuro/history/seasons/2008/statistics/players/goals/
54,HidenAustria - Defender,-,-,-,-,-,-,-,-,1,https://www.uefa.com/uefaeuro/history/seasons/2008/statistics/players/goals/
54,D. ŠimićCroatia - Defender,-,-,-,-,-,-,-,-,1,https://www.uefa.com/uefaeuro/history/seasons/2008/statistics/players/goals/
54,MandandaFrance - Goalkeeper,-,-,-,-,-,-,-,-,0,https://www.uefa.com/uefaeuro/history/seasons/2008/statistics/players/goals/
54,GranqvistSweden - Defender,-,-,-,-,-,-,-,-,0,https://www.uefa.com/uefaeuro/history/seasons/2008/statistics/players/goals/
54,ÖzcanAustria,-,-,-,-,-,-,-,-,0,https://www.uefa.com/uefaeuro/history/seasons/2008/statistics/players/goals/
54,CristeaRomania - Midfielder,-,-,-,-,-,-,-,-,0,https://www.uefa.com/uefaeuro/history/seasons/2008/statistics/players/goals/
54,MoţiRomania - Defender,-,-,-,-,-,-,-,-,0,https://www.uefa.com/uefaeuro/history/seasons/2008/statistics/players/goals/
54,Rui PatrícioPortugal - Goalkeeper,-,-,-,-,-,-,-,-,0,https://www.uefa.com/uefaeuro/history/seasons/2008/statistics/players/goals/
54,IvanovRussia - Midfielder,-,-,-,-,-,-,-,-,0,https://www.uefa.com/uefaeuro/history/seasons/2008/statistics/players/goals/
54,FeninCzechia - Forward,-,-,-,-,-,-,-,-,0,https://www.uefa.com/uefaeuro/history/seasons/2008/statistics/players/goals/
54,PospěchCzechia - Defender,-,-,-,-,-,-,-,-,0,https://www.uefa.com/uefaeuro/history/seasons/2008/statistics/players/goals/
54,SquillaciFrance - Defender,-,-,-,-,-,-,-,-,0,https://www.uefa.com/uefaeuro/history/seasons/2008/statistics/players/goals/
54,TzorvasGreece - Goalkeeper,-,-,-,-,-,-,-,-,0,https://www.uefa.com/uefaeuro/history/seasons/2008/statistics/players/goals/
54,WestermannGermany - Defender,-,-,-,-,-,-,-,-,0,https://www.uefa.com/uefaeuro/history/seasons/2008/statistics/players/goals/
54,RaduRomania - Defender,-,-,-,-,-,-,-,-,0,https://www.uefa.com/uefaeuro/history/seasons/2008/statistics/players/goals/
54,DjourouSwitzerland - Defender,-,-,-,-,-,-,-,-,-,https://www.uefa.com/uefaeuro/history/seasons/2008/statistics/players/goals/
54,YanbaevRussia - Defender,-,-,-,-,-,-,-,-,0,https://www.uefa.com/uefaeuro/history/seasons/2008/statistics/players/goals/
54,StăncioiuRomania - Goalkeeper,-,-,-,-,-,-,-,-,0,https://www.uefa.com/uefaeuro/history/seasons/2008/statistics/players/goals/
54,BorrielloItaly - Forward,-,-,-,-,-,-,-,-,0,https://www.uefa.com/uefaeuro/history/seasons/2008/statistics/players/goals/
54,PopaRomania,-,-,-,-,-,-,-,-,0,https://www.uefa.com/uefaeuro/history/seasons/2008/statistics/players/goals/
54,ShaabanSweden - Goalkeeper,-,-,-,-,-,-,-,-,0,https://www.uefa.com/uefaeuro/history/seasons/2008/statistics/players/goals/
54,MaricaRomania - Forward,-,-,-,-,-,-,-,-,0,https://www.uefa.com/uefaeuro/history/seasons/2008/statistics/players/goals/
54,FabiańskiPoland - Goalkeeper,-,-,-,-,-,-,-,-,0,https://www.uefa.com/uefaeuro/history/seasons/2008/statistics/players/goals/
54,KatzerAustria - Defender,-,-,-,-,-,-,-,-,0,https://www.uefa.com/uefaeuro/history/seasons/2008/statistics/players/goals/
54,JakupovićSwitzerland - Goalkeeper,-,-,-,-,-,-,-,-,-,https://www.uefa.com/uefaeuro/history/seasons/2008/statistics/players/goals/
54,TimmerNetherlands - Goalkeeper,-,-,-,-,-,-,-,-,0,https://www.uefa.com/uefaeuro/history/seasons/2008/statistics/players/goals/
54,P. DegenSwitzerland - Defender,-,-,-,-,-,-,-,-,-,https://www.uefa.com/uefaeuro/history/seasons/2008/statistics/players/goals/
54,TrochowskiGermany - Midfielder,-,-,-,-,-,-,-,-,0,https://www.uefa.com/uefaeuro/history/seasons/2008/statistics/players/goals/
54,AdlerGermany - Goalkeeper,-,-,-,-,-,-,-,-,0,https://www.uefa.com/uefaeuro/history/seasons/2008/statistics/players/goals/
54,SpycherSwitzerland,-,-,-,-,-,-,-,-,-,https://www.uefa.com/uefaeuro/history/seasons/2008/statistics/players/goals/
54,Tolga ZenginTürkiye - Goalkeeper,-,-,-,-,-,-,-,-,0,https://www.uefa.com/uefaeuro/history/seasons/2008/statistics/players/goals/
54,SivokCzechia - Defender,-,-,-,-,-,-,-,-,0,https://www.uefa.com/uefaeuro/history/seasons/2008/statistics/players/goals/
54,GabulovRussia - Goalkeeper,-,-,-,-,-,-,-,-,0,https://www.uefa.com/uefaeuro/history/seasons/2008/statistics/players/goals/
54,GamberiniItaly - Defender,-,-,-,-,-,-,-,-,0,https://www.uefa.com/uefaeuro/history/seasons/2008/statistics/players/goals/
54,MajstorovicSweden - Defender,-,-,-,-,-,-,-,-,0,https://www.uefa.com/uefaeuro/history/seasons/2008/statistics/players/goals/
54,KowalewskiPoland,-,-,-,-,-,-,-,-,0,https://www.uefa.com/uefaeuro/history/seasons/2008/statistics/players/goals/
54,HuggelSwitzerland - Midfielder,-,-,-,-,-,-,-,-,-,https://www.uefa.com/uefaeuro/history/seasons/2008/statistics/players/goals/
54,SkácelCzechia - Midfielder,-,-,-,-,-,-,-,-,0,https://www.uefa.com/uefaeuro/history/seasons/2008/statistics/players/goals/
54,A. BerezutskiRussia - Defender,-,-,-,-,-,-,-,-,0,https://www.uefa.com/uefaeuro/history/seasons/2008/statistics/players/goals/
54,AmeliaItaly - Goalkeeper,-,-,-,-,-,-,-,-,0,https://www.uefa.com/uefaeuro/history/seasons/2008/statistics/players/goals/
54,ChalkiasGreece - Goalkeeper,-,-,-,-,-,-,-,-,0,https://www.uefa.com/uefaeuro/history/seasons/2008/statistics/players/goals/
54,WilandSweden - Goalkeeper,-,-,-,-,-,-,-,-,0,https://www.uefa.com/uefaeuro/history/seasons/2008/statistics/players/goals/
54,DorsinSweden,-,-,-,-,-,-,-,-,0,https://www.uefa.com/uefaeuro/history/seasons/2008/statistics/players/goals/
54,GargułaPoland - Midfielder,-,-,-,-,-,-,-,-,0,https://www.uefa.com/uefaeuro/history/seasons/2008/statistics/players/goals/
54,MalafeevRussia - Goalkeeper,-,-,-,-,-,-,-,-,0,https://www.uefa.com/uefaeuro/history/seasons/2008/statistics/players/goals/
54,PalopSpain - Goalkeeper,-,-,-,-,-,-,-,-,0,https://www.uefa.com/uefaeuro/history/seasons/2008/statistics/players/goals/
54,FreyFrance - Goalkeeper,-,-,-,-,-,-,-,-,0,https://www.uefa.com/uefaeuro/history/seasons/2008/statistics/players/goals/
54,GoumasGreece - Defender,-,-,-,-,-,-,-,-,0,https://www.uefa.com/uefaeuro/history/seasons/2008/statistics/players/goals/
54,GalinovićCroatia,-,-,-,-,-,-,-,-,0,https://www.uefa.com/uefaeuro/history/seasons/2008/statistics/players/goals/
54,De SanctisItaly,-,-,-,-,-,-,-,-,0,https://www.uefa.com/uefaeuro/history/seasons/2008/statistics/players/goals/
54,LinderothSweden,-,-,-,-,-,-,-,-,0,https://www.uefa.com/uefaeuro/history/seasons/2008/statistics/players/goals/
54,ZítkaCzechia,-,-,-,-,-,-,-,-,0,https://www.uefa.com/uefaeuro/history/seasons/2008/statistics/players/goals/
54,PazdanPoland - Defender,-,-,-,-,-,-,-,-,0,https://www.uefa.com/uefaeuro/history/seasons/2008/statistics/players/goals/
54,VieiraFrance,-,-,-,-,-,-,-,-,0,https://www.uefa.com/uefaeuro/history/seasons/2008/statistics/players/goals/
54,ManningerAustria - Goalkeeper,-,-,-,-,-,-,-,-,0,https://www.uefa.com/uefaeuro/history/seasons/2008/statistics/players/goals/
54,EnkeGermany - Goalkeeper,-,-,-,-,-,-,-,-,0,https://www.uefa.com/uefaeuro/history/seasons/2008/statistics/players/goals/
54,NunoPortugal,-,-,-,-,-,-,-,-,0,https://www.uefa.com/uefaeuro/history/seasons/2008/statistics/players/goals/
54,PletikosaCroatia - Goalkeeper,-,-,-,-,-,-,-,-,-,https://www.uefa.com/uefaeuro/history/seasons/2008/statistics/players/goals/
54,GüizaSpain - Forward,-,-,-,-,-,-,-,-,-,https://www.uefa.com/uefaeuro/history/seasons/2008/statistics/players/goals/
54,PatockaAustria - Defender,-,-,-,-,-,-,-,-,0,https://www.uefa.com/uefaeuro/history/seasons/2008/statistics/players/goals/
54,SăpunaruRomania - Defender,-,-,-,-,-,-,-,-,0,https://www.uefa.com/uefaeuro/history/seasons/2008/statistics/players/goals/
54,BlažekCzechia - Goalkeeper,-,-,-,-,-,-,-,-,0,https://www.uefa.com/uefaeuro/history/seasons/2008/statistics/players/goals/
54,L. DiarraFrance - Midfielder,-,-,-,-,-,-,-,-,0,https://www.uefa.com/uefaeuro/history/seasons/2008/statistics/players/goals/
