rank,identifier,minutes_played_official,matches_appearance,goals,assists,top_speed,distance_covered,url
01,DonnarummaItaly - Goalkeeper,719,7,0,0,23.6,35.8,https://www.uefa.com/uefaeuro/history/seasons/2020/statistics/players/
02,JorginhoItaly - Midfielder,705,7,0,0,27.7,86.4,https://www.uefa.com/uefaeuro/history/seasons/2020/statistics/players/
03,PickfordEngland - Goalkeeper,690,7,0,0,23,37.4,https://www.uefa.com/uefaeuro/history/seasons/2020/statistics/players/
04,StonesEngland - Defender,679,7,0,0,29.7,67.2,https://www.uefa.com/uefaeuro/history/seasons/2020/statistics/players/
05,BonucciItaly - Defender,675,7,1,0,29.9,66.2,https://www.uefa.com/uefaeuro/history/seasons/2020/statistics/players/
06,PhillipsEngland - Midfielder,665,7,0,1,30.2,82.8,https://www.uefa.com/uefaeuro/history/seasons/2020/statistics/players/
07,KaneEngland - Forward,649,7,4,0,30.8,74.3,https://www.uefa.com/uefaeuro/history/seasons/2020/statistics/players/
08,SterlingEngland - Midfielder,641,7,3,1,33.1,68.2,https://www.uefa.com/uefaeuro/history/seasons/2020/statistics/players/
09,LaporteSpain - Defender,630,6,1,0,30.4,65.9,https://www.uefa.com/uefaeuro/history/seasons/2020/statistics/players/
09,Unai SimónSpain - Goalkeeper,630,6,0,0,25.7,34.7,https://www.uefa.com/uefaeuro/history/seasons/2020/statistics/players/
11,PedriSpain - Midfielder,629,6,0,0,30.4,76.1,https://www.uefa.com/uefaeuro/history/seasons/2020/statistics/players/
12,WalkerEngland - Defender,599,6,0,0,32.8,59.9,https://www.uefa.com/uefaeuro/history/seasons/2020/statistics/players/
13,Di LorenzoItaly - Defender,585,6,0,0,32.6,65.7,https://www.uefa.com/uefaeuro/history/seasons/2020/statistics/players/
14,ShawEngland - Defender,575,6,1,3,31,62.6,https://www.uefa.com/uefaeuro/history/seasons/2020/statistics/players/
15,MæhleDenmark - Defender,570,6,2,1,30.4,66.6,https://www.uefa.com/uefaeuro/history/seasons/2020/statistics/players/
15,HøjbjergDenmark - Midfielder,570,6,0,3,30.4,64.1,https://www.uefa.com/uefaeuro/history/seasons/2020/statistics/players/
15,SchmeichelDenmark - Goalkeeper,570,6,0,0,25.4,23.3,https://www.uefa.com/uefaeuro/history/seasons/2020/statistics/players/
18,BraithwaiteDenmark - Forward,565,6,1,0,31.5,61.6,https://www.uefa.com/uefaeuro/history/seasons/2020/statistics/players/
19,Jordi AlbaSpain - Defender,553,6,0,2,31.5,64.2,https://www.uefa.com/uefaeuro/history/seasons/2020/statistics/players/
20,RiceEngland - Midfielder,538,7,0,0,31,62.5,https://www.uefa.com/uefaeuro/history/seasons/2020/statistics/players/
21,KjærDenmark - Defender,530,6,0,0,30.2,50,https://www.uefa.com/uefaeuro/history/seasons/2020/statistics/players/
22,ChristensenDenmark - Defender,520,6,1,0,33.3,51.2,https://www.uefa.com/uefaeuro/history/seasons/2020/statistics/players/
23,InsigneItaly - Forward,512,6,2,0,30.8,61.4,https://www.uefa.com/uefaeuro/history/seasons/2020/statistics/players/
24,MaguireEngland - Defender,510,5,1,0,30.6,51.3,https://www.uefa.com/uefaeuro/history/seasons/2020/statistics/players/
24,AkanjiSwitzerland - Defender,510,5,0,0,32.2,49.5,https://www.uefa.com/uefaeuro/history/seasons/2020/statistics/players/
24,ElvediSwitzerland - Defender,510,5,0,0,30.2,49.9,https://www.uefa.com/uefaeuro/history/seasons/2020/statistics/players/
24,SommerSwitzerland - Goalkeeper,510,5,0,0,19.5,24,https://www.uefa.com/uefaeuro/history/seasons/2020/statistics/players/
28,VestergaardDenmark - Defender,485,6,0,0,29.9,46.1,https://www.uefa.com/uefaeuro/history/seasons/2020/statistics/players/
29,KokeSpain - Midfielder,481,6,0,0,27,61.7,https://www.uefa.com/uefaeuro/history/seasons/2020/statistics/players/
30,ZinchenkoUkraine - Defender,480,5,1,1,29,53.9,https://www.uefa.com/uefaeuro/history/seasons/2020/statistics/players/
30,KaravaievUkraine - Defender,480,5,0,1,31.3,52.9,https://www.uefa.com/uefaeuro/history/seasons/2020/statistics/players/
30,MatviyenkoUkraine - Defender,480,5,0,0,30.2,49.4,https://www.uefa.com/uefaeuro/history/seasons/2020/statistics/players/
30,ZabarnyiUkraine - Defender,480,5,0,0,28.8,49.9,https://www.uefa.com/uefaeuro/history/seasons/2020/statistics/players/
30,BushchanUkraine - Goalkeeper,480,5,0,0,23.8,19.7,https://www.uefa.com/uefaeuro/history/seasons/2020/statistics/players/
35,RodríguezSwitzerland - Defender,477,5,0,0,29.7,49.5,https://www.uefa.com/uefaeuro/history/seasons/2020/statistics/players/
36,BarellaItaly - Midfielder,472,6,1,1,31,59.7,https://www.uefa.com/uefaeuro/history/seasons/2020/statistics/players/
37,MountEngland - Midfielder,464,5,0,1,31.5,50.4,https://www.uefa.com/uefaeuro/history/seasons/2020/statistics/players/
38,DelaneyDenmark - Midfielder,462,6,1,0,30.6,53.5,https://www.uefa.com/uefaeuro/history/seasons/2020/statistics/players/
39,FreulerSwitzerland - Midfielder,461,5,0,1,29.7,56.1,https://www.uefa.com/uefaeuro/history/seasons/2020/statistics/players/
40,MorataSpain - Forward,452,6,3,0,32,52.9,https://www.uefa.com/uefaeuro/history/seasons/2020/statistics/players/
41,CoufalCzechia - Defender,450,5,0,2,31.7,55.8,https://www.uefa.com/uefaeuro/history/seasons/2020/statistics/players/
41,KalasCzechia - Defender,450,5,0,1,33.1,44.8,https://www.uefa.com/uefaeuro/history/seasons/2020/statistics/players/
41,SoučekCzechia - Midfielder,450,5,0,0,28.6,57.8,https://www.uefa.com/uefaeuro/history/seasons/2020/statistics/players/
41,VaclíkCzechia - Goalkeeper,450,5,0,0,27.7,22.3,https://www.uefa.com/uefaeuro/history/seasons/2020/statistics/players/
41,CourtoisBelgium - Goalkeeper,450,5,0,0,23.9,21.2,https://www.uefa.com/uefaeuro/history/seasons/2020/statistics/players/
46,YarmolenkoUkraine - Midfielder,445,5,2,2,30.4,52.4,https://www.uefa.com/uefaeuro/history/seasons/2020/statistics/players/
47,ImmobileItaly - Forward,444,6,2,1,31.7,54.3,https://www.uefa.com/uefaeuro/history/seasons/2020/statistics/players/
47,LukakuBelgium - Forward,444,5,4,0,31.3,40.9,https://www.uefa.com/uefaeuro/history/seasons/2020/statistics/players/
47,ChielliniItaly - Defender,444,5,0,0,29,47.4,https://www.uefa.com/uefaeuro/history/seasons/2020/statistics/players/
50,ChiesaItaly - Forward,438,7,2,0,33.1,47.8,https://www.uefa.com/uefaeuro/history/seasons/2020/statistics/players/
51,YaremchukUkraine - Forward,430,5,2,1,30.8,50,https://www.uefa.com/uefaeuro/history/seasons/2020/statistics/players/
52,ČelůstkaCzechia - Defender,425,5,0,0,27.7,46.6,https://www.uefa.com/uefaeuro/history/seasons/2020/statistics/players/
53,SchickCzechia - Forward,404,5,5,0,32.4,43.6,https://www.uefa.com/uefaeuro/history/seasons/2020/statistics/players/
54,AzpilicuetaSpain - Defender,402,4,1,0,30.6,42.3,https://www.uefa.com/uefaeuro/history/seasons/2020/statistics/players/
55,VerrattiItaly - Midfielder,400,5,0,3,27.4,49.9,https://www.uefa.com/uefaeuro/history/seasons/2020/statistics/players/
56,Sergio BusquetsSpain - Midfielder,397,4,0,0,27,46.8,https://www.uefa.com/uefaeuro/history/seasons/2020/statistics/players/
57,AlabaAustria - Defender,390,4,0,2,30.6,43.4,https://www.uefa.com/uefaeuro/history/seasons/2020/statistics/players/
57,MbappéFrance - Forward,390,4,0,1,32.2,35.4,https://www.uefa.com/uefaeuro/history/seasons/2020/statistics/players/
57,SabitzerAustria - Midfielder,390,4,0,1,31.5,48.7,https://www.uefa.com/uefaeuro/history/seasons/2020/statistics/players/
57,XhakaSwitzerland - Midfielder,390,4,0,1,30.6,44.9,https://www.uefa.com/uefaeuro/history/seasons/2020/statistics/players/
57,VaraneFrance - Defender,390,4,0,0,32.6,40.8,https://www.uefa.com/uefaeuro/history/seasons/2020/statistics/players/
57,HintereggerAustria - Defender,390,4,0,0,32.4,40.5,https://www.uefa.com/uefaeuro/history/seasons/2020/statistics/players/
57,VidaCroatia - Defender,390,4,0,0,32,37.2,https://www.uefa.com/uefaeuro/history/seasons/2020/statistics/players/
57,KimpembeFrance - Defender,390,4,0,0,31.5,37.2,https://www.uefa.com/uefaeuro/history/seasons/2020/statistics/players/
57,LindelöfSweden - Defender,390,4,0,0,29.2,41.9,https://www.uefa.com/uefaeuro/history/seasons/2020/statistics/players/
57,KantéFrance - Midfielder,390,4,0,0,28.8,46.2,https://www.uefa.com/uefaeuro/history/seasons/2020/statistics/players/
57,BachmannAustria - Goalkeeper,390,4,0,0,24.7,23.5,https://www.uefa.com/uefaeuro/history/seasons/2020/statistics/players/
57,OlsenSweden - Goalkeeper,390,4,0,0,24.3,20.1,https://www.uefa.com/uefaeuro/history/seasons/2020/statistics/players/
57,LlorisFrance - Goalkeeper,390,4,0,0,20.7,19.1,https://www.uefa.com/uefaeuro/history/seasons/2020/statistics/players/
57,LivakovićCroatia - Goalkeeper,390,4,0,0,17.4,13.2,https://www.uefa.com/uefaeuro/history/seasons/2020/statistics/players/
71,EkdalSweden - Midfielder,388,4,0,0,27.7,47.2,https://www.uefa.com/uefaeuro/history/seasons/2020/statistics/players/
72,ModrićCroatia - Midfielder,384,4,1,1,27.9,39.3,https://www.uefa.com/uefaeuro/history/seasons/2020/statistics/players/
72,LainerAustria - Defender,384,4,1,0,31.7,44.9,https://www.uefa.com/uefaeuro/history/seasons/2020/statistics/players/
74,SeferovićSwitzerland - Forward,382,5,3,0,32.4,41.3,https://www.uefa.com/uefaeuro/history/seasons/2020/statistics/players/
75,OlmoSpain - Forward,379,5,0,3,28.6,42.6,https://www.uefa.com/uefaeuro/history/seasons/2020/statistics/players/
75,SpinazzolaItaly - Defender,379,4,0,2,33.8,43.2,https://www.uefa.com/uefaeuro/history/seasons/2020/statistics/players/
77,PogbaFrance - Midfielder,376,4,1,1,29.5,41.8,https://www.uefa.com/uefaeuro/history/seasons/2020/statistics/players/
78,BerardiItaly - Forward,375,6,0,2,31.5,42.9,https://www.uefa.com/uefaeuro/history/seasons/2020/statistics/players/
79,SydorchukUkraine - Midfielder,374,5,0,0,30.4,43.5,https://www.uefa.com/uefaeuro/history/seasons/2020/statistics/players/
80,Pau TorresSpain - Defender,372,6,0,2,28.1,41.6,https://www.uefa.com/uefaeuro/history/seasons/2020/statistics/players/
81,ShaqiriSwitzerland - Midfielder,371,5,3,1,29.5,42.4,https://www.uefa.com/uefaeuro/history/seasons/2020/statistics/players/
81,ForsbergSweden - Forward,371,4,4,0,29,41.4,https://www.uefa.com/uefaeuro/history/seasons/2020/statistics/players/
83,GvardiolCroatia - Defender,370,4,0,0,33.3,38.3,https://www.uefa.com/uefaeuro/history/seasons/2020/statistics/players/
84,X. SchlagerAustria - Midfielder,368,4,0,0,30.4,42.8,https://www.uefa.com/uefaeuro/history/seasons/2020/statistics/players/
84,DanielsonSweden - Defender,368,4,0,0,28.6,40.4,https://www.uefa.com/uefaeuro/history/seasons/2020/statistics/players/
86,EmboloSwitzerland - Forward,367,5,1,0,32.8,35.3,https://www.uefa.com/uefaeuro/history/seasons/2020/statistics/players/
86,S. LarssonSweden - Midfielder,367,4,0,0,29.7,44.4,https://www.uefa.com/uefaeuro/history/seasons/2020/statistics/players/
88,Ferran TorresSpain - Forward,366,6,2,1,30.8,39.5,https://www.uefa.com/uefaeuro/history/seasons/2020/statistics/players/
89,RonaldoPortugal - Forward,360,4,5,1,29.7,36.1,https://www.uefa.com/uefaeuro/history/seasons/2020/statistics/players/
89,WijnaldumNetherlands - Midfielder,360,4,3,0,31.3,41.3,https://www.uefa.com/uefaeuro/history/seasons/2020/statistics/players/
89,GuerreiroPortugal - Defender,360,4,1,0,26.6,39.9,https://www.uefa.com/uefaeuro/history/seasons/2020/statistics/players/
89,KimmichGermany - Defender,360,4,0,2,30.2,44.6,https://www.uefa.com/uefaeuro/history/seasons/2020/statistics/players/
89,RodonWales - Defender,360,4,0,0,31.5,35.8,https://www.uefa.com/uefaeuro/history/seasons/2020/statistics/players/
89,Rúben DiasPortugal - Defender,360,4,0,0,31.3,39.3,https://www.uefa.com/uefaeuro/history/seasons/2020/statistics/players/
89,RüdigerGermany - Defender,360,4,0,0,31,35.6,https://www.uefa.com/uefaeuro/history/seasons/2020/statistics/players/
89,PepePortugal - Defender,360,4,0,0,30.6,37.1,https://www.uefa.com/uefaeuro/history/seasons/2020/statistics/players/
89,BořilCzechia - Defender,360,4,0,0,29,41.8,https://www.uefa.com/uefaeuro/history/seasons/2020/statistics/players/
89,AlderweireldBelgium - Defender,360,4,0,0,28.4,39.4,https://www.uefa.com/uefaeuro/history/seasons/2020/statistics/players/
89,KroosGermany - Midfielder,360,4,0,0,26.8,41.2,https://www.uefa.com/uefaeuro/history/seasons/2020/statistics/players/
89,NeuerGermany - Goalkeeper,360,4,0,0,23.9,18.9,https://www.uefa.com/uefaeuro/history/seasons/2020/statistics/players/
89,WardWales - Goalkeeper,360,4,0,0,21.4,14.2,https://www.uefa.com/uefaeuro/history/seasons/2020/statistics/players/
89,StekelenburgNetherlands - Goalkeeper,360,4,0,0,21.3,14.5,https://www.uefa.com/uefaeuro/history/seasons/2020/statistics/players/
89,Rui PatrícioPortugal - Goalkeeper,360,4,0,0,17.6,16.9,https://www.uefa.com/uefaeuro/history/seasons/2020/statistics/players/
104,T. HazardBelgium - Midfielder,358,4,2,0,30.4,44.5,https://www.uefa.com/uefaeuro/history/seasons/2020/statistics/players/
105,BaleWales - Forward,356,4,0,2,32,36.6,https://www.uefa.com/uefaeuro/history/seasons/2020/statistics/players/
106,GriezmannFrance - Forward,355,4,1,1,30.2,39.6,https://www.uefa.com/uefaeuro/history/seasons/2020/statistics/players/
106,MykolenkoUkraine - Defender,355,4,0,0,31.5,37.9,https://www.uefa.com/uefaeuro/history/seasons/2020/statistics/players/
108,RamseyWales - Midfielder,354,4,1,0,29.7,42,https://www.uefa.com/uefaeuro/history/seasons/2020/statistics/players/
109,AugustinssonSweden - Defender,351,4,0,0,29.2,40.2,https://www.uefa.com/uefaeuro/history/seasons/2020/statistics/players/
110,BenzemaFrance - Forward,349,4,4,0,29.5,37.1,https://www.uefa.com/uefaeuro/history/seasons/2020/statistics/players/
111,F. de JongNetherlands - Midfielder,348,4,0,0,29,40.8,https://www.uefa.com/uefaeuro/history/seasons/2020/statistics/players/
112,VertonghenBelgium - Defender,347,4,0,0,32.6,34.2,https://www.uefa.com/uefaeuro/history/seasons/2020/statistics/players/
112,GinterGermany - Defender,347,4,0,0,30.8,35,https://www.uefa.com/uefaeuro/history/seasons/2020/statistics/players/
114,KovačićCroatia - Midfielder,341,4,0,1,29.7,37.4,https://www.uefa.com/uefaeuro/history/seasons/2020/statistics/players/
115,K. OlssonSweden - Midfielder,339,4,0,0,29.9,42,https://www.uefa.com/uefaeuro/history/seasons/2020/statistics/players/
115,DragovićAustria - Defender,339,4,0,0,29.7,34.1,https://www.uefa.com/uefaeuro/history/seasons/2020/statistics/players/
115,TielemansBelgium - Midfielder,339,4,0,0,29.2,42.9,https://www.uefa.com/uefaeuro/history/seasons/2020/statistics/players/
115,AllenWales - Midfielder,339,4,0,0,29.2,38.2,https://www.uefa.com/uefaeuro/history/seasons/2020/statistics/players/
119,LaimerAustria - Midfielder,336,4,0,1,32.4,39.4,https://www.uefa.com/uefaeuro/history/seasons/2020/statistics/players/
120,HummelsGermany - Defender,332,4,0,1,27.9,33.6,https://www.uefa.com/uefaeuro/history/seasons/2020/statistics/players/
121,DamsgaardDenmark - Forward,330,5,2,1,31.5,38.9,https://www.uefa.com/uefaeuro/history/seasons/2020/statistics/players/
122,MeunierBelgium - Defender,327,5,1,2,31.7,43.1,https://www.uefa.com/uefaeuro/history/seasons/2020/statistics/players/
122,DepayNetherlands - Forward,327,4,2,2,30.8,35,https://www.uefa.com/uefaeuro/history/seasons/2020/statistics/players/
124,Diogo JotaPortugal - Forward,324,4,1,1,31.7,35,https://www.uefa.com/uefaeuro/history/seasons/2020/statistics/players/
124,IsakSweden - Forward,324,4,0,1,32,35,https://www.uefa.com/uefaeuro/history/seasons/2020/statistics/players/
126,MasopustCzechia - Midfielder,323,5,0,0,30.4,42.3,https://www.uefa.com/uefaeuro/history/seasons/2020/statistics/players/
126,ShaparenkoUkraine - Midfielder,323,5,0,0,28.8,40.2,https://www.uefa.com/uefaeuro/history/seasons/2020/statistics/players/
128,GosensGermany - Defender,319,4,1,2,30.4,37.7,https://www.uefa.com/uefaeuro/history/seasons/2020/statistics/players/
129,D. JamesWales - Midfielder,316,4,0,0,33.5,31.6,https://www.uefa.com/uefaeuro/history/seasons/2020/statistics/players/
129,LustigSweden - Defender,316,4,0,0,31,35.1,https://www.uefa.com/uefaeuro/history/seasons/2020/statistics/players/
131,DumfriesNetherlands - Defender,315,4,2,0,32.8,35.8,https://www.uefa.com/uefaeuro/history/seasons/2020/statistics/players/
131,De VrijNetherlands - Defender,315,4,0,0,29.7,33.2,https://www.uefa.com/uefaeuro/history/seasons/2020/statistics/players/
133,RobertsWales - Defender,310,4,1,0,32.8,34.2,https://www.uefa.com/uefaeuro/history/seasons/2020/statistics/players/
134,HavertzGermany - Midfielder,304,4,2,0,29.9,37.2,https://www.uefa.com/uefaeuro/history/seasons/2020/statistics/players/
134,RabiotFrance - Midfielder,304,4,0,0,30.6,35.2,https://www.uefa.com/uefaeuro/history/seasons/2020/statistics/players/
136,WitselBelgium - Midfielder,301,4,0,0,27.7,36.1,https://www.uefa.com/uefaeuro/history/seasons/2020/statistics/players/
137,HolešCzechia - Midfielder,300,5,1,1,29.9,37,https://www.uefa.com/uefaeuro/history/seasons/2020/statistics/players/
137,PavardFrance - Defender,300,3,0,0,31,34.6,https://www.uefa.com/uefaeuro/history/seasons/2020/statistics/players/
139,MorrellWales - Midfielder,299,4,0,1,27.9,34.3,https://www.uefa.com/uefaeuro/history/seasons/2020/statistics/players/
139,Van AanholtNetherlands - Defender,299,4,0,0,32.6,32.5,https://www.uefa.com/uefaeuro/history/seasons/2020/statistics/players/
139,BlindNetherlands - Defender,299,4,0,0,29,30.9,https://www.uefa.com/uefaeuro/history/seasons/2020/statistics/players/
142,PoulsenDenmark - Forward,295,5,2,0,30.6,35.2,https://www.uefa.com/uefaeuro/history/seasons/2020/statistics/players/
143,WidmerSwitzerland - Defender,294,4,0,0,32.2,34.3,https://www.uefa.com/uefaeuro/history/seasons/2020/statistics/players/
144,EmersonItaly - Defender,292,4,0,0,30.6,34,https://www.uefa.com/uefaeuro/history/seasons/2020/statistics/players/
144,MüllerGermany - Forward,292,4,0,0,29.5,35.1,https://www.uefa.com/uefaeuro/history/seasons/2020/statistics/players/
146,TrippierEngland - Defender,290,5,0,1,29.7,33.4,https://www.uefa.com/uefaeuro/history/seasons/2020/statistics/players/
147,MooreWales - Forward,288,4,1,0,32.2,30.7,https://www.uefa.com/uefaeuro/history/seasons/2020/statistics/players/
148,StrygerDenmark - Defender,287,6,0,1,31.5,33.2,https://www.uefa.com/uefaeuro/history/seasons/2020/statistics/players/
149,ZuberSwitzerland - Midfielder,286,4,0,4,32,32.7,https://www.uefa.com/uefaeuro/history/seasons/2020/statistics/players/
150,VermaelenBelgium - Defender,284,5,0,1,29.2,30.2,https://www.uefa.com/uefaeuro/history/seasons/2020/statistics/players/
151,MalinovskyiUkraine - Midfielder,283,4,0,1,30.8,31.1,https://www.uefa.com/uefaeuro/history/seasons/2020/statistics/players/
151,BrozovićCroatia - Midfielder,283,4,0,0,27,37.1,https://www.uefa.com/uefaeuro/history/seasons/2020/statistics/players/
153,Gerard MorenoSpain - Forward,277,5,0,2,28.1,32.1,https://www.uefa.com/uefaeuro/history/seasons/2020/statistics/players/
154,DaviesWales - Defender,274,4,0,0,27.7,28.4,https://www.uefa.com/uefaeuro/history/seasons/2020/statistics/players/
155,LocatelliItaly - Midfielder,272,5,2,0,27.9,34.3,https://www.uefa.com/uefaeuro/history/seasons/2020/statistics/players/
155,De BruyneBelgium - Midfielder,272,4,1,2,29.5,33,https://www.uefa.com/uefaeuro/history/seasons/2020/statistics/players/
155,SakaEngland - Forward,272,4,0,1,31.3,31.4,https://www.uefa.com/uefaeuro/history/seasons/2020/statistics/players/
158,WassDenmark - Midfielder,270,5,0,0,30.8,31.5,https://www.uefa.com/uefaeuro/history/seasons/2020/statistics/players/
158,LewandowskiPoland - Forward,270,3,3,0,31.3,29.7,https://www.uefa.com/uefaeuro/history/seasons/2020/statistics/players/
158,AlioskiNorth Macedonia - Defender,270,3,1,0,31,29.9,https://www.uefa.com/uefaeuro/history/seasons/2020/statistics/players/
158,ŠkriniarSlovakia - Defender,270,3,1,0,28.4,26.5,https://www.uefa.com/uefaeuro/history/seasons/2020/statistics/players/
158,McTominayScotland - Midfielder,270,3,0,0,32.2,32.1,https://www.uefa.com/uefaeuro/history/seasons/2020/statistics/players/
158,RobertsonScotland - Defender,270,3,0,0,32,28.9,https://www.uefa.com/uefaeuro/history/seasons/2020/statistics/players/
158,Çağlar SöyüncüTürkiye - Defender,270,3,0,0,32,27.8,https://www.uefa.com/uefaeuro/history/seasons/2020/statistics/players/
158,Zeki ÇelikTürkiye - Defender,270,3,0,0,31.5,30.7,https://www.uefa.com/uefaeuro/history/seasons/2020/statistics/players/
158,BereszyńskiPoland - Defender,270,3,0,0,31.5,29.1,https://www.uefa.com/uefaeuro/history/seasons/2020/statistics/players/
158,BotkaHungary - Defender,270,3,0,0,31.5,27.4,https://www.uefa.com/uefaeuro/history/seasons/2020/statistics/players/
158,Burak YılmazTürkiye,270,3,0,0,31.5,25.7,https://www.uefa.com/uefaeuro/history/seasons/2020/statistics/players/
158,GolovinRussia - Midfielder,270,3,0,0,31.3,36,https://www.uefa.com/uefaeuro/history/seasons/2020/statistics/players/
158,A. SzalaiHungary - Defender,270,3,0,0,31.3,29.1,https://www.uefa.com/uefaeuro/history/seasons/2020/statistics/players/
158,MephamWales - Defender,270,3,0,0,30.4,25.9,https://www.uefa.com/uefaeuro/history/seasons/2020/statistics/players/
158,S. RistovskiNorth Macedonia - Defender,270,3,0,0,30.2,30.6,https://www.uefa.com/uefaeuro/history/seasons/2020/statistics/players/
158,KuckaSlovakia - Midfielder,270,3,0,0,29.9,32,https://www.uefa.com/uefaeuro/history/seasons/2020/statistics/players/
158,ElmasNorth Macedonia - Midfielder,270,3,0,0,29.9,32,https://www.uefa.com/uefaeuro/history/seasons/2020/statistics/players/
158,KamaraFinland - Midfielder,270,3,0,0,29.9,29.3,https://www.uefa.com/uefaeuro/history/seasons/2020/statistics/players/
158,ŠatkaSlovakia - Defender,270,3,0,0,29.5,24.7,https://www.uefa.com/uefaeuro/history/seasons/2020/statistics/players/
158,O'ShaughnessyFinland - Defender,270,3,0,0,28.8,28.5,https://www.uefa.com/uefaeuro/history/seasons/2020/statistics/players/
158,OrbánHungary - Defender,270,3,0,0,28.8,27.7,https://www.uefa.com/uefaeuro/history/seasons/2020/statistics/players/
158,McGinnScotland - Midfielder,270,3,0,0,28.1,31.4,https://www.uefa.com/uefaeuro/history/seasons/2020/statistics/players/
158,DzhikiyaRussia - Defender,270,3,0,0,27.9,27.1,https://www.uefa.com/uefaeuro/history/seasons/2020/statistics/players/
158,ArajuuriFinland - Defender,270,3,0,0,27.2,26.7,https://www.uefa.com/uefaeuro/history/seasons/2020/statistics/players/
158,MarshallScotland - Goalkeeper,270,3,0,0,27.2,14.3,https://www.uefa.com/uefaeuro/history/seasons/2020/statistics/players/
158,GlikPoland - Defender,270,3,0,0,26.1,27.4,https://www.uefa.com/uefaeuro/history/seasons/2020/statistics/players/
158,SzczęsnyPoland - Goalkeeper,270,3,0,0,23.9,12.4,https://www.uefa.com/uefaeuro/history/seasons/2020/statistics/players/
158,DúbravkaSlovakia - Goalkeeper,270,3,0,0,22.3,11.8,https://www.uefa.com/uefaeuro/history/seasons/2020/statistics/players/
158,GulácsiHungary - Goalkeeper,270,3,0,0,19,12.8,https://www.uefa.com/uefaeuro/history/seasons/2020/statistics/players/
158,DimitrievskiNorth Macedonia - Goalkeeper,270,3,0,0,18.9,11.8,https://www.uefa.com/uefaeuro/history/seasons/2020/statistics/players/
158,HradeckyFinland - Goalkeeper,270,3,0,0,18,14.3,https://www.uefa.com/uefaeuro/history/seasons/2020/statistics/players/
158,Uğurcan ÇakırTürkiye - Goalkeeper,270,3,0,0,16.5,11.2,https://www.uefa.com/uefaeuro/history/seasons/2020/statistics/players/
190,LodFinland - Midfielder,269,3,0,0,29.7,32.6,https://www.uefa.com/uefaeuro/history/seasons/2020/statistics/players/
191,Á. NagyHungary - Midfielder,268,3,0,0,28.1,34.8,https://www.uefa.com/uefaeuro/history/seasons/2020/statistics/players/
192,FiolaHungary - Defender,266,3,1,0,31.5,29.1,https://www.uefa.com/uefaeuro/history/seasons/2020/statistics/players/
192,Hakan ÇalhanoğluTürkiye - Midfielder,266,3,0,1,31.3,30.3,https://www.uefa.com/uefaeuro/history/seasons/2020/statistics/players/
192,MusliuNorth Macedonia - Defender,266,3,0,0,29.9,27.6,https://www.uefa.com/uefaeuro/history/seasons/2020/statistics/players/
195,DzyubaRussia - Forward,265,3,1,1,30.2,28.7,https://www.uefa.com/uefaeuro/history/seasons/2020/statistics/players/
195,ZielińskiPoland - Midfielder,265,3,0,1,28.1,33,https://www.uefa.com/uefaeuro/history/seasons/2020/statistics/players/
195,BednarekPoland - Defender,265,3,0,0,29.9,28.2,https://www.uefa.com/uefaeuro/history/seasons/2020/statistics/players/
195,ToivioFinland - Defender,265,3,0,0,28.6,27.2,https://www.uefa.com/uefaeuro/history/seasons/2020/statistics/players/
195,D. VelkovskiNorth Macedonia - Defender,265,3,0,0,27.9,26.6,https://www.uefa.com/uefaeuro/history/seasons/2020/statistics/players/
200,HubočanSlovakia - Defender,264,3,0,0,30.8,27.2,https://www.uefa.com/uefaeuro/history/seasons/2020/statistics/players/
201,PerišićCroatia - Midfielder,261,3,2,1,31.5,27.1,https://www.uefa.com/uefaeuro/history/seasons/2020/statistics/players/
202,Nélson SemedoPortugal - Defender,259,3,0,0,32,26.8,https://www.uefa.com/uefaeuro/history/seasons/2020/statistics/players/
202,DykesScotland - Forward,259,3,0,0,29.9,26.6,https://www.uefa.com/uefaeuro/history/seasons/2020/statistics/players/
204,HamšíkSlovakia - Midfielder,256,3,0,1,27.7,31.2,https://www.uefa.com/uefaeuro/history/seasons/2020/statistics/players/
205,RaitalaFinland - Defender,254,3,0,0,31.5,25.9,https://www.uefa.com/uefaeuro/history/seasons/2020/statistics/players/
206,O'DonnellScotland - Defender,253,3,0,0,31.7,29.2,https://www.uefa.com/uefaeuro/history/seasons/2020/statistics/players/
206,AdemiNorth Macedonia - Midfielder,253,3,0,0,29.2,27.7,https://www.uefa.com/uefaeuro/history/seasons/2020/statistics/players/
208,SarabiaSpain - Forward,252,5,2,2,27.4,30.8,https://www.uefa.com/uefaeuro/history/seasons/2020/statistics/players/
209,Eric GarcíaSpain - Defender,251,3,0,0,31,26.3,https://www.uefa.com/uefaeuro/history/seasons/2020/statistics/players/
210,BaumgartnerAustria - Midfielder,250,4,1,0,29.9,28.1,https://www.uefa.com/uefaeuro/history/seasons/2020/statistics/players/
210,UronenFinland - Defender,250,3,0,1,29.7,28.2,https://www.uefa.com/uefaeuro/history/seasons/2020/statistics/players/
210,KleinheislerHungary - Midfielder,250,3,0,0,30.8,27.8,https://www.uefa.com/uefaeuro/history/seasons/2020/statistics/players/
213,GnabryGermany - Forward,249,4,0,0,30.8,27.1,https://www.uefa.com/uefaeuro/history/seasons/2020/statistics/players/
213,DaridaCzechia - Midfielder,249,4,0,0,29,34,https://www.uefa.com/uefaeuro/history/seasons/2020/statistics/players/
215,PandevNorth Macedonia - Forward,248,3,1,0,29.5,27.1,https://www.uefa.com/uefaeuro/history/seasons/2020/statistics/players/
216,JanktoCzechia - Midfielder,247,5,0,0,31.5,31.6,https://www.uefa.com/uefaeuro/history/seasons/2020/statistics/players/
217,Marcos LlorenteSpain - Midfielder,246,4,0,0,33.3,27.7,https://www.uefa.com/uefaeuro/history/seasons/2020/statistics/players/
218,PohjanpaloFinland - Forward,244,3,1,0,28.8,27.4,https://www.uefa.com/uefaeuro/history/seasons/2020/statistics/players/
219,Bernardo SilvaPortugal - Midfielder,243,4,0,0,29,27.9,https://www.uefa.com/uefaeuro/history/seasons/2020/statistics/players/
219,ZobninRussia - Midfielder,243,3,0,0,29.5,30.8,https://www.uefa.com/uefaeuro/history/seasons/2020/statistics/players/
221,SallaiHungary - Forward,242,3,0,2,29.2,27.8,https://www.uefa.com/uefaeuro/history/seasons/2020/statistics/players/
222,JóźwiakPoland - Midfielder,241,3,0,1,31.7,25.9,https://www.uefa.com/uefaeuro/history/seasons/2020/statistics/players/
223,PukkiFinland - Forward,240,3,0,0,33.3,27.1,https://www.uefa.com/uefaeuro/history/seasons/2020/statistics/players/
224,DaniloPortugal - Midfielder,237,4,0,0,27,26.7,https://www.uefa.com/uefaeuro/history/seasons/2020/statistics/players/
224,De RoonNetherlands - Midfielder,237,3,0,0,29.5,26.6,https://www.uefa.com/uefaeuro/history/seasons/2020/statistics/players/
224,BardhiNorth Macedonia - Midfielder,237,3,0,0,27.7,27,https://www.uefa.com/uefaeuro/history/seasons/2020/statistics/players/
227,MakSlovakia - Midfielder,233,3,0,1,29.2,25.1,https://www.uefa.com/uefaeuro/history/seasons/2020/statistics/players/
227,PekaríkSlovakia - Defender,233,3,0,0,29.2,24.9,https://www.uefa.com/uefaeuro/history/seasons/2020/statistics/players/
229,De LigtNetherlands - Defender,232,3,0,0,30.6,26.4,https://www.uefa.com/uefaeuro/history/seasons/2020/statistics/players/
230,AcerbiItaly - Defender,231,3,0,1,30.4,25.5,https://www.uefa.com/uefaeuro/history/seasons/2020/statistics/players/
231,SchäferHungary - Midfielder,230,3,1,0,29.9,30.4,https://www.uefa.com/uefaeuro/history/seasons/2020/statistics/players/
232,ŠevčíkCzechia - Midfielder,228,5,0,0,29,30.1,https://www.uefa.com/uefaeuro/history/seasons/2020/statistics/players/
233,KramarićCroatia - Forward,227,4,0,1,29.9,28.8,https://www.uefa.com/uefaeuro/history/seasons/2020/statistics/players/
234,RodriSpain - Midfielder,226,5,0,0,27.2,29.1,https://www.uefa.com/uefaeuro/history/seasons/2020/statistics/players/
234,E. HazardBelgium - Forward,226,4,0,1,29.7,27.3,https://www.uefa.com/uefaeuro/history/seasons/2020/statistics/players/
236,DolbergDenmark - Forward,225,4,3,0,30.6,24.7,https://www.uefa.com/uefaeuro/history/seasons/2020/statistics/players/
236,Merih DemiralTürkiye - Defender,225,3,0,0,29.7,24.1,https://www.uefa.com/uefaeuro/history/seasons/2020/statistics/players/
236,DiveevRussia - Defender,225,3,0,0,28.8,24.5,https://www.uefa.com/uefaeuro/history/seasons/2020/statistics/players/
239,DudaSlovakia - Midfielder,224,3,0,0,28.8,28.5,https://www.uefa.com/uefaeuro/history/seasons/2020/statistics/players/
239,GrillitschAustria - Midfielder,224,3,0,0,28.8,27.8,https://www.uefa.com/uefaeuro/history/seasons/2020/statistics/players/
241,GündoğanGermany - Midfielder,221,3,0,0,30.4,26.3,https://www.uefa.com/uefaeuro/history/seasons/2020/statistics/players/
242,Renato SanchesPortugal - Midfielder,220,4,0,0,29,24.8,https://www.uefa.com/uefaeuro/history/seasons/2020/statistics/players/
243,ArnautovićAustria - Forward,217,3,1,0,31.5,23.6,https://www.uefa.com/uefaeuro/history/seasons/2020/statistics/players/
244,BelottiItaly - Forward,216,6,0,0,30.2,24.7,https://www.uefa.com/uefaeuro/history/seasons/2020/statistics/players/
244,MbabuSwitzerland - Defender,216,5,0,1,32.4,22.9,https://www.uefa.com/uefaeuro/history/seasons/2020/statistics/players/
246,AdamsScotland - Forward,215,3,0,0,31.3,21.8,https://www.uefa.com/uefaeuro/history/seasons/2020/statistics/players/
247,HanleyScotland - Defender,213,3,0,0,32.2,22,https://www.uefa.com/uefaeuro/history/seasons/2020/statistics/players/
247,KlichPoland - Midfielder,213,3,0,0,29.9,25.8,https://www.uefa.com/uefaeuro/history/seasons/2020/statistics/players/
249,OzdoevRussia - Midfielder,212,3,0,0,29.5,27.7,https://www.uefa.com/uefaeuro/history/seasons/2020/statistics/players/
250,Ćaleta-CarCroatia - Defender,210,2,0,0,29.2,20.6,https://www.uefa.com/uefaeuro/history/seasons/2020/statistics/players/
251,Cengiz ÜnderTürkiye - Forward,208,3,0,0,32,22.6,https://www.uefa.com/uefaeuro/history/seasons/2020/statistics/players/
252,Bruno FernandesPortugal - Midfielder,206,4,0,0,29,23.9,https://www.uefa.com/uefaeuro/history/seasons/2020/statistics/players/
252,Mário FernandesRussia - Defender,206,3,0,0,29.5,23.2,https://www.uefa.com/uefaeuro/history/seasons/2020/statistics/players/
254,NégoHungary - Defender,205,3,0,0,33.8,23.8,https://www.uefa.com/uefaeuro/history/seasons/2020/statistics/players/
255,VlašićCroatia - Midfielder,203,4,1,0,30.6,22.4,https://www.uefa.com/uefaeuro/history/seasons/2020/statistics/players/
255,McGregorScotland - Midfielder,203,3,1,0,29,26.9,https://www.uefa.com/uefaeuro/history/seasons/2020/statistics/players/
257,RebićCroatia - Forward,199,4,0,0,31.3,20.9,https://www.uefa.com/uefaeuro/history/seasons/2020/statistics/players/
258,Ad. SzalaiHungary - Forward,198,3,1,1,26.1,22.6,https://www.uefa.com/uefaeuro/history/seasons/2020/statistics/players/
259,WeghorstNetherlands - Forward,193,4,1,0,29.2,22.4,https://www.uefa.com/uefaeuro/history/seasons/2020/statistics/players/
260,PessinaItaly - Midfielder,191,4,2,0,30.2,25.9,https://www.uefa.com/uefaeuro/history/seasons/2020/statistics/players/
260,MingsEngland - Defender,191,3,0,0,30.6,19.4,https://www.uefa.com/uefaeuro/history/seasons/2020/statistics/players/
262,SchärSwitzerland - Defender,190,4,0,0,27,18,https://www.uefa.com/uefaeuro/history/seasons/2020/statistics/players/
263,KuzyaevRussia - Midfielder,186,3,0,0,29,22.8,https://www.uefa.com/uefaeuro/history/seasons/2020/statistics/players/
264,StepanenkoUkraine - Midfielder,185,2,0,0,25.6,22.9,https://www.uefa.com/uefaeuro/history/seasons/2020/statistics/players/
265,BarákCzechia - Midfielder,182,3,0,0,31,23.6,https://www.uefa.com/uefaeuro/history/seasons/2020/statistics/players/
265,HaraslínSlovakia - Midfielder,182,3,0,0,30.6,19.1,https://www.uefa.com/uefaeuro/history/seasons/2020/statistics/players/
267,MertensBelgium - Forward,180,4,0,1,29.9,21.5,https://www.uefa.com/uefaeuro/history/seasons/2020/statistics/players/
267,DenayerBelgium - Defender,180,2,0,0,31.7,19.4,https://www.uefa.com/uefaeuro/history/seasons/2020/statistics/players/
267,UlmerAustria - Defender,180,2,0,0,30.4,20.7,https://www.uefa.com/uefaeuro/history/seasons/2020/statistics/players/
267,VrsaljkoCroatia - Defender,180,2,0,0,30.2,19.1,https://www.uefa.com/uefaeuro/history/seasons/2020/statistics/players/
267,TierneyScotland - Defender,180,2,0,0,29.5,18.9,https://www.uefa.com/uefaeuro/history/seasons/2020/statistics/players/
267,BoyataBelgium - Defender,180,2,0,0,28.1,18.1,https://www.uefa.com/uefaeuro/history/seasons/2020/statistics/players/
267,LovrenCroatia - Defender,180,2,0,0,26.6,17.6,https://www.uefa.com/uefaeuro/history/seasons/2020/statistics/players/
267,SafonovRussia - Goalkeeper,180,2,0,0,20.4,10.3,https://www.uefa.com/uefaeuro/history/seasons/2020/statistics/players/
275,Kaan AyhanTürkiye - Defender,179,3,0,0,30.4,20,https://www.uefa.com/uefaeuro/history/seasons/2020/statistics/players/
276,BergSweden - Forward,178,4,0,0,28.6,20.8,https://www.uefa.com/uefaeuro/history/seasons/2020/statistics/players/
277,TrajkovskiNorth Macedonia - Forward,176,3,0,0,29.5,19.9,https://www.uefa.com/uefaeuro/history/seasons/2020/statistics/players/
278,Al. MiranchukRussia - Forward,173,3,1,0,29.5,20.6,https://www.uefa.com/uefaeuro/history/seasons/2020/statistics/players/
279,GrealishEngland - Midfielder,172,5,0,2,29.2,21.9,https://www.uefa.com/uefaeuro/history/seasons/2020/statistics/players/
279,PetkovićCroatia - Forward,172,4,0,0,27.9,17.5,https://www.uefa.com/uefaeuro/history/seasons/2020/statistics/players/
279,Ozan TufanTürkiye - Midfielder,172,3,0,0,30.8,19.8,https://www.uefa.com/uefaeuro/history/seasons/2020/statistics/players/
282,VargasSwitzerland - Midfielder,167,4,0,0,31.7,21.4,https://www.uefa.com/uefaeuro/history/seasons/2020/statistics/players/
283,DokuBelgium - Forward,165,2,0,0,32,17.8,https://www.uefa.com/uefaeuro/history/seasons/2020/statistics/players/
284,OyarzabalSpain - Forward,164,6,1,0,32.2,21.1,https://www.uefa.com/uefaeuro/history/seasons/2020/statistics/players/
285,ŚwiderskiPoland - Forward,163,3,0,0,28.1,20.7,https://www.uefa.com/uefaeuro/history/seasons/2020/statistics/players/
285,JuranovićCroatia - Defender,163,2,0,0,32.2,16.7,https://www.uefa.com/uefaeuro/history/seasons/2020/statistics/players/
287,Umut MeraşTürkiye - Defender,162,2,0,0,30.2,16.6,https://www.uefa.com/uefaeuro/history/seasons/2020/statistics/players/
288,NørgaardDenmark - Midfielder,161,5,0,0,29.9,23.2,https://www.uefa.com/uefaeuro/history/seasons/2020/statistics/players/
288,Kenan KaramanTürkiye - Forward,161,3,0,0,28.4,19.3,https://www.uefa.com/uefaeuro/history/seasons/2020/statistics/players/
290,FodenEngland - Midfielder,159,3,0,0,31.5,19.8,https://www.uefa.com/uefaeuro/history/seasons/2020/statistics/players/
291,TolóiItaly - Defender,158,4,0,1,30.8,18.5,https://www.uefa.com/uefaeuro/history/seasons/2020/statistics/players/
292,KryvtsovUkraine - Defender,155,2,0,0,22.1,16.1,https://www.uefa.com/uefaeuro/history/seasons/2020/statistics/players/
293,João MoutinhoPortugal - Midfielder,154,4,0,0,23.6,19.1,https://www.uefa.com/uefaeuro/history/seasons/2020/statistics/players/
294,GavranovićSwitzerland - Forward,152,5,1,0,26.3,18.1,https://www.uefa.com/uefaeuro/history/seasons/2020/statistics/players/
295,HendersonEngland - Midfielder,151,5,1,0,28.6,20.5,https://www.uefa.com/uefaeuro/history/seasons/2020/statistics/players/
295,PuchaczPoland - Defender,151,3,0,0,31.3,16.1,https://www.uefa.com/uefaeuro/history/seasons/2020/statistics/players/
295,ArmstrongScotland - Midfielder,151,3,0,0,29,19.2,https://www.uefa.com/uefaeuro/history/seasons/2020/statistics/players/
298,MalenNetherlands - Forward,150,4,0,2,31.3,15.6,https://www.uefa.com/uefaeuro/history/seasons/2020/statistics/players/
298,DendonckerBelgium - Midfielder,150,3,0,0,27.7,19.7,https://www.uefa.com/uefaeuro/history/seasons/2020/statistics/players/
300,JensenDenmark - Midfielder,142,6,0,1,27.2,21,https://www.uefa.com/uefaeuro/history/seasons/2020/statistics/players/
300,TimberNetherlands - Defender,142,3,0,0,28.4,15,https://www.uefa.com/uefaeuro/history/seasons/2020/statistics/players/
302,KrychowiakPoland - Midfielder,140,2,0,0,30.6,16,https://www.uefa.com/uefaeuro/history/seasons/2020/statistics/players/
303,TsygankovUkraine - Midfielder,139,4,0,0,29.7,18.4,https://www.uefa.com/uefaeuro/history/seasons/2020/statistics/players/
303,GoretzkaGermany - Midfielder,139,3,1,0,29.5,16.5,https://www.uefa.com/uefaeuro/history/seasons/2020/statistics/players/
303,CarrascoBelgium - Forward,139,3,0,0,29.5,18.5,https://www.uefa.com/uefaeuro/history/seasons/2020/statistics/players/
303,William CarvalhoPortugal - Midfielder,139,2,0,0,29.7,16.2,https://www.uefa.com/uefaeuro/history/seasons/2020/statistics/players/
307,N. WilliamsWales - Defender,137,3,0,0,29.7,14.5,https://www.uefa.com/uefaeuro/history/seasons/2020/statistics/players/
307,Okay YokuşluTürkiye - Midfielder,137,3,0,0,27.2,16.3,https://www.uefa.com/uefaeuro/history/seasons/2020/statistics/players/
309,L. HernándezFrance - Defender,135,2,0,1,26.6,14.7,https://www.uefa.com/uefaeuro/history/seasons/2020/statistics/players/
309,BarinovRussia - Midfielder,135,2,0,0,31,16.4,https://www.uefa.com/uefaeuro/history/seasons/2020/statistics/players/
309,SparvFinland - Midfielder,135,2,0,0,28.1,16.2,https://www.uefa.com/uefaeuro/history/seasons/2020/statistics/players/
312,KaravaevRussia - Defender,134,3,0,0,32.2,18.5,https://www.uefa.com/uefaeuro/history/seasons/2020/statistics/players/
313,KulusevskiSweden - Midfielder,132,2,0,2,29.2,16.9,https://www.uefa.com/uefaeuro/history/seasons/2020/statistics/players/
314,CristanteItaly - Midfielder,129,6,0,0,27.7,18.8,https://www.uefa.com/uefaeuro/history/seasons/2020/statistics/players/
315,BernardeschiItaly - Midfielder,127,4,0,0,29.9,16.1,https://www.uefa.com/uefaeuro/history/seasons/2020/statistics/players/
316,KrálCzechia - Midfielder,125,4,0,0,30.4,17.3,https://www.uefa.com/uefaeuro/history/seasons/2020/statistics/players/
316,QuaisonSweden - Midfielder,125,4,0,0,29,16.1,https://www.uefa.com/uefaeuro/history/seasons/2020/statistics/players/
318,ZakariaSwitzerland - Midfielder,124,2,0,0,31.7,14.6,https://www.uefa.com/uefaeuro/history/seasons/2020/statistics/players/
318,HromadaSlovakia - Midfielder,124,2,0,0,26.5,15.4,https://www.uefa.com/uefaeuro/history/seasons/2020/statistics/players/
320,João PalhinhaPortugal - Midfielder,123,2,0,0,28.1,13.9,https://www.uefa.com/uefaeuro/history/seasons/2020/statistics/players/
321,NikolovNorth Macedonia - Midfielder,120,3,0,0,31.3,13.2,https://www.uefa.com/uefaeuro/history/seasons/2020/statistics/players/
322,Yusuf YazıcıTürkiye - Midfielder,117,3,0,0,29,14.7,https://www.uefa.com/uefaeuro/history/seasons/2020/statistics/players/
323,KalajdzicAustria - Forward,112,4,1,0,27.2,13,https://www.uefa.com/uefaeuro/history/seasons/2020/statistics/players/
323,SanéGermany - Midfielder,112,4,0,0,32.2,14,https://www.uefa.com/uefaeuro/history/seasons/2020/statistics/players/
323,İrfan Can KahveciTürkiye - Midfielder,112,3,1,0,31.3,13.6,https://www.uefa.com/uefaeuro/history/seasons/2020/statistics/players/
323,BrekaloCroatia - Forward,112,3,0,0,28.4,14,https://www.uefa.com/uefaeuro/history/seasons/2020/statistics/players/
323,SchüllerFinland - Midfielder,112,3,0,0,25.4,15.8,https://www.uefa.com/uefaeuro/history/seasons/2020/statistics/players/
328,GregoritschAustria - Forward,108,3,1,0,28.8,12.9,https://www.uefa.com/uefaeuro/history/seasons/2020/statistics/players/
328,WernerGermany - Forward,108,3,0,0,27.4,13.1,https://www.uefa.com/uefaeuro/history/seasons/2020/statistics/players/
328,Mert MüldürTürkiye - Defender,108,2,0,0,32.4,12.6,https://www.uefa.com/uefaeuro/history/seasons/2020/statistics/players/
331,GravenberchNetherlands - Midfielder,106,2,0,0,30.4,13.5,https://www.uefa.com/uefaeuro/history/seasons/2020/statistics/players/
332,KoscelníkSlovakia - Defender,101,2,0,0,29.7,11.3,https://www.uefa.com/uefaeuro/history/seasons/2020/statistics/players/
332,DalotPortugal - Defender,101,2,0,0,28.6,11.2,https://www.uefa.com/uefaeuro/history/seasons/2020/statistics/players/
334,LovrencsicsHungary - Defender,98,3,0,0,29.7,11.7,https://www.uefa.com/uefaeuro/history/seasons/2020/statistics/players/
335,SanchoEngland - Midfielder,97,3,0,0,30.4,12.1,https://www.uefa.com/uefaeuro/history/seasons/2020/statistics/players/
335,DigneFrance - Defender,97,2,0,0,28.1,10.8,https://www.uefa.com/uefaeuro/history/seasons/2020/statistics/players/
337,HrošovskýSlovakia - Midfielder,95,2,0,0,26.1,11.2,https://www.uefa.com/uefaeuro/history/seasons/2020/statistics/players/
338,ChadliBelgium - Midfielder,94,2,0,0,31.7,10.9,https://www.uefa.com/uefaeuro/history/seasons/2020/statistics/players/
339,ComanFrance - Forward,90,2,0,0,33.7,10,https://www.uefa.com/uefaeuro/history/seasons/2020/statistics/players/
339,ModerPoland - Midfielder,90,2,0,0,30.4,11,https://www.uefa.com/uefaeuro/history/seasons/2020/statistics/players/
339,SemenovRussia - Defender,90,1,0,0,30.2,9.9,https://www.uefa.com/uefaeuro/history/seasons/2020/statistics/players/
339,KoundéFrance - Defender,90,1,0,0,29.9,9.8,https://www.uefa.com/uefaeuro/history/seasons/2020/statistics/players/
339,JamesEngland - Defender,90,1,0,0,29.2,9,https://www.uefa.com/uefaeuro/history/seasons/2020/statistics/players/
339,KadeřábekCzechia - Defender,90,1,0,0,29,9.1,https://www.uefa.com/uefaeuro/history/seasons/2020/statistics/players/
339,CooperScotland - Defender,90,1,0,0,28.4,9.8,https://www.uefa.com/uefaeuro/history/seasons/2020/statistics/players/
339,GunterWales - Defender,90,1,0,0,27.9,8.7,https://www.uefa.com/uefaeuro/history/seasons/2020/statistics/players/
339,BastoniItaly - Defender,90,1,0,0,24.5,8.9,https://www.uefa.com/uefaeuro/history/seasons/2020/statistics/players/
339,ShuninRussia - Goalkeeper,90,1,0,0,19.8,4.7,https://www.uefa.com/uefaeuro/history/seasons/2020/statistics/players/
349,SchöpfAustria - Midfielder,88,2,0,0,29.7,12.7,https://www.uefa.com/uefaeuro/history/seasons/2020/statistics/players/
350,RashfordEngland - Forward,84,5,0,0,33.5,10.7,https://www.uefa.com/uefaeuro/history/seasons/2020/statistics/players/
351,FrankowskiPoland - Defender,83,3,0,1,30.2,11.8,https://www.uefa.com/uefaeuro/history/seasons/2020/statistics/players/
352,ClaessonSweden - Midfielder,82,4,1,0,27.9,12.7,https://www.uefa.com/uefaeuro/history/seasons/2020/statistics/players/
353,TolissoFrance - Midfielder,81,3,0,0,28.8,10.5,https://www.uefa.com/uefaeuro/history/seasons/2020/statistics/players/
354,LinettyPoland - Midfielder,79,2,1,0,27.2,10,https://www.uefa.com/uefaeuro/history/seasons/2020/statistics/players/
354,WindDenmark - Forward,79,2,0,0,31.5,9.2,https://www.uefa.com/uefaeuro/history/seasons/2020/statistics/players/
354,ChurlinovNorth Macedonia - Midfielder,79,2,0,0,31.3,10,https://www.uefa.com/uefaeuro/history/seasons/2020/statistics/players/
357,GayàSpain - Defender,77,1,0,1,31,7.4,https://www.uefa.com/uefaeuro/history/seasons/2020/statistics/players/
358,HložekCzechia - Forward,76,4,0,0,26.8,11.2,https://www.uefa.com/uefaeuro/history/seasons/2020/statistics/players/
358,GilmourScotland - Midfielder,76,1,0,0,27.9,9.3,https://www.uefa.com/uefaeuro/history/seasons/2020/statistics/players/
360,KrafthSweden - Defender,75,4,0,0,28.6,9.5,https://www.uefa.com/uefaeuro/history/seasons/2020/statistics/players/
360,TrossardBelgium - Midfielder,75,1,0,0,28.6,9,https://www.uefa.com/uefaeuro/history/seasons/2020/statistics/players/
362,RybusPoland - Defender,74,1,0,1,29.9,8.5,https://www.uefa.com/uefaeuro/history/seasons/2020/statistics/players/
363,AmpaduWales - Defender,73,3,0,0,25.4,8.3,https://www.uefa.com/uefaeuro/history/seasons/2020/statistics/players/
363,MarlosUkraine - Midfielder,73,2,0,0,24.8,8.7,https://www.uefa.com/uefaeuro/history/seasons/2020/statistics/players/
365,FassnachtSwitzerland - Midfielder,72,2,0,0,32,10.1,https://www.uefa.com/uefaeuro/history/seasons/2020/statistics/players/
366,TričkovskiNorth Macedonia - Forward,69,3,0,0,27,9.1,https://www.uefa.com/uefaeuro/history/seasons/2020/statistics/players/
367,Fabián RuizSpain - Midfielder,68,3,0,0,28.8,11.1,https://www.uefa.com/uefaeuro/history/seasons/2020/statistics/players/
368,HendryScotland - Defender,67,1,0,0,28.1,7.2,https://www.uefa.com/uefaeuro/history/seasons/2020/statistics/players/
368,KudryashovRussia - Defender,67,1,0,0,25.4,6.6,https://www.uefa.com/uefaeuro/history/seasons/2020/statistics/players/
370,NikolićHungary - Forward,66,2,0,0,29,9.8,https://www.uefa.com/uefaeuro/history/seasons/2020/statistics/players/
371,Thiago AlcántaraSpain - Midfielder,65,4,0,0,27,8.9,https://www.uefa.com/uefaeuro/history/seasons/2020/statistics/players/
371,KrmenčíkCzechia - Forward,65,4,0,0,27,8.7,https://www.uefa.com/uefaeuro/history/seasons/2020/statistics/players/
371,IvanušecCroatia - Forward,65,3,0,0,29,8.9,https://www.uefa.com/uefaeuro/history/seasons/2020/statistics/players/
374,AndersenDenmark - Defender,63,3,0,0,25,8.7,https://www.uefa.com/uefaeuro/history/seasons/2020/statistics/players/
375,CorneliusDenmark - Forward,58,4,0,1,27.9,8.6,https://www.uefa.com/uefaeuro/history/seasons/2020/statistics/players/
375,ZhemaletdinovRussia - Midfielder,58,2,0,0,31.7,7.5,https://www.uefa.com/uefaeuro/history/seasons/2020/statistics/players/
377,KaukoFinland - Midfielder,57,3,0,0,25,7.9,https://www.uefa.com/uefaeuro/history/seasons/2020/statistics/players/
377,PromesNetherlands - Forward,57,2,0,0,31,7.7,https://www.uefa.com/uefaeuro/history/seasons/2020/statistics/players/
377,McKennaScotland - Defender,57,1,0,0,27,6.6,https://www.uefa.com/uefaeuro/history/seasons/2020/statistics/players/
380,BellinghamEngland - Midfielder,56,3,0,0,26.5,7.9,https://www.uefa.com/uefaeuro/history/seasons/2020/statistics/players/
381,MukhinRussia - Midfielder,55,3,0,0,30.4,8.2,https://www.uefa.com/uefaeuro/history/seasons/2020/statistics/players/
382,ĎurišSlovakia - Forward,54,3,0,0,27.2,7.6,https://www.uefa.com/uefaeuro/history/seasons/2020/statistics/players/
382,BerghuisNetherlands - Forward,54,2,0,0,29.5,7.4,https://www.uefa.com/uefaeuro/history/seasons/2020/statistics/players/
384,OršićCroatia - Forward,53,1,1,1,29,6.2,https://www.uefa.com/uefaeuro/history/seasons/2020/statistics/players/
385,WilsonWales - Midfielder,52,3,0,0,29.2,6.6,https://www.uefa.com/uefaeuro/history/seasons/2020/statistics/players/
385,AkéNetherlands - Defender,52,2,0,1,26.3,6.5,https://www.uefa.com/uefaeuro/history/seasons/2020/statistics/players/
385,WijndalNetherlands - Defender,52,2,0,0,29.5,7.2,https://www.uefa.com/uefaeuro/history/seasons/2020/statistics/players/
385,KozłowskiPoland - Midfielder,52,2,0,0,27.4,7.8,https://www.uefa.com/uefaeuro/history/seasons/2020/statistics/players/
389,Rafa SilvaPortugal - Forward,51,2,0,2,32.8,6.5,https://www.uefa.com/uefaeuro/history/seasons/2020/statistics/players/
389,LienhartAustria - Defender,51,2,0,0,27,6.7,https://www.uefa.com/uefaeuro/history/seasons/2020/statistics/players/
389,MakarenkoUkraine - Midfielder,51,2,0,0,24.8,6.1,https://www.uefa.com/uefaeuro/history/seasons/2020/statistics/players/
392,KostadinovNorth Macedonia - Midfielder,49,2,0,0,26.1,7.8,https://www.uefa.com/uefaeuro/history/seasons/2020/statistics/players/
393,FlorenziItaly - Defender,47,2,0,0,27.2,5.8,https://www.uefa.com/uefaeuro/history/seasons/2020/statistics/players/
394,Mario PašalićCroatia - Midfielder,46,2,1,0,31.5,7.4,https://www.uefa.com/uefaeuro/history/seasons/2020/statistics/players/
395,Neurath BengtssonSweden - Defender,45,3,0,0,30.6,7.2,https://www.uefa.com/uefaeuro/history/seasons/2020/statistics/players/
395,SowSwitzerland - Midfielder,45,2,0,0,27.9,7.4,https://www.uefa.com/uefaeuro/history/seasons/2020/statistics/players/
395,ChristieScotland - Forward,45,1,0,0,27.9,5.5,https://www.uefa.com/uefaeuro/history/seasons/2020/statistics/players/
395,SpirovskiNorth Macedonia - Midfielder,45,1,0,0,26.5,5.3,https://www.uefa.com/uefaeuro/history/seasons/2020/statistics/players/
395,LengletFrance - Defender,45,1,0,0,23.9,4.7,https://www.uefa.com/uefaeuro/history/seasons/2020/statistics/players/
395,LobotkaSlovakia - Midfielder,45,1,0,0,20.8,5.3,https://www.uefa.com/uefaeuro/history/seasons/2020/statistics/players/
401,FraserScotland - Midfielder,43,2,0,0,26.8,5.5,https://www.uefa.com/uefaeuro/history/seasons/2020/statistics/players/
401,EriksenDenmark - Midfielder,43,1,0,0,28.6,5.1,https://www.uefa.com/uefaeuro/history/seasons/2020/statistics/players/
401,ZhirkovRussia - Midfielder,43,1,0,0,28.6,4.5,https://www.uefa.com/uefaeuro/history/seasons/2020/statistics/players/
404,BudimirCroatia - Midfielder,41,1,0,0,28.8,6.2,https://www.uefa.com/uefaeuro/history/seasons/2020/statistics/players/
405,GiroudFrance - Forward,40,2,0,0,28.8,4.5,https://www.uefa.com/uefaeuro/history/seasons/2020/statistics/players/
406,MehmediSwitzerland - Forward,38,2,0,0,26.3,5.8,https://www.uefa.com/uefaeuro/history/seasons/2020/statistics/players/
407,André SilvaPortugal - Forward,36,3,0,0,30.4,5.5,https://www.uefa.com/uefaeuro/history/seasons/2020/statistics/players/
407,BesedinUkraine - Forward,36,3,0,0,29.5,4.8,https://www.uefa.com/uefaeuro/history/seasons/2020/statistics/players/
409,VydraCzechia - Forward,35,3,0,0,29,5.7,https://www.uefa.com/uefaeuro/history/seasons/2020/statistics/players/
409,SissokoFrance - Midfielder,35,2,0,0,31.5,4.4,https://www.uefa.com/uefaeuro/history/seasons/2020/statistics/players/
409,SobolevRussia - Forward,35,2,0,0,24.8,4.4,https://www.uefa.com/uefaeuro/history/seasons/2020/statistics/players/
409,João FélixPortugal - Forward,35,1,0,0,30.4,5,https://www.uefa.com/uefaeuro/history/seasons/2020/statistics/players/
413,WeissSlovakia - Midfielder,34,2,0,0,23.9,4.7,https://www.uefa.com/uefaeuro/history/seasons/2020/statistics/players/
413,CheryshevRussia - Midfielder,34,1,0,0,27.4,5,https://www.uefa.com/uefaeuro/history/seasons/2020/statistics/players/
415,CanGermany - Defender,33,3,0,0,27,5,https://www.uefa.com/uefaeuro/history/seasons/2020/statistics/players/
415,Skov OlsenDenmark - Forward,33,2,0,0,27.4,5,https://www.uefa.com/uefaeuro/history/seasons/2020/statistics/players/
417,BrooksWales - Midfielder,31,3,0,0,27.7,4.1,https://www.uefa.com/uefaeuro/history/seasons/2020/statistics/players/
417,DembéléFrance - Forward,31,2,0,0,28.1,3.7,https://www.uefa.com/uefaeuro/history/seasons/2020/statistics/players/
419,PraetBelgium - Midfielder,30,2,0,0,26.6,4.4,https://www.uefa.com/uefaeuro/history/seasons/2020/statistics/players/
420,Halil DervişoğluTürkiye - Forward,29,2,0,0,23.2,4,https://www.uefa.com/uefaeuro/history/seasons/2020/statistics/players/
420,ŚwierczokPoland - Forward,29,1,0,0,26.5,3.4,https://www.uefa.com/uefaeuro/history/seasons/2020/statistics/players/
422,SchönHungary - Forward,28,2,0,0,27.4,4.5,https://www.uefa.com/uefaeuro/history/seasons/2020/statistics/players/
422,HalstenbergGermany - Defender,28,1,0,0,28.8,3.3,https://www.uefa.com/uefaeuro/history/seasons/2020/statistics/players/
424,CastagneBelgium - Defender,27,1,0,0,30.2,3.4,https://www.uefa.com/uefaeuro/history/seasons/2020/statistics/players/
424,BejtulaiNorth Macedonia - Defender,27,1,0,0,30.2,3.3,https://www.uefa.com/uefaeuro/history/seasons/2020/statistics/players/
426,IlsankerAustria - Midfielder,25,3,0,0,31,3.7,https://www.uefa.com/uefaeuro/history/seasons/2020/statistics/players/
426,BrabecCzechia - Defender,25,1,0,0,27.4,3.4,https://www.uefa.com/uefaeuro/history/seasons/2020/statistics/players/
428,SuslovSlovakia - Midfielder,24,2,0,0,26.6,3.9,https://www.uefa.com/uefaeuro/history/seasons/2020/statistics/players/
429,HasaniNorth Macedonia - Midfielder,22,1,0,0,25.4,3.2,https://www.uefa.com/uefaeuro/history/seasons/2020/statistics/players/
430,NisbetScotland - Forward,21,3,0,0,25,3.9,https://www.uefa.com/uefaeuro/history/seasons/2020/statistics/players/
431,LázaroAustria - Midfielder,20,1,0,0,29.7,3,https://www.uefa.com/uefaeuro/history/seasons/2020/statistics/players/
431,AlhoFinland - Midfielder,20,1,0,0,23.6,2.6,https://www.uefa.com/uefaeuro/history/seasons/2020/statistics/players/
431,BarišićCroatia - Defender,20,1,0,0,23.2,2.5,https://www.uefa.com/uefaeuro/history/seasons/2020/statistics/players/
434,HelanderSweden - Defender,19,1,0,0,22,2.3,https://www.uefa.com/uefaeuro/history/seasons/2020/statistics/players/
435,Calvert-LewinEngland - Forward,18,2,0,0,27.4,2.8,https://www.uefa.com/uefaeuro/history/seasons/2020/statistics/players/
435,Rúben NevesPortugal - Midfielder,18,1,0,0,25.2,2.6,https://www.uefa.com/uefaeuro/history/seasons/2020/statistics/players/
437,SüleGermany - Defender,17,1,0,0,26.5,2.1,https://www.uefa.com/uefaeuro/history/seasons/2020/statistics/players/
438,DovbykUkraine - Forward,15,1,1,0,25.4,1.6,https://www.uefa.com/uefaeuro/history/seasons/2020/statistics/players/
438,SchaubAustria - Midfielder,15,1,0,1,25.6,1.8,https://www.uefa.com/uefaeuro/history/seasons/2020/statistics/players/
438,LappalainenFinland - Forward,15,1,0,0,32.2,2.3,https://www.uefa.com/uefaeuro/history/seasons/2020/statistics/players/
438,BatshuayiBelgium - Forward,15,1,0,0,27,2.3,https://www.uefa.com/uefaeuro/history/seasons/2020/statistics/players/
438,CseriHungary - Midfielder,15,1,0,0,25.6,2.3,https://www.uefa.com/uefaeuro/history/seasons/2020/statistics/players/
438,PekhartCzechia - Forward,15,1,0,0,25.4,2.2,https://www.uefa.com/uefaeuro/history/seasons/2020/statistics/players/
438,RaspadoriItaly - Forward,15,1,0,0,25.2,2,https://www.uefa.com/uefaeuro/history/seasons/2020/statistics/players/
438,SoiriFinland - Midfielder,15,1,0,0,24.5,2.4,https://www.uefa.com/uefaeuro/history/seasons/2020/statistics/players/
446,BénesSlovakia - Midfielder,14,2,0,0,25.7,3.2,https://www.uefa.com/uefaeuro/history/seasons/2020/statistics/players/
446,Sérgio OliveiraPortugal - Midfielder,14,2,0,0,22.5,3.3,https://www.uefa.com/uefaeuro/history/seasons/2020/statistics/players/
448,AvramovskiNorth Macedonia - Forward,13,1,0,0,27,2,https://www.uefa.com/uefaeuro/history/seasons/2020/statistics/players/
448,TraoréSpain - Forward,13,1,0,0,25,1.7,https://www.uefa.com/uefaeuro/history/seasons/2020/statistics/players/
448,BoilesenDenmark - Defender,13,1,0,0,23.2,1.9,https://www.uefa.com/uefaeuro/history/seasons/2020/statistics/players/
448,ZubkovUkraine - Midfielder,13,1,0,0,0,1,https://www.uefa.com/uefaeuro/history/seasons/2020/statistics/players/
452,GakpoNetherlands - Forward,12,1,0,0,33.6,2,https://www.uefa.com/uefaeuro/history/seasons/2020/statistics/players/
452,StojanovskiNorth Macedonia - Forward,12,1,0,0,27,2.1,https://www.uefa.com/uefaeuro/history/seasons/2020/statistics/players/
452,SigérHungary - Midfielder,12,1,0,0,25,2.1,https://www.uefa.com/uefaeuro/history/seasons/2020/statistics/players/
452,T. RobertsWales - Forward,12,1,0,0,24.3,1.9,https://www.uefa.com/uefaeuro/history/seasons/2020/statistics/players/
452,PłachetaPoland - Midfielder,12,1,0,0,24.1,2,https://www.uefa.com/uefaeuro/history/seasons/2020/statistics/players/
457,ForrestScotland - Midfielder,11,1,0,0,27,2,https://www.uefa.com/uefaeuro/history/seasons/2020/statistics/players/
458,VollandGermany - Forward,10,2,0,0,29.2,2.8,https://www.uefa.com/uefaeuro/history/seasons/2020/statistics/players/
458,L. de JongNetherlands - Forward,10,2,0,0,26.8,2.8,https://www.uefa.com/uefaeuro/history/seasons/2020/statistics/players/
458,K. VargaHungary - Midfielder,10,2,0,0,26.3,2.3,https://www.uefa.com/uefaeuro/history/seasons/2020/statistics/players/
458,Orkun KökçüTürkiye - Midfielder,10,1,0,0,28.8,1.6,https://www.uefa.com/uefaeuro/history/seasons/2020/statistics/players/
462,MusialaGermany - Midfielder,9,2,0,0,22.9,1.9,https://www.uefa.com/uefaeuro/history/seasons/2020/statistics/players/
462,M. ThuramFrance - Forward,9,1,0,0,23.8,1.2,https://www.uefa.com/uefaeuro/history/seasons/2020/statistics/players/
464,ForssFinland - Forward,7,2,0,0,27.7,1.8,https://www.uefa.com/uefaeuro/history/seasons/2020/statistics/players/
465,F. JensenFinland - Midfielder,6,2,0,0,25.4,1.8,https://www.uefa.com/uefaeuro/history/seasons/2020/statistics/players/
465,OnisiwoAustria - Midfielder,6,1,0,0,29.9,1.4,https://www.uefa.com/uefaeuro/history/seasons/2020/statistics/players/
465,HanckoSlovakia - Defender,6,1,0,0,28.6,1.4,https://www.uefa.com/uefaeuro/history/seasons/2020/statistics/players/
465,TrimmelAustria - Defender,6,1,0,0,28.6,1,https://www.uefa.com/uefaeuro/history/seasons/2020/statistics/players/
465,BentekeBelgium - Forward,6,1,0,0,25.4,1.1,https://www.uefa.com/uefaeuro/history/seasons/2020/statistics/players/
465,CajusteSweden - Midfielder,6,1,0,0,24.8,1.8,https://www.uefa.com/uefaeuro/history/seasons/2020/statistics/players/
465,PattersonScotland - Defender,6,1,0,0,23.9,1.3,https://www.uefa.com/uefaeuro/history/seasons/2020/statistics/players/
472,BenitoSwitzerland - Defender,5,1,0,0,32.2,0.9,https://www.uefa.com/uefaeuro/history/seasons/2020/statistics/players/
472,RistevskiNorth Macedonia - Defender,5,1,0,0,21.8,1.3,https://www.uefa.com/uefaeuro/history/seasons/2020/statistics/players/
472,DawidowiczPoland - Midfielder,5,1,0,0,21.6,1.2,https://www.uefa.com/uefaeuro/history/seasons/2020/statistics/players/
475,Dorukhan ToközTürkiye - Midfielder,4,1,0,0,29.5,1,https://www.uefa.com/uefaeuro/history/seasons/2020/statistics/players/
475,M. RistovskiNorth Macedonia - Forward,4,1,0,0,25.7,0.9,https://www.uefa.com/uefaeuro/history/seasons/2020/statistics/players/
475,LevittWales - Midfielder,4,1,0,0,23.6,0.9,https://www.uefa.com/uefaeuro/history/seasons/2020/statistics/players/
478,CastrovilliItaly - Midfielder,3,1,0,0,24.1,0.9,https://www.uefa.com/uefaeuro/history/seasons/2020/statistics/players/
478,LemarFrance - Midfielder,3,1,0,0,23.2,0.8,https://www.uefa.com/uefaeuro/history/seasons/2020/statistics/players/
480,BezusUkraine - Forward,2,1,0,0,29,0.7,https://www.uefa.com/uefaeuro/history/seasons/2020/statistics/players/
480,R. VargaHungary - Midfielder,2,1,0,0,23.8,0.2,https://www.uefa.com/uefaeuro/history/seasons/2020/statistics/players/
480,VeltmanNetherlands - Defender,2,1,0,0,23.2,0.8,https://www.uefa.com/uefaeuro/history/seasons/2020/statistics/players/
480,SvenssonSweden - Midfielder,2,1,0,0,19.7,0.9,https://www.uefa.com/uefaeuro/history/seasons/2020/statistics/players/
484,SobolUkraine - Defender,1,1,0,0,25.9,0.6,https://www.uefa.com/uefaeuro/history/seasons/2020/statistics/players/
484,GregušSlovakia - Midfielder,1,1,0,0,24.1,0.5,https://www.uefa.com/uefaeuro/history/seasons/2020/statistics/players/
484,M. SadílekCzechia - Midfielder,1,1,0,0,23.4,0.7,https://www.uefa.com/uefaeuro/history/seasons/2020/statistics/players/
484,L. VäisänenFinland - Defender,1,1,0,0,17.7,0.5,https://www.uefa.com/uefaeuro/history/seasons/2020/statistics/players/
484,BaumgartlingerAustria - Midfielder,1,1,0,0,15.7,0.3,https://www.uefa.com/uefaeuro/history/seasons/2020/statistics/players/
484,SiriguItaly - Goalkeeper,1,1,0,0,12,0.2,https://www.uefa.com/uefaeuro/history/seasons/2020/statistics/players/
484,VanakenBelgium - Midfielder,1,1,0,0,0,0.4,https://www.uefa.com/uefaeuro/history/seasons/2020/statistics/players/
491,MeretItaly - Goalkeeper,-,-,-,-,-,-,https://www.uefa.com/uefaeuro/history/seasons/2020/statistics/players/
