rank,identifier,minutes_played_official,matches_appearance,goals,assists,top_speed,distance_covered,url
01,BallackGermany - Midfielder,540,6,2,-,-,-,https://www.uefa.com/uefaeuro/history/seasons/2008/statistics/players/
01,MertesackerGermany - Defender,540,6,-,-,-,-,https://www.uefa.com/uefaeuro/history/seasons/2008/statistics/players/
01,MetzelderGermany - Defender,540,6,-,-,-,-,https://www.uefa.com/uefaeuro/history/seasons/2008/statistics/players/
01,LehmannGermany,540,6,-,-,-,-,https://www.uefa.com/uefaeuro/history/seasons/2008/statistics/players/
05,PodolskiGermany - Forward,533,6,3,2,-,-,https://www.uefa.com/uefaeuro/history/seasons/2008/statistics/players/
06,KloseGermany - Forward,528,6,2,2,-,-,https://www.uefa.com/uefaeuro/history/seasons/2008/statistics/players/
07,LahmGermany - Defender,496,6,1,1,-,-,https://www.uefa.com/uefaeuro/history/seasons/2008/statistics/players/
08,ZyryanovRussia,480,5,1,-,-,-,https://www.uefa.com/uefaeuro/history/seasons/2008/statistics/players/
08,AnyukovRussia,480,5,-,2,-,-,https://www.uefa.com/uefaeuro/history/seasons/2008/statistics/players/
08,SemakRussia,480,5,-,2,-,-,https://www.uefa.com/uefaeuro/history/seasons/2008/statistics/players/
08,CapdevilaSpain - Defender,480,5,-,1,-,-,https://www.uefa.com/uefaeuro/history/seasons/2008/statistics/players/
08,RamosSpain - Defender,480,5,-,-,-,-,https://www.uefa.com/uefaeuro/history/seasons/2008/statistics/players/
08,SennaSpain - Midfielder,480,5,-,-,-,-,https://www.uefa.com/uefaeuro/history/seasons/2008/statistics/players/
08,AkinfeevRussia - Goalkeeper,480,5,-,-,-,-,https://www.uefa.com/uefaeuro/history/seasons/2008/statistics/players/
08,Hakan BaltaTürkiye,480,5,-,-,-,-,https://www.uefa.com/uefaeuro/history/seasons/2008/statistics/players/
08,MarchenaSpain - Defender,480,5,-,-,-,-,https://www.uefa.com/uefaeuro/history/seasons/2008/statistics/players/
08,CasillasSpain - Goalkeeper,480,5,-,-,-,-,https://www.uefa.com/uefaeuro/history/seasons/2008/statistics/players/
18,ZhirkovRussia - Midfielder,477,5,-,1,-,-,https://www.uefa.com/uefaeuro/history/seasons/2008/statistics/players/
19,PavlyuchenkoRussia - Forward,475,5,3,-,-,-,https://www.uefa.com/uefaeuro/history/seasons/2008/statistics/players/
20,Hamit AltıntopTürkiye - Midfielder,466,5,-,3,-,-,https://www.uefa.com/uefaeuro/history/seasons/2008/statistics/players/
21,David SilvaSpain - Midfielder,443,5,1,1,-,-,https://www.uefa.com/uefaeuro/history/seasons/2008/statistics/players/
22,IniestaSpain - Forward,419,6,-,2,-,-,https://www.uefa.com/uefaeuro/history/seasons/2008/statistics/players/
23,PuyolSpain - Defender,414,5,-,-,-,-,https://www.uefa.com/uefaeuro/history/seasons/2008/statistics/players/
24,FringsGermany - Midfielder,404,5,-,1,-,-,https://www.uefa.com/uefaeuro/history/seasons/2008/statistics/players/
25,PanucciItaly - Defender,390,4,1,-,-,-,https://www.uefa.com/uefaeuro/history/seasons/2008/statistics/players/
25,PranjićCroatia - Defender,390,4,-,2,-,-,https://www.uefa.com/uefaeuro/history/seasons/2008/statistics/players/
25,Tuncay ŞanlıTürkiye - Midfielder,390,4,-,1,-,-,https://www.uefa.com/uefaeuro/history/seasons/2008/statistics/players/
25,KolodinRussia,390,4,-,-,-,-,https://www.uefa.com/uefaeuro/history/seasons/2008/statistics/players/
25,ToniItaly - Forward,390,4,-,-,-,-,https://www.uefa.com/uefaeuro/history/seasons/2008/statistics/players/
25,IgnashevichRussia,390,4,-,-,-,-,https://www.uefa.com/uefaeuro/history/seasons/2008/statistics/players/
25,ZambrottaItaly - Defender,390,4,-,-,-,-,https://www.uefa.com/uefaeuro/history/seasons/2008/statistics/players/
25,BuffonItaly - Goalkeeper,390,4,-,-,-,-,https://www.uefa.com/uefaeuro/history/seasons/2008/statistics/players/
33,Nihat KahveciTürkiye - Forward,382,4,2,1,-,-,https://www.uefa.com/uefaeuro/history/seasons/2008/statistics/players/
34,TorresSpain,376,5,2,1,-,-,https://www.uefa.com/uefaeuro/history/seasons/2008/statistics/players/
35,Xavi HernándezSpain,368,5,1,1,-,-,https://www.uefa.com/uefaeuro/history/seasons/2008/statistics/players/
36,SemshovRussia - Midfielder,363,5,-,-,-,-,https://www.uefa.com/uefaeuro/history/seasons/2008/statistics/players/
36,ĆorlukaCroatia - Defender,363,4,-,-,-,-,https://www.uefa.com/uefaeuro/history/seasons/2008/statistics/players/
38,PepePortugal - Defender,360,4,1,-,-,-,https://www.uefa.com/uefaeuro/history/seasons/2008/statistics/players/
38,Mehmet AurélioTürkiye - Midfielder,360,4,-,-,-,-,https://www.uefa.com/uefaeuro/history/seasons/2008/statistics/players/
38,FriedrichGermany - Defender,360,4,-,-,-,-,https://www.uefa.com/uefaeuro/history/seasons/2008/statistics/players/
38,RicardoPortugal - Goalkeeper,360,4,-,-,-,-,https://www.uefa.com/uefaeuro/history/seasons/2008/statistics/players/
42,FàbregasSpain - Midfielder,336,6,1,3,-,-,https://www.uefa.com/uefaeuro/history/seasons/2008/statistics/players/
42,GrossoItaly,336,4,-,-,-,-,https://www.uefa.com/uefaeuro/history/seasons/2008/statistics/players/
44,VillaSpain - Forward,334,4,4,-,-,-,https://www.uefa.com/uefaeuro/history/seasons/2008/statistics/players/
45,SchweinsteigerGermany - Midfielder,321,5,2,2,-,-,https://www.uefa.com/uefaeuro/history/seasons/2008/statistics/players/
46,BilyaletdinovRussia - Midfielder,311,5,-,-,-,-,https://www.uefa.com/uefaeuro/history/seasons/2008/statistics/players/
46,FerreiraPortugal - Defender,311,4,-,-,-,-,https://www.uefa.com/uefaeuro/history/seasons/2008/statistics/players/
48,SneijderNetherlands - Midfielder,300,3,2,3,-,-,https://www.uefa.com/uefaeuro/history/seasons/2008/statistics/players/
48,ArshavinRussia - Midfielder,300,3,2,1,-,-,https://www.uefa.com/uefaeuro/history/seasons/2008/statistics/players/
48,Arda TuranTürkiye - Midfielder,300,3,2,-,-,-,https://www.uefa.com/uefaeuro/history/seasons/2008/statistics/players/
48,ModrićCroatia - Midfielder,300,3,1,1,-,-,https://www.uefa.com/uefaeuro/history/seasons/2008/statistics/players/
48,De RossiItaly - Midfielder,300,3,1,-,-,-,https://www.uefa.com/uefaeuro/history/seasons/2008/statistics/players/
48,Van BronckhorstNetherlands,300,3,1,-,-,-,https://www.uefa.com/uefaeuro/history/seasons/2008/statistics/players/
48,ChielliniItaly - Defender,300,3,-,1,-,-,https://www.uefa.com/uefaeuro/history/seasons/2008/statistics/players/
48,RakitićCroatia - Midfielder,300,3,-,-,-,-,https://www.uefa.com/uefaeuro/history/seasons/2008/statistics/players/
48,OoijerNetherlands,300,3,-,-,-,-,https://www.uefa.com/uefaeuro/history/seasons/2008/statistics/players/
48,N. De JongNetherlands - Midfielder,300,3,-,-,-,-,https://www.uefa.com/uefaeuro/history/seasons/2008/statistics/players/
48,ŠimunićCroatia - Defender,300,3,-,-,-,-,https://www.uefa.com/uefaeuro/history/seasons/2008/statistics/players/
48,MathijsenNetherlands - Defender,300,3,-,-,-,-,https://www.uefa.com/uefaeuro/history/seasons/2008/statistics/players/
48,R.KovačCroatia,300,3,-,-,-,-,https://www.uefa.com/uefaeuro/history/seasons/2008/statistics/players/
48,N.KovačCroatia,300,3,-,-,-,-,https://www.uefa.com/uefaeuro/history/seasons/2008/statistics/players/
48,PletikosaCroatia - Goalkeeper,300,3,-,-,-,-,https://www.uefa.com/uefaeuro/history/seasons/2008/statistics/players/
48,Van der SarNetherlands - Goalkeeper,300,3,-,-,-,-,https://www.uefa.com/uefaeuro/history/seasons/2008/statistics/players/
64,Sabri SarıoğluTürkiye - Defender,298,4,-,1,-,-,https://www.uefa.com/uefaeuro/history/seasons/2008/statistics/players/
65,SrnaCroatia,290,3,1,-,-,-,https://www.uefa.com/uefaeuro/history/seasons/2008/statistics/players/
66,EngelaarNetherlands - Midfielder,288,4,-,-,-,-,https://www.uefa.com/uefaeuro/history/seasons/2008/statistics/players/
66,Van der VaartNetherlands - Midfielder,288,3,-,1,-,-,https://www.uefa.com/uefaeuro/history/seasons/2008/statistics/players/
68,Van NistelrooyNetherlands,280,3,2,-,-,-,https://www.uefa.com/uefaeuro/history/seasons/2008/statistics/players/
69,Kazım-RichardsTürkiye - Forward,279,5,-,-,-,-,https://www.uefa.com/uefaeuro/history/seasons/2008/statistics/players/
69,Netherlands,279,4,-,-,-,-,https://www.uefa.com/uefaeuro/history/seasons/2008/statistics/players/
71,Emre AşıkTürkiye - Defender,272,4,-,-,-,-,https://www.uefa.com/uefaeuro/history/seasons/2008/statistics/players/
72,RonaldoPortugal - Forward,270,3,1,1,-,-,https://www.uefa.com/uefaeuro/history/seasons/2008/statistics/players/
72,DecoPortugal - Midfielder,270,3,1,1,-,-,https://www.uefa.com/uefaeuro/history/seasons/2008/statistics/players/
72,CharisteasGreece - Forward,270,3,1,-,-,-,https://www.uefa.com/uefaeuro/history/seasons/2008/statistics/players/
72,Pe. HanssonSweden - Defender,270,3,1,-,-,-,https://www.uefa.com/uefaeuro/history/seasons/2008/statistics/players/
72,GrygeraCzechia - Defender,270,3,-,1,-,-,https://www.uefa.com/uefaeuro/history/seasons/2008/statistics/players/
72,Servet ÇetinTürkiye,270,3,-,-,-,-,https://www.uefa.com/uefaeuro/history/seasons/2008/statistics/players/
72,Volkan DemirelTürkiye - Goalkeeper,270,3,-,-,-,-,https://www.uefa.com/uefaeuro/history/seasons/2008/statistics/players/
72,ToulalanFrance - Midfielder,270,3,-,-,-,-,https://www.uefa.com/uefaeuro/history/seasons/2008/statistics/players/
72,SenderosSwitzerland - Defender,270,3,-,-,-,-,https://www.uefa.com/uefaeuro/history/seasons/2008/statistics/players/
72,DudkaPoland,270,3,-,-,-,-,https://www.uefa.com/uefaeuro/history/seasons/2008/statistics/players/
72,KrzynówekPoland - Midfielder,270,3,-,-,-,-,https://www.uefa.com/uefaeuro/history/seasons/2008/statistics/players/
72,TamaşRomania - Defender,270,3,-,-,-,-,https://www.uefa.com/uefaeuro/history/seasons/2008/statistics/players/
72,RozehnalCzechia - Defender,270,3,-,-,-,-,https://www.uefa.com/uefaeuro/history/seasons/2008/statistics/players/
72,ČechCzechia,270,3,-,-,-,-,https://www.uefa.com/uefaeuro/history/seasons/2008/statistics/players/
72,BosingwaPortugal - Defender,270,3,-,-,-,-,https://www.uefa.com/uefaeuro/history/seasons/2008/statistics/players/
72,PogatetzAustria,270,3,-,-,-,-,https://www.uefa.com/uefaeuro/history/seasons/2008/statistics/players/
72,BorucPoland - Goalkeeper,270,3,-,-,-,-,https://www.uefa.com/uefaeuro/history/seasons/2008/statistics/players/
72,WasilewskiPoland - Defender,270,3,-,-,-,-,https://www.uefa.com/uefaeuro/history/seasons/2008/statistics/players/
72,MagninSwitzerland - Defender,270,3,-,-,-,-,https://www.uefa.com/uefaeuro/history/seasons/2008/statistics/players/
72,IsakssonSweden - Goalkeeper,270,3,-,-,-,-,https://www.uefa.com/uefaeuro/history/seasons/2008/statistics/players/
72,RaţRomania - Defender,270,3,-,-,-,-,https://www.uefa.com/uefaeuro/history/seasons/2008/statistics/players/
72,ChivuRomania,270,3,-,-,-,-,https://www.uefa.com/uefaeuro/history/seasons/2008/statistics/players/
72,KatsouranisGreece - Midfielder,270,3,-,-,-,-,https://www.uefa.com/uefaeuro/history/seasons/2008/statistics/players/
72,CoupetFrance,270,3,-,-,-,-,https://www.uefa.com/uefaeuro/history/seasons/2008/statistics/players/
72,MellbergSweden - Defender,270,3,-,-,-,-,https://www.uefa.com/uefaeuro/history/seasons/2008/statistics/players/
72,PolákCzechia - Midfielder,270,3,-,-,-,-,https://www.uefa.com/uefaeuro/history/seasons/2008/statistics/players/
72,GallasFrance - Defender,270,3,-,-,-,-,https://www.uefa.com/uefaeuro/history/seasons/2008/statistics/players/
72,SvenssonSweden - Defender,270,3,-,-,-,-,https://www.uefa.com/uefaeuro/history/seasons/2008/statistics/players/
72,StranzlAustria - Defender,270,3,-,-,-,-,https://www.uefa.com/uefaeuro/history/seasons/2008/statistics/players/
72,Ricardo CarvalhoPortugal - Defender,270,3,-,-,-,-,https://www.uefa.com/uefaeuro/history/seasons/2008/statistics/players/
72,BasinasGreece - Midfielder,270,3,-,-,-,-,https://www.uefa.com/uefaeuro/history/seasons/2008/statistics/players/
72,LobonţRomania - Goalkeeper,270,3,-,-,-,-,https://www.uefa.com/uefaeuro/history/seasons/2008/statistics/players/
72,UjfalušiCzechia - Defender,270,3,-,-,-,-,https://www.uefa.com/uefaeuro/history/seasons/2008/statistics/players/
72,MachoAustria,270,3,-,-,-,-,https://www.uefa.com/uefaeuro/history/seasons/2008/statistics/players/
72,ŻewłakowPoland - Defender,270,3,-,-,-,-,https://www.uefa.com/uefaeuro/history/seasons/2008/statistics/players/
72,MakeleleFrance,270,3,-,-,-,-,https://www.uefa.com/uefaeuro/history/seasons/2008/statistics/players/
72,JankulovskiCzechia - Defender,270,3,-,-,-,-,https://www.uefa.com/uefaeuro/history/seasons/2008/statistics/players/
72,MüllerSwitzerland - Defender,270,3,-,-,-,-,https://www.uefa.com/uefaeuro/history/seasons/2008/statistics/players/
72,LjungbergSweden,270,3,-,-,-,-,https://www.uefa.com/uefaeuro/history/seasons/2008/statistics/players/
72,ContraRomania,270,3,-,-,-,-,https://www.uefa.com/uefaeuro/history/seasons/2008/statistics/players/
72,NikopolidisGreece,270,3,-,-,-,-,https://www.uefa.com/uefaeuro/history/seasons/2008/statistics/players/
72,InlerSwitzerland - Midfielder,270,3,-,-,-,-,https://www.uefa.com/uefaeuro/history/seasons/2008/statistics/players/
114,Mehmet TopalTürkiye - Midfielder,268,4,-,-,-,-,https://www.uefa.com/uefaeuro/history/seasons/2008/statistics/players/
115,LarssonSweden,267,3,-,1,-,-,https://www.uefa.com/uefaeuro/history/seasons/2008/statistics/players/
116,HitzlspergerGermany - Midfielder,266,5,-,1,-,-,https://www.uefa.com/uefaeuro/history/seasons/2008/statistics/players/
117,Gökhan ZanTürkiye - Defender,265,3,-,-,-,-,https://www.uefa.com/uefaeuro/history/seasons/2008/statistics/players/
118,BehramiSwitzerland - Midfielder,264,3,-,-,-,-,https://www.uefa.com/uefaeuro/history/seasons/2008/statistics/players/
119,NilssonSweden - Midfielder,259,3,-,-,-,-,https://www.uefa.com/uefaeuro/history/seasons/2008/statistics/players/
120,SionkoCzechia - Midfielder,257,3,1,1,-,-,https://www.uefa.com/uefaeuro/history/seasons/2008/statistics/players/
121,MutuRomania,256,3,1,-,-,-,https://www.uefa.com/uefaeuro/history/seasons/2008/statistics/players/
121,FernandesSwitzerland - Midfielder,256,3,-,-,-,-,https://www.uefa.com/uefaeuro/history/seasons/2008/statistics/players/
123,PlašilCzechia - Midfielder,255,3,1,1,-,-,https://www.uefa.com/uefaeuro/history/seasons/2008/statistics/players/
124,GalásekCzechia - Midfielder,253,3,-,1,-,-,https://www.uefa.com/uefaeuro/history/seasons/2008/statistics/players/
124,PetitPortugal - Midfielder,253,3,-,-,-,-,https://www.uefa.com/uefaeuro/history/seasons/2008/statistics/players/
124,SimãoPortugal - Midfielder,253,3,-,-,-,-,https://www.uefa.com/uefaeuro/history/seasons/2008/statistics/players/
127,OlićCroatia - Forward,252,3,1,-,-,-,https://www.uefa.com/uefaeuro/history/seasons/2008/statistics/players/
128,AmbrosiniItaly - Midfielder,250,4,-,-,-,-,https://www.uefa.com/uefaeuro/history/seasons/2008/statistics/players/
128,DellasGreece - Defender,250,3,-,-,-,-,https://www.uefa.com/uefaeuro/history/seasons/2008/statistics/players/
130,CamoranesiItaly - Midfielder,248,4,-,-,-,-,https://www.uefa.com/uefaeuro/history/seasons/2008/statistics/players/
130,LichtsteinerSwitzerland,248,3,-,-,-,-,https://www.uefa.com/uefaeuro/history/seasons/2008/statistics/players/
132,HarnikAustria - Midfielder,247,3,-,-,-,-,https://www.uefa.com/uefaeuro/history/seasons/2008/statistics/players/
133,IvanschitzAustria - Midfielder,244,3,-,-,-,-,https://www.uefa.com/uefaeuro/history/seasons/2008/statistics/players/
134,KyrgiakosGreece - Defender,242,3,-,-,-,-,https://www.uefa.com/uefaeuro/history/seasons/2008/statistics/players/
135,Semih ŞentürkTürkiye - Forward,239,5,3,-,-,-,https://www.uefa.com/uefaeuro/history/seasons/2008/statistics/players/
136,AnderssonSweden,236,3,-,-,-,-,https://www.uefa.com/uefaeuro/history/seasons/2008/statistics/players/
137,FritzGermany - Defender,235,4,-,-,-,-,https://www.uefa.com/uefaeuro/history/seasons/2008/statistics/players/
137,PirloItaly - Midfielder,235,3,1,-,-,-,https://www.uefa.com/uefaeuro/history/seasons/2008/statistics/players/
139,AufhauserAustria,227,3,-,-,-,-,https://www.uefa.com/uefaeuro/history/seasons/2008/statistics/players/
140,KranjčarCroatia - Midfielder,226,4,-,-,-,-,https://www.uefa.com/uefaeuro/history/seasons/2008/statistics/players/
140,M. LewandowskiPoland - Midfielder,226,3,-,-,-,-,https://www.uefa.com/uefaeuro/history/seasons/2008/statistics/players/
142,PetrićCroatia - Forward,220,4,-,-,-,-,https://www.uefa.com/uefaeuro/history/seasons/2008/statistics/players/
143,Van PersieNetherlands,219,4,2,1,-,-,https://www.uefa.com/uefaeuro/history/seasons/2008/statistics/players/
143,GuerreiroPoland - Midfielder,219,3,1,-,-,-,https://www.uefa.com/uefaeuro/history/seasons/2008/statistics/players/
145,Hakan YakinSwitzerland - Forward,216,3,3,-,-,-,https://www.uefa.com/uefaeuro/history/seasons/2008/statistics/players/
146,João MoutinhoPortugal - Midfielder,215,4,-,1,-,-,https://www.uefa.com/uefaeuro/history/seasons/2008/statistics/players/
146,Nuno GomesPortugal,215,3,1,1,-,-,https://www.uefa.com/uefaeuro/history/seasons/2008/statistics/players/
146,SmolarekPoland - Midfielder,215,3,-,-,-,-,https://www.uefa.com/uefaeuro/history/seasons/2008/statistics/players/
149,KaragounisGreece - Midfielder,214,3,-,1,-,-,https://www.uefa.com/uefaeuro/history/seasons/2008/statistics/players/
150,CassanoItaly - Forward,213,4,-,-,-,-,https://www.uefa.com/uefaeuro/history/seasons/2008/statistics/players/
151,GomezGermany - Forward,212,4,-,-,-,-,https://www.uefa.com/uefaeuro/history/seasons/2008/statistics/players/
152,KuytNetherlands - Midfielder,211,4,1,2,-,-,https://www.uefa.com/uefaeuro/history/seasons/2008/statistics/players/
152,D.NiculaeRomania - Forward,211,3,-,-,-,-,https://www.uefa.com/uefaeuro/history/seasons/2008/statistics/players/
154,Rüştü ReçberTürkiye - Goalkeeper,210,2,-,1,-,-,https://www.uefa.com/uefaeuro/history/seasons/2008/statistics/players/
155,IbrahimovićSweden - Forward,207,3,2,-,-,-,https://www.uefa.com/uefaeuro/history/seasons/2008/statistics/players/
156,NicoliţăRomania - Midfielder,202,3,-,-,-,-,https://www.uefa.com/uefaeuro/history/seasons/2008/statistics/players/
157,KorkmazAustria - Midfielder,201,3,-,-,-,-,https://www.uefa.com/uefaeuro/history/seasons/2008/statistics/players/
158,StoorSweden - Defender,196,3,-,1,-,-,https://www.uefa.com/uefaeuro/history/seasons/2008/statistics/players/
159,RibéryFrance - Midfielder,190,3,-,-,-,-,https://www.uefa.com/uefaeuro/history/seasons/2008/statistics/players/
159,AmanatidisGreece,190,3,-,-,-,-,https://www.uefa.com/uefaeuro/history/seasons/2008/statistics/players/
161,ElmanderSweden - Forward,188,3,-,-,-,-,https://www.uefa.com/uefaeuro/history/seasons/2008/statistics/players/
161,CodreaRomania - Midfielder,188,3,-,-,-,-,https://www.uefa.com/uefaeuro/history/seasons/2008/statistics/players/
163,DerdiyokSwitzerland - Forward,186,3,-,2,-,-,https://www.uefa.com/uefaeuro/history/seasons/2008/statistics/players/
164,BarnettaSwitzerland - Midfielder,185,3,-,-,-,-,https://www.uefa.com/uefaeuro/history/seasons/2008/statistics/players/
165,JansenGermany - Defender,182,5,-,-,-,-,https://www.uefa.com/uefaeuro/history/seasons/2008/statistics/players/
165,SaenkoRussia - Forward,182,4,-,-,-,-,https://www.uefa.com/uefaeuro/history/seasons/2008/statistics/players/
167,HenryFrance - Forward,180,2,1,-,-,-,https://www.uefa.com/uefaeuro/history/seasons/2008/statistics/players/
167,SagnolFrance,180,2,-,1,-,-,https://www.uefa.com/uefaeuro/history/seasons/2008/statistics/players/
167,TorosidisGreece,180,2,-,-,-,-,https://www.uefa.com/uefaeuro/history/seasons/2008/statistics/players/
167,GaricsAustria - Midfielder,180,2,-,-,-,-,https://www.uefa.com/uefaeuro/history/seasons/2008/statistics/players/
167,GoianRomania - Defender,180,2,-,-,-,-,https://www.uefa.com/uefaeuro/history/seasons/2008/statistics/players/
167,EvraFrance - Defender,180,2,-,-,-,-,https://www.uefa.com/uefaeuro/history/seasons/2008/statistics/players/
167,ThuramFrance - Defender,180,2,-,-,-,-,https://www.uefa.com/uefaeuro/history/seasons/2008/statistics/players/
167,BenaglioSwitzerland - Goalkeeper,180,2,-,-,-,-,https://www.uefa.com/uefaeuro/history/seasons/2008/statistics/players/
167,BąkPoland - Defender,180,2,-,-,-,-,https://www.uefa.com/uefaeuro/history/seasons/2008/statistics/players/
167,PrödlAustria - Defender,180,2,-,-,-,-,https://www.uefa.com/uefaeuro/history/seasons/2008/statistics/players/
177,PerrottaItaly - Midfielder,179,3,-,-,-,-,https://www.uefa.com/uefaeuro/history/seasons/2008/statistics/players/
178,Santi CazorlaSpain - Midfielder,175,5,-,-,-,-,https://www.uefa.com/uefaeuro/history/seasons/2008/statistics/players/
179,GattusoItaly,172,2,-,1,-,-,https://www.uefa.com/uefaeuro/history/seasons/2008/statistics/players/
180,HeitingaNetherlands,169,3,-,-,-,-,https://www.uefa.com/uefaeuro/history/seasons/2008/statistics/players/
181,BenzemaFrance - Forward,168,2,-,-,-,-,https://www.uefa.com/uefaeuro/history/seasons/2008/statistics/players/
182,SaganowskiPoland,167,3,-,1,-,-,https://www.uefa.com/uefaeuro/history/seasons/2008/statistics/players/
183,KollerCzechia - Forward,163,3,1,-,-,-,https://www.uefa.com/uefaeuro/history/seasons/2008/statistics/players/
184,TorbinskiRussia - Midfielder,161,3,1,-,-,-,https://www.uefa.com/uefaeuro/history/seasons/2008/statistics/players/
185,GüizaSpain - Forward,158,4,2,1,-,-,https://www.uefa.com/uefaeuro/history/seasons/2008/statistics/players/
186,AfellayNetherlands,157,3,-,1,-,-,https://www.uefa.com/uefaeuro/history/seasons/2008/statistics/players/
187,Raul MeirelesPortugal - Midfielder,156,3,1,-,-,-,https://www.uefa.com/uefaeuro/history/seasons/2008/statistics/players/
187,CocişRomania - Midfielder,156,3,-,-,-,-,https://www.uefa.com/uefaeuro/history/seasons/2008/statistics/players/
187,AlbiolSpain - Defender,156,2,-,-,-,-,https://www.uefa.com/uefaeuro/history/seasons/2008/statistics/players/
190,Xabi AlonsoSpain,151,4,-,-,-,-,https://www.uefa.com/uefaeuro/history/seasons/2008/statistics/players/
191,MaloudaFrance - Midfielder,150,2,-,-,-,-,https://www.uefa.com/uefaeuro/history/seasons/2008/statistics/players/
192,JarolímCzechia - Midfielder,143,3,-,-,-,-,https://www.uefa.com/uefaeuro/history/seasons/2008/statistics/players/
192,Uğur BoralTürkiye - Midfielder,143,2,1,-,-,-,https://www.uefa.com/uefaeuro/history/seasons/2008/statistics/players/
194,GovouFrance - Forward,141,2,-,-,-,-,https://www.uefa.com/uefaeuro/history/seasons/2008/statistics/players/
195,LinzAustria - Forward,137,2,-,-,-,-,https://www.uefa.com/uefaeuro/history/seasons/2008/statistics/players/
196,RolfesGermany,136,2,-,-,-,-,https://www.uefa.com/uefaeuro/history/seasons/2008/statistics/players/
197,NaniPortugal - Forward,134,3,-,1,-,-,https://www.uefa.com/uefaeuro/history/seasons/2008/statistics/players/
198,SeitaridisGreece - Defender,130,2,-,-,-,-,https://www.uefa.com/uefaeuro/history/seasons/2008/statistics/players/
199,ŁobodzińskiPoland - Midfielder,127,3,-,-,-,-,https://www.uefa.com/uefaeuro/history/seasons/2008/statistics/players/
200,LeitgebAustria - Midfielder,125,2,-,-,-,-,https://www.uefa.com/uefaeuro/history/seasons/2008/statistics/players/
201,GolańskiPoland - Defender,119,2,-,-,-,-,https://www.uefa.com/uefaeuro/history/seasons/2008/statistics/players/
202,AntzasGreece - Defender,118,2,-,-,-,-,https://www.uefa.com/uefaeuro/history/seasons/2008/statistics/players/
203,AquilaniItaly - Midfielder,116,2,-,-,-,-,https://www.uefa.com/uefaeuro/history/seasons/2008/statistics/players/
204,Del PieroItaly - Forward,115,3,-,-,-,-,https://www.uefa.com/uefaeuro/history/seasons/2008/statistics/players/
204,RădoiRomania,115,2,-,-,-,-,https://www.uefa.com/uefaeuro/history/seasons/2008/statistics/players/
206,AbidalFrance - Defender,114,2,-,-,-,-,https://www.uefa.com/uefaeuro/history/seasons/2008/statistics/players/
207,AnelkaFrance - Forward,111,3,-,-,-,-,https://www.uefa.com/uefaeuro/history/seasons/2008/statistics/players/
208,Di NataleItaly - Forward,109,2,-,-,-,-,https://www.uefa.com/uefaeuro/history/seasons/2008/statistics/players/
209,MatějovskýCzechia - Midfielder,107,2,-,-,-,-,https://www.uefa.com/uefaeuro/history/seasons/2008/statistics/players/
210,Fernando MeiraPortugal - Defender,106,3,-,-,-,-,https://www.uefa.com/uefaeuro/history/seasons/2008/statistics/players/
211,RobbenNetherlands - Midfielder,105,2,1,1,-,-,https://www.uefa.com/uefaeuro/history/seasons/2008/statistics/players/
212,SäumelAustria - Midfielder,104,3,-,-,-,-,https://www.uefa.com/uefaeuro/history/seasons/2008/statistics/players/
213,BoumaNetherlands - Defender,102,2,-,-,-,-,https://www.uefa.com/uefaeuro/history/seasons/2008/statistics/players/
214,VonlanthenSwitzerland - Forward,100,3,-,-,-,-,https://www.uefa.com/uefaeuro/history/seasons/2008/statistics/players/
214,QuaresmaPortugal - Midfielder,100,2,1,-,-,-,https://www.uefa.com/uefaeuro/history/seasons/2008/statistics/players/
214,LekoCroatia,100,2,-,-,-,-,https://www.uefa.com/uefaeuro/history/seasons/2008/statistics/players/
217,KlasnićCroatia - Forward,97,2,2,-,-,-,https://www.uefa.com/uefaeuro/history/seasons/2008/statistics/players/
217,VukojevićCroatia,97,2,-,-,-,-,https://www.uefa.com/uefaeuro/history/seasons/2008/statistics/players/
219,MurawskiPoland - Midfielder,95,2,-,-,-,-,https://www.uefa.com/uefaeuro/history/seasons/2008/statistics/players/
220,V. BerezutskiRussia,93,2,-,-,-,-,https://www.uefa.com/uefaeuro/history/seasons/2008/statistics/players/
221,Hélder PostigaPortugal - Forward,91,2,1,-,-,-,https://www.uefa.com/uefaeuro/history/seasons/2008/statistics/players/
222,De la RedSpain - Midfielder,90,1,1,-,-,-,https://www.uefa.com/uefaeuro/history/seasons/2008/statistics/players/
222,De ZeeuwNetherlands - Midfielder,90,1,-,1,-,-,https://www.uefa.com/uefaeuro/history/seasons/2008/statistics/players/
222,Sergio GarcíaSpain - Forward,90,1,-,1,-,-,https://www.uefa.com/uefaeuro/history/seasons/2008/statistics/players/
222,ShirokovRussia - Midfielder,90,1,-,1,-,-,https://www.uefa.com/uefaeuro/history/seasons/2008/statistics/players/
222,HofferAustria - Forward,90,1,-,-,-,-,https://www.uefa.com/uefaeuro/history/seasons/2008/statistics/players/
222,BarzagliItaly - Defender,90,1,-,-,-,-,https://www.uefa.com/uefaeuro/history/seasons/2008/statistics/players/
222,ClercFrance - Defender,90,1,-,-,-,-,https://www.uefa.com/uefaeuro/history/seasons/2008/statistics/players/
222,FuchsAustria - Defender,90,1,-,-,-,-,https://www.uefa.com/uefaeuro/history/seasons/2008/statistics/players/
222,JuanitoSpain - Defender,90,1,-,-,-,-,https://www.uefa.com/uefaeuro/history/seasons/2008/statistics/players/
222,Bruno AlvesPortugal - Defender,90,1,-,-,-,-,https://www.uefa.com/uefaeuro/history/seasons/2008/statistics/players/
222,SpyropoulosGreece - Defender,90,1,-,-,-,-,https://www.uefa.com/uefaeuro/history/seasons/2008/statistics/players/
222,PokrivačCroatia - Midfielder,90,1,-,-,-,-,https://www.uefa.com/uefaeuro/history/seasons/2008/statistics/players/
222,StrellerSwitzerland - Forward,90,1,-,-,-,-,https://www.uefa.com/uefaeuro/history/seasons/2008/statistics/players/
222,ArbeloaSpain,90,1,-,-,-,-,https://www.uefa.com/uefaeuro/history/seasons/2008/statistics/players/
222,Fernando NavarroSpain,90,1,-,-,-,-,https://www.uefa.com/uefaeuro/history/seasons/2008/statistics/players/
222,VyntraGreece - Defender,90,1,-,-,-,-,https://www.uefa.com/uefaeuro/history/seasons/2008/statistics/players/
222,MiguelPortugal - Defender,90,1,-,-,-,-,https://www.uefa.com/uefaeuro/history/seasons/2008/statistics/players/
222,ReinaSpain - Goalkeeper,90,1,-,-,-,-,https://www.uefa.com/uefaeuro/history/seasons/2008/statistics/players/
222,VejićCroatia - Defender,90,1,-,-,-,-,https://www.uefa.com/uefaeuro/history/seasons/2008/statistics/players/
222,StandfestAustria - Defender,90,1,-,-,-,-,https://www.uefa.com/uefaeuro/history/seasons/2008/statistics/players/
222,GhioneaRomania - Defender,90,1,-,-,-,-,https://www.uefa.com/uefaeuro/history/seasons/2008/statistics/players/
222,BarošCzechia - Forward,90,1,-,-,-,-,https://www.uefa.com/uefaeuro/history/seasons/2008/statistics/players/
222,PatsatzoglouGreece - Defender,90,1,-,-,-,-,https://www.uefa.com/uefaeuro/history/seasons/2008/statistics/players/
222,Emre BelözoğluTürkiye - Midfielder,90,1,-,-,-,-,https://www.uefa.com/uefaeuro/history/seasons/2008/statistics/players/
222,De ClerNetherlands - Defender,90,1,-,-,-,-,https://www.uefa.com/uefaeuro/history/seasons/2008/statistics/players/
222,StekelenburgNetherlands - Goalkeeper,90,1,-,-,-,-,https://www.uefa.com/uefaeuro/history/seasons/2008/statistics/players/
222,RunjeCroatia,90,1,-,-,-,-,https://www.uefa.com/uefaeuro/history/seasons/2008/statistics/players/
222,WawrzyniakPoland - Defender,90,1,-,-,-,-,https://www.uefa.com/uefaeuro/history/seasons/2008/statistics/players/
222,ZuberbühlerSwitzerland - Goalkeeper,90,1,-,-,-,-,https://www.uefa.com/uefaeuro/history/seasons/2008/statistics/players/
222,D. ŠimićCroatia - Defender,90,1,-,-,-,-,https://www.uefa.com/uefaeuro/history/seasons/2008/statistics/players/
252,SalpingidisGreece - Forward,86,1,-,-,-,-,https://www.uefa.com/uefaeuro/history/seasons/2008/statistics/players/
253,DicăRomania,84,3,-,-,-,-,https://www.uefa.com/uefaeuro/history/seasons/2008/statistics/players/
253,SychevRussia - Forward,84,3,-,-,-,-,https://www.uefa.com/uefaeuro/history/seasons/2008/statistics/players/
255,HuntelaarNetherlands - Forward,83,1,1,-,-,-,https://www.uefa.com/uefaeuro/history/seasons/2008/statistics/players/
256,Ayhan AkmanTürkiye - Midfielder,81,1,-,-,-,-,https://www.uefa.com/uefaeuro/history/seasons/2008/statistics/players/
257,WilhelmssonSweden - Midfielder,78,1,-,-,-,-,https://www.uefa.com/uefaeuro/history/seasons/2008/statistics/players/
258,GekasGreece - Forward,75,2,-,-,-,-,https://www.uefa.com/uefaeuro/history/seasons/2008/statistics/players/
259,AlexanderssonSweden - Midfielder,74,1,-,-,-,-,https://www.uefa.com/uefaeuro/history/seasons/2008/statistics/players/
260,M.NiculaeRomania - Forward,71,2,-,-,-,-,https://www.uefa.com/uefaeuro/history/seasons/2008/statistics/players/
260,Miguel VelosoPortugal - Midfielder,71,1,-,-,-,-,https://www.uefa.com/uefaeuro/history/seasons/2008/statistics/players/
262,GercaliuAustria - Defender,69,1,-,-,-,-,https://www.uefa.com/uefaeuro/history/seasons/2008/statistics/players/
263,PetreRomania - Midfielder,68,2,-,-,-,-,https://www.uefa.com/uefaeuro/history/seasons/2008/statistics/players/
264,KienastAustria - Forward,66,3,-,-,-,-,https://www.uefa.com/uefaeuro/history/seasons/2008/statistics/players/
265,BoumsongFrance - Defender,64,1,-,-,-,-,https://www.uefa.com/uefaeuro/history/seasons/2008/statistics/players/
266,Emre GüngörTürkiye - Defender,63,1,-,-,-,-,https://www.uefa.com/uefaeuro/history/seasons/2008/statistics/players/
267,KneževićCroatia - Defender,61,3,-,-,-,-,https://www.uefa.com/uefaeuro/history/seasons/2008/statistics/players/
267,LiberopoulosGreece - Forward,61,1,-,-,-,-,https://www.uefa.com/uefaeuro/history/seasons/2008/statistics/players/
269,RosenbergSweden - Forward,56,2,-,-,-,-,https://www.uefa.com/uefaeuro/history/seasons/2008/statistics/players/
270,VasticAustria - Forward,55,2,1,-,-,-,https://www.uefa.com/uefaeuro/history/seasons/2008/statistics/players/
270,Mevlüt ErdinçTürkiye - Forward,55,2,-,-,-,-,https://www.uefa.com/uefaeuro/history/seasons/2008/statistics/players/
270,HidenAustria - Defender,55,1,-,-,-,-,https://www.uefa.com/uefaeuro/history/seasons/2008/statistics/players/
273,Gökdeniz KaradenizTürkiye - Midfielder,54,3,-,-,-,-,https://www.uefa.com/uefaeuro/history/seasons/2008/statistics/players/
273,MaterazziItaly - Defender,54,1,-,-,-,-,https://www.uefa.com/uefaeuro/history/seasons/2008/statistics/players/
275,Jorge RibeiroPortugal - Defender,49,1,-,-,-,-,https://www.uefa.com/uefaeuro/history/seasons/2008/statistics/players/
276,GomisFrance - Forward,48,2,-,-,-,-,https://www.uefa.com/uefaeuro/history/seasons/2008/statistics/players/
277,Tümer MetinTürkiye - Midfielder,46,2,-,-,-,-,https://www.uefa.com/uefaeuro/history/seasons/2008/statistics/players/
277,ŻurawskiPoland - Forward,46,1,-,-,-,-,https://www.uefa.com/uefaeuro/history/seasons/2008/statistics/players/
277,JopPoland - Defender,46,1,-,-,-,-,https://www.uefa.com/uefaeuro/history/seasons/2008/statistics/players/
280,A. FreiSwitzerland,45,1,-,-,-,-,https://www.uefa.com/uefaeuro/history/seasons/2008/statistics/players/
281,KokoszkaPoland - Defender,44,1,-,-,-,-,https://www.uefa.com/uefaeuro/history/seasons/2008/statistics/players/
281,SamarasGreece,44,1,-,-,-,-,https://www.uefa.com/uefaeuro/history/seasons/2008/statistics/players/
281,OdonkorGermany - Forward,44,1,-,-,-,-,https://www.uefa.com/uefaeuro/history/seasons/2008/statistics/players/
284,KuranyiGermany - Forward,41,3,-,-,-,-,https://www.uefa.com/uefaeuro/history/seasons/2008/statistics/players/
285,KällströmSweden - Midfielder,37,2,-,-,-,-,https://www.uefa.com/uefaeuro/history/seasons/2008/statistics/players/
286,VlčekCzechia,35,3,-,-,-,-,https://www.uefa.com/uefaeuro/history/seasons/2008/statistics/players/
287,SvěrkošCzechia - Forward,34,1,1,-,-,-,https://www.uefa.com/uefaeuro/history/seasons/2008/statistics/players/
288,MelchiotNetherlands - Defender,32,1,-,-,-,-,https://www.uefa.com/uefaeuro/history/seasons/2008/statistics/players/
289,NasriFrance - Midfielder,28,2,-,-,-,-,https://www.uefa.com/uefaeuro/history/seasons/2008/statistics/players/
290,Hugo AlmeidaPortugal - Forward,27,2,-,-,-,-,https://www.uefa.com/uefaeuro/history/seasons/2008/statistics/players/
291,BystrovRussia - Midfielder,25,2,-,-,-,-,https://www.uefa.com/uefaeuro/history/seasons/2008/statistics/players/
291,PiszczekPoland - Defender,25,1,-,-,-,-,https://www.uefa.com/uefaeuro/history/seasons/2008/statistics/players/
293,ZahorskiPoland - Forward,21,1,-,-,-,-,https://www.uefa.com/uefaeuro/history/seasons/2008/statistics/players/
294,AdamovRussia - Forward,20,1,-,-,-,-,https://www.uefa.com/uefaeuro/history/seasons/2008/statistics/players/
295,BorowskiGermany - Midfielder,18,2,-,-,-,-,https://www.uefa.com/uefaeuro/history/seasons/2008/statistics/players/
295,CabanasSwitzerland - Midfielder,18,2,-,-,-,-,https://www.uefa.com/uefaeuro/history/seasons/2008/statistics/players/
295,BudanCroatia - Forward,18,1,-,-,-,-,https://www.uefa.com/uefaeuro/history/seasons/2008/statistics/players/
298,N. KalinićCroatia - Forward,16,1,-,-,-,-,https://www.uefa.com/uefaeuro/history/seasons/2008/statistics/players/
298,TziolisGreece - Midfielder,16,1,-,-,-,-,https://www.uefa.com/uefaeuro/history/seasons/2008/statistics/players/
300,GiannakopoulosGreece - Midfielder,14,2,-,-,-,-,https://www.uefa.com/uefaeuro/history/seasons/2008/statistics/players/
301,QuagliarellaItaly - Forward,13,1,-,-,-,-,https://www.uefa.com/uefaeuro/history/seasons/2008/statistics/players/
302,S. LarssonSweden - Midfielder,11,1,-,-,-,-,https://www.uefa.com/uefaeuro/history/seasons/2008/statistics/players/
302,AllbäckSweden - Forward,11,1,-,-,-,-,https://www.uefa.com/uefaeuro/history/seasons/2008/statistics/players/
304,KadlecCzechia - Defender,10,1,-,-,-,-,https://www.uefa.com/uefaeuro/history/seasons/2008/statistics/players/
305,GrichtingSwitzerland - Defender,7,1,-,-,-,-,https://www.uefa.com/uefaeuro/history/seasons/2008/statistics/players/
305,Vennegoor of HesselinkNetherlands - Forward,7,1,-,-,-,-,https://www.uefa.com/uefaeuro/history/seasons/2008/statistics/players/
305,NeuvilleGermany,7,1,-,-,-,-,https://www.uefa.com/uefaeuro/history/seasons/2008/statistics/players/
308,GygaxSwitzerland - Midfielder,5,1,-,-,-,-,https://www.uefa.com/uefaeuro/history/seasons/2008/statistics/players/
309,KováčCzechia - Defender,3,1,-,-,-,-,https://www.uefa.com/uefaeuro/history/seasons/2008/statistics/players/
310,MandandaFrance - Goalkeeper,0,0,-,-,-,-,https://www.uefa.com/uefaeuro/history/seasons/2008/statistics/players/
310,GranqvistSweden - Defender,0,0,-,-,-,-,https://www.uefa.com/uefaeuro/history/seasons/2008/statistics/players/
310,ÖzcanAustria,0,0,-,-,-,-,https://www.uefa.com/uefaeuro/history/seasons/2008/statistics/players/
310,CristeaRomania - Midfielder,0,0,-,-,-,-,https://www.uefa.com/uefaeuro/history/seasons/2008/statistics/players/
310,MoţiRomania - Defender,0,0,-,-,-,-,https://www.uefa.com/uefaeuro/history/seasons/2008/statistics/players/
310,Rui PatrícioPortugal - Goalkeeper,0,0,-,-,-,-,https://www.uefa.com/uefaeuro/history/seasons/2008/statistics/players/
310,IvanovRussia - Midfielder,0,0,-,-,-,-,https://www.uefa.com/uefaeuro/history/seasons/2008/statistics/players/
310,FeninCzechia - Forward,0,0,-,-,-,-,https://www.uefa.com/uefaeuro/history/seasons/2008/statistics/players/
310,PospěchCzechia - Defender,0,0,-,-,-,-,https://www.uefa.com/uefaeuro/history/seasons/2008/statistics/players/
310,SquillaciFrance - Defender,0,0,-,-,-,-,https://www.uefa.com/uefaeuro/history/seasons/2008/statistics/players/
310,TzorvasGreece - Goalkeeper,0,0,-,-,-,-,https://www.uefa.com/uefaeuro/history/seasons/2008/statistics/players/
310,WestermannGermany - Defender,0,0,-,-,-,-,https://www.uefa.com/uefaeuro/history/seasons/2008/statistics/players/
310,RaduRomania - Defender,0,0,-,-,-,-,https://www.uefa.com/uefaeuro/history/seasons/2008/statistics/players/
310,DjourouSwitzerland - Defender,0,-,-,-,-,-,https://www.uefa.com/uefaeuro/history/seasons/2008/statistics/players/
310,YanbaevRussia - Defender,0,0,-,-,-,-,https://www.uefa.com/uefaeuro/history/seasons/2008/statistics/players/
310,StăncioiuRomania - Goalkeeper,0,0,-,-,-,-,https://www.uefa.com/uefaeuro/history/seasons/2008/statistics/players/
310,BorrielloItaly - Forward,0,0,-,-,-,-,https://www.uefa.com/uefaeuro/history/seasons/2008/statistics/players/
310,PopaRomania,0,0,-,-,-,-,https://www.uefa.com/uefaeuro/history/seasons/2008/statistics/players/
310,ShaabanSweden - Goalkeeper,0,0,-,-,-,-,https://www.uefa.com/uefaeuro/history/seasons/2008/statistics/players/
310,MaricaRomania - Forward,0,0,-,-,-,-,https://www.uefa.com/uefaeuro/history/seasons/2008/statistics/players/
310,FabiańskiPoland - Goalkeeper,0,0,-,-,-,-,https://www.uefa.com/uefaeuro/history/seasons/2008/statistics/players/
310,KatzerAustria - Defender,0,0,-,-,-,-,https://www.uefa.com/uefaeuro/history/seasons/2008/statistics/players/
310,JakupovićSwitzerland - Goalkeeper,0,-,-,-,-,-,https://www.uefa.com/uefaeuro/history/seasons/2008/statistics/players/
310,TimmerNetherlands - Goalkeeper,0,0,-,-,-,-,https://www.uefa.com/uefaeuro/history/seasons/2008/statistics/players/
310,P. DegenSwitzerland - Defender,0,-,-,-,-,-,https://www.uefa.com/uefaeuro/history/seasons/2008/statistics/players/
310,TrochowskiGermany - Midfielder,0,0,-,-,-,-,https://www.uefa.com/uefaeuro/history/seasons/2008/statistics/players/
310,AdlerGermany - Goalkeeper,0,0,-,-,-,-,https://www.uefa.com/uefaeuro/history/seasons/2008/statistics/players/
310,SpycherSwitzerland,0,-,-,-,-,-,https://www.uefa.com/uefaeuro/history/seasons/2008/statistics/players/
310,Tolga ZenginTürkiye - Goalkeeper,0,0,-,-,-,-,https://www.uefa.com/uefaeuro/history/seasons/2008/statistics/players/
310,SivokCzechia - Defender,0,0,-,-,-,-,https://www.uefa.com/uefaeuro/history/seasons/2008/statistics/players/
310,GabulovRussia - Goalkeeper,0,0,-,-,-,-,https://www.uefa.com/uefaeuro/history/seasons/2008/statistics/players/
310,GamberiniItaly - Defender,0,0,-,-,-,-,https://www.uefa.com/uefaeuro/history/seasons/2008/statistics/players/
310,MajstorovicSweden - Defender,0,0,-,-,-,-,https://www.uefa.com/uefaeuro/history/seasons/2008/statistics/players/
310,KowalewskiPoland,0,0,-,-,-,-,https://www.uefa.com/uefaeuro/history/seasons/2008/statistics/players/
310,HuggelSwitzerland - Midfielder,0,-,-,-,-,-,https://www.uefa.com/uefaeuro/history/seasons/2008/statistics/players/
310,SkácelCzechia - Midfielder,0,0,-,-,-,-,https://www.uefa.com/uefaeuro/history/seasons/2008/statistics/players/
310,A. BerezutskiRussia - Defender,0,0,-,-,-,-,https://www.uefa.com/uefaeuro/history/seasons/2008/statistics/players/
310,AmeliaItaly - Goalkeeper,0,0,-,-,-,-,https://www.uefa.com/uefaeuro/history/seasons/2008/statistics/players/
310,ChalkiasGreece - Goalkeeper,0,0,-,-,-,-,https://www.uefa.com/uefaeuro/history/seasons/2008/statistics/players/
310,WilandSweden - Goalkeeper,0,0,-,-,-,-,https://www.uefa.com/uefaeuro/history/seasons/2008/statistics/players/
310,DorsinSweden,0,0,-,-,-,-,https://www.uefa.com/uefaeuro/history/seasons/2008/statistics/players/
310,GargułaPoland - Midfielder,0,0,-,-,-,-,https://www.uefa.com/uefaeuro/history/seasons/2008/statistics/players/
310,MalafeevRussia - Goalkeeper,0,0,-,-,-,-,https://www.uefa.com/uefaeuro/history/seasons/2008/statistics/players/
310,PalopSpain - Goalkeeper,0,0,-,-,-,-,https://www.uefa.com/uefaeuro/history/seasons/2008/statistics/players/
310,FreyFrance - Goalkeeper,0,0,-,-,-,-,https://www.uefa.com/uefaeuro/history/seasons/2008/statistics/players/
310,GoumasGreece - Defender,0,0,-,-,-,-,https://www.uefa.com/uefaeuro/history/seasons/2008/statistics/players/
310,GalinovićCroatia,0,0,-,-,-,-,https://www.uefa.com/uefaeuro/history/seasons/2008/statistics/players/
310,De SanctisItaly,0,0,-,-,-,-,https://www.uefa.com/uefaeuro/history/seasons/2008/statistics/players/
310,LinderothSweden,0,0,-,-,-,-,https://www.uefa.com/uefaeuro/history/seasons/2008/statistics/players/
310,ZítkaCzechia,0,0,-,-,-,-,https://www.uefa.com/uefaeuro/history/seasons/2008/statistics/players/
310,PazdanPoland - Defender,0,0,-,-,-,-,https://www.uefa.com/uefaeuro/history/seasons/2008/statistics/players/
310,VieiraFrance,0,0,-,-,-,-,https://www.uefa.com/uefaeuro/history/seasons/2008/statistics/players/
310,ManningerAustria - Goalkeeper,0,0,-,-,-,-,https://www.uefa.com/uefaeuro/history/seasons/2008/statistics/players/
310,EnkeGermany - Goalkeeper,0,0,-,-,-,-,https://www.uefa.com/uefaeuro/history/seasons/2008/statistics/players/
310,NunoPortugal,0,0,-,-,-,-,https://www.uefa.com/uefaeuro/history/seasons/2008/statistics/players/
310,PletikosaCroatia - Goalkeeper,0,-,-,-,-,-,https://www.uefa.com/uefaeuro/history/seasons/2008/statistics/players/
310,GüizaSpain - Forward,-,-,-,-,-,-,https://www.uefa.com/uefaeuro/history/seasons/2008/statistics/players/
367,PatockaAustria - Defender,0,0,-,-,-,-,https://www.uefa.com/uefaeuro/history/seasons/2008/statistics/players/
367,SăpunaruRomania - Defender,0,0,-,-,-,-,https://www.uefa.com/uefaeuro/history/seasons/2008/statistics/players/
367,BlažekCzechia - Goalkeeper,0,0,-,-,-,-,https://www.uefa.com/uefaeuro/history/seasons/2008/statistics/players/
367,L. DiarraFrance - Midfielder,0,0,-,-,-,-,https://www.uefa.com/uefaeuro/history/seasons/2008/statistics/players/
