rank,identifier,minutes_played_official,matches_appearance,goals,assists,top_speed,distance_covered,url
01,Jorge AndradePortugal - Defender,570,6,-,-,-,-,https://www.uefa.com/uefaeuro/history/seasons/2004/statistics/players/
01,RicardoPortugal - Goalkeeper,570,6,-,-,-,-,https://www.uefa.com/uefaeuro/history/seasons/2004/statistics/players/
03,ManichePortugal - Midfielder,567,6,2,-,-,-,https://www.uefa.com/uefaeuro/history/seasons/2004/statistics/players/
04,DellasGreece - Defender,555,6,1,-,-,-,https://www.uefa.com/uefaeuro/history/seasons/2004/statistics/players/
04,ZagorakisGreece - Midfielder,555,6,-,1,-,-,https://www.uefa.com/uefaeuro/history/seasons/2004/statistics/players/
04,SeitaridisGreece - Defender,555,6,-,-,-,-,https://www.uefa.com/uefaeuro/history/seasons/2004/statistics/players/
04,NikopolidisGreece,555,6,-,-,-,-,https://www.uefa.com/uefaeuro/history/seasons/2004/statistics/players/
04,KapsisGreece - Defender,555,6,-,-,-,-,https://www.uefa.com/uefaeuro/history/seasons/2004/statistics/players/
09,CharisteasGreece - Forward,539,6,3,-,-,-,https://www.uefa.com/uefaeuro/history/seasons/2004/statistics/players/
10,DecoPortugal - Midfielder,524,6,-,2,-,-,https://www.uefa.com/uefaeuro/history/seasons/2004/statistics/players/
11,KatsouranisGreece - Midfielder,509,6,-,-,-,-,https://www.uefa.com/uefaeuro/history/seasons/2004/statistics/players/
12,Luís FigoPortugal - Midfielder,501,6,-,1,-,-,https://www.uefa.com/uefaeuro/history/seasons/2004/statistics/players/
13,CocuNetherlands,480,5,-,1,-,-,https://www.uefa.com/uefaeuro/history/seasons/2004/statistics/players/
13,Ricardo CarvalhoPortugal - Defender,480,5,-,-,-,-,https://www.uefa.com/uefaeuro/history/seasons/2004/statistics/players/
13,StamNetherlands - Defender,480,5,-,-,-,-,https://www.uefa.com/uefaeuro/history/seasons/2004/statistics/players/
13,Nuno ValentePortugal - Defender,480,5,-,-,-,-,https://www.uefa.com/uefaeuro/history/seasons/2004/statistics/players/
13,Van der SarNetherlands - Goalkeeper,480,5,-,-,-,-,https://www.uefa.com/uefaeuro/history/seasons/2004/statistics/players/
13,Van BronckhorstNetherlands,480,5,-,-,-,-,https://www.uefa.com/uefaeuro/history/seasons/2004/statistics/players/
19,FyssasGreece - Defender,462,6,-,-,-,-,https://www.uefa.com/uefaeuro/history/seasons/2004/statistics/players/
20,Van NistelrooyNetherlands,460,5,4,-,-,-,https://www.uefa.com/uefaeuro/history/seasons/2004/statistics/players/
21,CostinhaPortugal,459,6,-,-,-,-,https://www.uefa.com/uefaeuro/history/seasons/2004/statistics/players/
22,VryzasGreece - Forward,442,5,1,-,-,-,https://www.uefa.com/uefaeuro/history/seasons/2004/statistics/players/
23,RonaldoPortugal - Forward,418,6,2,2,-,-,https://www.uefa.com/uefaeuro/history/seasons/2004/statistics/players/
24,PoborskýCzechia - Midfielder,395,5,-,4,-,-,https://www.uefa.com/uefaeuro/history/seasons/2004/statistics/players/
25,MiguelPortugal - Defender,392,5,-,-,-,-,https://www.uefa.com/uefaeuro/history/seasons/2004/statistics/players/
26,LarssonSweden,390,4,3,1,-,-,https://www.uefa.com/uefaeuro/history/seasons/2004/statistics/players/
26,LjungbergSweden,390,4,1,-,-,-,https://www.uefa.com/uefaeuro/history/seasons/2004/statistics/players/
26,BeckhamEngland - Midfielder,390,4,-,2,-,-,https://www.uefa.com/uefaeuro/history/seasons/2004/statistics/players/
26,G. NevilleEngland - Defender,390,4,-,1,-,-,https://www.uefa.com/uefaeuro/history/seasons/2004/statistics/players/
26,NilssonSweden - Midfielder,390,4,-,-,-,-,https://www.uefa.com/uefaeuro/history/seasons/2004/statistics/players/
26,A.ColeEngland - Defender,390,4,-,-,-,-,https://www.uefa.com/uefaeuro/history/seasons/2004/statistics/players/
26,IsakssonSweden - Goalkeeper,390,4,-,-,-,-,https://www.uefa.com/uefaeuro/history/seasons/2004/statistics/players/
26,MellbergSweden - Defender,390,4,-,-,-,-,https://www.uefa.com/uefaeuro/history/seasons/2004/statistics/players/
26,JakobssonSweden - Defender,390,4,-,-,-,-,https://www.uefa.com/uefaeuro/history/seasons/2004/statistics/players/
26,CampbellEngland - Defender,390,4,-,-,-,-,https://www.uefa.com/uefaeuro/history/seasons/2004/statistics/players/
26,JamesEngland - Goalkeeper,390,4,-,-,-,-,https://www.uefa.com/uefaeuro/history/seasons/2004/statistics/players/
37,SeedorfNetherlands,386,4,-,-,-,-,https://www.uefa.com/uefaeuro/history/seasons/2004/statistics/players/
38,BarošCzechia - Forward,384,5,5,1,-,-,https://www.uefa.com/uefaeuro/history/seasons/2004/statistics/players/
38,LampardEngland,384,4,3,-,-,-,https://www.uefa.com/uefaeuro/history/seasons/2004/statistics/players/
40,IbrahimovićSweden - Forward,381,4,2,1,-,-,https://www.uefa.com/uefaeuro/history/seasons/2004/statistics/players/
41,BasinasGreece - Midfielder,379,5,1,1,-,-,https://www.uefa.com/uefaeuro/history/seasons/2004/statistics/players/
42,ČechCzechia,375,4,-,-,-,-,https://www.uefa.com/uefaeuro/history/seasons/2004/statistics/players/
42,RosickýCzechia - Midfielder,375,4,-,-,-,-,https://www.uefa.com/uefaeuro/history/seasons/2004/statistics/players/
42,UjfalušiCzechia - Defender,375,4,-,-,-,-,https://www.uefa.com/uefaeuro/history/seasons/2004/statistics/players/
42,JankulovskiCzechia - Defender,375,4,-,-,-,-,https://www.uefa.com/uefaeuro/history/seasons/2004/statistics/players/
46,GalásekCzechia - Midfielder,367,5,-,-,-,-,https://www.uefa.com/uefaeuro/history/seasons/2004/statistics/players/
47,DavidsNetherlands - Midfielder,364,5,-,-,-,-,https://www.uefa.com/uefaeuro/history/seasons/2004/statistics/players/
48,TomassonDenmark,360,4,3,1,-,-,https://www.uefa.com/uefaeuro/history/seasons/2004/statistics/players/
48,ZidaneFrance,360,4,3,-,-,-,https://www.uefa.com/uefaeuro/history/seasons/2004/statistics/players/
48,KollerCzechia - Forward,360,4,2,1,-,-,https://www.uefa.com/uefaeuro/history/seasons/2004/statistics/players/
48,HenryFrance - Forward,360,4,2,-,-,-,https://www.uefa.com/uefaeuro/history/seasons/2004/statistics/players/
48,ThuramFrance - Defender,360,4,-,-,-,-,https://www.uefa.com/uefaeuro/history/seasons/2004/statistics/players/
48,HenriksenDenmark - Defender,360,4,-,-,-,-,https://www.uefa.com/uefaeuro/history/seasons/2004/statistics/players/
48,LaursenDenmark - Defender,360,4,-,-,-,-,https://www.uefa.com/uefaeuro/history/seasons/2004/statistics/players/
48,SørensenDenmark - Goalkeeper,360,4,-,-,-,-,https://www.uefa.com/uefaeuro/history/seasons/2004/statistics/players/
48,BarthezFrance - Goalkeeper,360,4,-,-,-,-,https://www.uefa.com/uefaeuro/history/seasons/2004/statistics/players/
48,HelvegDenmark - Defender,360,4,-,-,-,-,https://www.uefa.com/uefaeuro/history/seasons/2004/statistics/players/
58,GerrardEngland,352,4,1,-,-,-,https://www.uefa.com/uefaeuro/history/seasons/2004/statistics/players/
59,OwenEngland - Forward,351,4,1,2,-,-,https://www.uefa.com/uefaeuro/history/seasons/2004/statistics/players/
60,RobbenNetherlands - Midfielder,350,4,-,3,-,-,https://www.uefa.com/uefaeuro/history/seasons/2004/statistics/players/
60,BolfCzechia - Defender,350,4,-,-,-,-,https://www.uefa.com/uefaeuro/history/seasons/2004/statistics/players/
62,SilvestreFrance - Defender,349,4,-,-,-,-,https://www.uefa.com/uefaeuro/history/seasons/2004/statistics/players/
63,PauletaPortugal - Forward,342,5,-,-,-,-,https://www.uefa.com/uefaeuro/history/seasons/2004/statistics/players/
64,TrezeguetFrance - Forward,327,4,1,-,-,-,https://www.uefa.com/uefaeuro/history/seasons/2004/statistics/players/
65,BoumaNetherlands - Defender,320,4,1,-,-,-,https://www.uefa.com/uefaeuro/history/seasons/2004/statistics/players/
66,Van der MeydeNetherlands - Midfielder,319,4,-,1,-,-,https://www.uefa.com/uefaeuro/history/seasons/2004/statistics/players/
67,ReizigerNetherlands,311,4,-,-,-,-,https://www.uefa.com/uefaeuro/history/seasons/2004/statistics/players/
68,NedvědCzechia,310,4,-,1,-,-,https://www.uefa.com/uefaeuro/history/seasons/2004/statistics/players/
69,GallasFrance - Defender,305,4,-,-,-,-,https://www.uefa.com/uefaeuro/history/seasons/2004/statistics/players/
70,TerryEngland - Defender,300,3,-,1,-,-,https://www.uefa.com/uefaeuro/history/seasons/2004/statistics/players/
70,LinderothSweden,300,3,-,-,-,-,https://www.uefa.com/uefaeuro/history/seasons/2004/statistics/players/
72,KaragounisGreece - Midfielder,294,4,1,-,-,-,https://www.uefa.com/uefaeuro/history/seasons/2004/statistics/players/
73,JørgensenDenmark - Midfielder,286,4,-,1,-,-,https://www.uefa.com/uefaeuro/history/seasons/2004/statistics/players/
74,ScholesEngland - Midfielder,273,4,1,1,-,-,https://www.uefa.com/uefaeuro/history/seasons/2004/statistics/players/
75,N.KovačCroatia,270,3,1,-,-,-,https://www.uefa.com/uefaeuro/history/seasons/2004/statistics/players/
75,BallackGermany - Midfielder,270,3,1,-,-,-,https://www.uefa.com/uefaeuro/history/seasons/2004/statistics/players/
75,PršoCroatia - Forward,270,3,1,-,-,-,https://www.uefa.com/uefaeuro/history/seasons/2004/statistics/players/
75,PuyolSpain - Defender,270,3,-,1,-,-,https://www.uefa.com/uefaeuro/history/seasons/2004/statistics/players/
75,PanucciItaly - Defender,270,3,-,1,-,-,https://www.uefa.com/uefaeuro/history/seasons/2004/statistics/players/
75,KahnGermany,270,3,-,-,-,-,https://www.uefa.com/uefaeuro/history/seasons/2004/statistics/players/
75,WörnsGermany - Defender,270,3,-,-,-,-,https://www.uefa.com/uefaeuro/history/seasons/2004/statistics/players/
75,LahmGermany - Defender,270,3,-,-,-,-,https://www.uefa.com/uefaeuro/history/seasons/2004/statistics/players/
75,ZdravkovBulgaria,270,3,-,-,-,-,https://www.uefa.com/uefaeuro/history/seasons/2004/statistics/players/
75,FriedrichGermany - Defender,270,3,-,-,-,-,https://www.uefa.com/uefaeuro/history/seasons/2004/statistics/players/
75,SpycherSwitzerland,270,3,-,-,-,-,https://www.uefa.com/uefaeuro/history/seasons/2004/statistics/players/
75,ŠimunićCroatia - Defender,270,3,-,-,-,-,https://www.uefa.com/uefaeuro/history/seasons/2004/statistics/players/
75,Iván HelgueraSpain - Defender,270,3,-,-,-,-,https://www.uefa.com/uefaeuro/history/seasons/2004/statistics/players/
75,ZambrottaItaly - Defender,270,3,-,-,-,-,https://www.uefa.com/uefaeuro/history/seasons/2004/statistics/players/
75,Raúl BravoSpain - Defender,270,3,-,-,-,-,https://www.uefa.com/uefaeuro/history/seasons/2004/statistics/players/
75,VicenteSpain - Midfielder,270,3,-,-,-,-,https://www.uefa.com/uefaeuro/history/seasons/2004/statistics/players/
75,LizarazuFrance - Defender,270,3,-,-,-,-,https://www.uefa.com/uefaeuro/history/seasons/2004/statistics/players/
75,CasillasSpain - Goalkeeper,270,3,-,-,-,-,https://www.uefa.com/uefaeuro/history/seasons/2004/statistics/players/
75,GravesenDenmark - Midfielder,270,3,-,-,-,-,https://www.uefa.com/uefaeuro/history/seasons/2004/statistics/players/
75,EvseevRussia - Defender,270,3,-,-,-,-,https://www.uefa.com/uefaeuro/history/seasons/2004/statistics/players/
75,RubinsLatvia - Midfielder,270,3,-,-,-,-,https://www.uefa.com/uefaeuro/history/seasons/2004/statistics/players/
75,IsakovsLatvia,270,3,-,-,-,-,https://www.uefa.com/uefaeuro/history/seasons/2004/statistics/players/
75,VieiraFrance,270,3,-,-,-,-,https://www.uefa.com/uefaeuro/history/seasons/2004/statistics/players/
75,NestaItaly - Defender,270,3,-,-,-,-,https://www.uefa.com/uefaeuro/history/seasons/2004/statistics/players/
75,MakeleleFrance,270,3,-,-,-,-,https://www.uefa.com/uefaeuro/history/seasons/2004/statistics/players/
75,ButinaCroatia,270,3,-,-,-,-,https://www.uefa.com/uefaeuro/history/seasons/2004/statistics/players/
75,AlenichevRussia - Midfielder,270,3,-,-,-,-,https://www.uefa.com/uefaeuro/history/seasons/2004/statistics/players/
75,BuffonItaly - Goalkeeper,270,3,-,-,-,-,https://www.uefa.com/uefaeuro/history/seasons/2004/statistics/players/
75,MüllerSwitzerland - Defender,270,3,-,-,-,-,https://www.uefa.com/uefaeuro/history/seasons/2004/statistics/players/
75,YakinSwitzerland,270,3,-,-,-,-,https://www.uefa.com/uefaeuro/history/seasons/2004/statistics/players/
75,StielSwitzerland,270,3,-,-,-,-,https://www.uefa.com/uefaeuro/history/seasons/2004/statistics/players/
75,Vitālijs AstafjevsLatvia,270,3,-,-,-,-,https://www.uefa.com/uefaeuro/history/seasons/2004/statistics/players/
75,StepanovsLatvia - Defender,270,3,-,-,-,-,https://www.uefa.com/uefaeuro/history/seasons/2004/statistics/players/
75,BlagonadeždinsLatvia - Defender,270,3,-,-,-,-,https://www.uefa.com/uefaeuro/history/seasons/2004/statistics/players/
75,KoļinkoLatvia - Goalkeeper,270,3,-,-,-,-,https://www.uefa.com/uefaeuro/history/seasons/2004/statistics/players/
75,ZemļinskisLatvia - Defender,270,3,-,-,-,-,https://www.uefa.com/uefaeuro/history/seasons/2004/statistics/players/
111,PirèsFrance - Midfielder,264,4,-,1,-,-,https://www.uefa.com/uefaeuro/history/seasons/2004/statistics/players/
111,M.PetrovBulgaria - Midfielder,264,3,1,-,-,-,https://www.uefa.com/uefaeuro/history/seasons/2004/statistics/players/
113,BleidelisLatvia,263,3,-,-,-,-,https://www.uefa.com/uefaeuro/history/seasons/2004/statistics/players/
113,WickySwitzerland,263,3,-,-,-,-,https://www.uefa.com/uefaeuro/history/seasons/2004/statistics/players/
115,M HristovBulgaria,259,3,-,-,-,-,https://www.uefa.com/uefaeuro/history/seasons/2004/statistics/players/
115,HamannGermany - Midfielder,259,3,-,-,-,-,https://www.uefa.com/uefaeuro/history/seasons/2004/statistics/players/
117,RooneyEngland - Forward,258,4,4,1,-,-,https://www.uefa.com/uefaeuro/history/seasons/2004/statistics/players/
118,EdmanSweden - Defender,257,3,-,1,-,-,https://www.uefa.com/uefaeuro/history/seasons/2004/statistics/players/
119,BerbatovBulgaria - Forward,256,3,-,-,-,-,https://www.uefa.com/uefaeuro/history/seasons/2004/statistics/players/
120,KuranyiGermany - Forward,253,3,-,-,-,-,https://www.uefa.com/uefaeuro/history/seasons/2004/statistics/players/
120,ŠokotaCroatia - Forward,253,3,-,-,-,-,https://www.uefa.com/uefaeuro/history/seasons/2004/statistics/players/
122,Nuno GomesPortugal,252,6,1,-,-,-,https://www.uefa.com/uefaeuro/history/seasons/2004/statistics/players/
123,LobaņovsLatvia - Defender,250,3,-,-,-,-,https://www.uefa.com/uefaeuro/history/seasons/2004/statistics/players/
124,SandDenmark - Forward,249,3,-,1,-,-,https://www.uefa.com/uefaeuro/history/seasons/2004/statistics/players/
125,PerrottaItaly - Midfielder,248,3,1,-,-,-,https://www.uefa.com/uefaeuro/history/seasons/2004/statistics/players/
125,Raúl GonzálezSpain,248,3,-,1,-,-,https://www.uefa.com/uefaeuro/history/seasons/2004/statistics/players/
127,AlbeldaSpain - Midfielder,246,3,-,-,-,-,https://www.uefa.com/uefaeuro/history/seasons/2004/statistics/players/
128,JensenDenmark - Midfielder,245,3,-,-,-,-,https://www.uefa.com/uefaeuro/history/seasons/2004/statistics/players/
129,GrygeraCzechia - Defender,237,4,-,-,-,-,https://www.uefa.com/uefaeuro/history/seasons/2004/statistics/players/
130,Del PieroItaly - Forward,236,3,-,-,-,-,https://www.uefa.com/uefaeuro/history/seasons/2004/statistics/players/
131,GrønkjærDenmark - Forward,234,3,1,-,-,-,https://www.uefa.com/uefaeuro/history/seasons/2004/statistics/players/
132,VerpakovskisLatvia,233,3,1,-,-,-,https://www.uefa.com/uefaeuro/history/seasons/2004/statistics/players/
133,Hakan YakinSwitzerland - Forward,230,3,-,-,-,-,https://www.uefa.com/uefaeuro/history/seasons/2004/statistics/players/
134,GiannakopoulosGreece - Midfielder,226,4,-,-,-,-,https://www.uefa.com/uefaeuro/history/seasons/2004/statistics/players/
134,R.KovačCroatia,226,3,-,-,-,-,https://www.uefa.com/uefaeuro/history/seasons/2004/statistics/players/
134,N.JensenDenmark - Defender,226,3,-,-,-,-,https://www.uefa.com/uefaeuro/history/seasons/2004/statistics/players/
137,JiránekCzechia - Defender,222,4,-,-,-,-,https://www.uefa.com/uefaeuro/history/seasons/2004/statistics/players/
138,D. ŠimićCroatia - Defender,218,3,-,-,-,-,https://www.uefa.com/uefaeuro/history/seasons/2004/statistics/players/
139,VieriItaly - Forward,217,3,-,-,-,-,https://www.uefa.com/uefaeuro/history/seasons/2004/statistics/players/
140,FringsGermany - Midfielder,215,3,1,-,-,-,https://www.uefa.com/uefaeuro/history/seasons/2004/statistics/players/
141,SennikovRussia - Defender,214,3,-,-,-,-,https://www.uefa.com/uefaeuro/history/seasons/2004/statistics/players/
142,ProhorenkovsLatvia - Forward,213,3,-,1,-,-,https://www.uefa.com/uefaeuro/history/seasons/2004/statistics/players/
143,SvenssonSweden - Defender,212,3,-,1,-,-,https://www.uefa.com/uefaeuro/history/seasons/2004/statistics/players/
144,HuggelSwitzerland - Midfielder,210,3,-,-,-,-,https://www.uefa.com/uefaeuro/history/seasons/2004/statistics/players/
145,HeitingaNetherlands,208,3,-,-,-,-,https://www.uefa.com/uefaeuro/history/seasons/2004/statistics/players/
146,SchneiderGermany - Midfielder,204,3,-,-,-,-,https://www.uefa.com/uefaeuro/history/seasons/2004/statistics/players/
147,RossoCroatia - Midfielder,196,3,-,-,-,-,https://www.uefa.com/uefaeuro/history/seasons/2004/statistics/players/
148,C. PoulsenDenmark,191,3,-,-,-,-,https://www.uefa.com/uefaeuro/history/seasons/2004/statistics/players/
149,WilhelmssonSweden - Midfielder,189,4,-,-,-,-,https://www.uefa.com/uefaeuro/history/seasons/2004/statistics/players/
149,JankovićBulgaria - Forward,189,3,-,-,-,-,https://www.uefa.com/uefaeuro/history/seasons/2004/statistics/players/
151,CassanoItaly - Forward,186,3,2,-,-,-,https://www.uefa.com/uefaeuro/history/seasons/2004/statistics/players/
151,RapaićCroatia - Midfielder,186,3,1,1,-,-,https://www.uefa.com/uefaeuro/history/seasons/2004/statistics/players/
153,TudorCroatia,180,2,1,-,-,-,https://www.uefa.com/uefaeuro/history/seasons/2004/statistics/players/
153,NowotnyGermany - Defender,180,2,-,-,-,-,https://www.uefa.com/uefaeuro/history/seasons/2004/statistics/players/
153,MarchenaSpain - Defender,180,2,-,-,-,-,https://www.uefa.com/uefaeuro/history/seasons/2004/statistics/players/
153,SmertinRussia - Midfielder,180,2,-,-,-,-,https://www.uefa.com/uefaeuro/history/seasons/2004/statistics/players/
153,BugaevRussia - Defender,180,2,-,-,-,-,https://www.uefa.com/uefaeuro/history/seasons/2004/statistics/players/
153,I. StoyanovBulgaria - Defender,180,2,-,-,-,-,https://www.uefa.com/uefaeuro/history/seasons/2004/statistics/players/
153,BaumannGermany - Midfielder,180,2,-,-,-,-,https://www.uefa.com/uefaeuro/history/seasons/2004/statistics/players/
153,G PeevBulgaria - Midfielder,180,2,-,-,-,-,https://www.uefa.com/uefaeuro/history/seasons/2004/statistics/players/
153,A. FreiSwitzerland,180,2,-,-,-,-,https://www.uefa.com/uefaeuro/history/seasons/2004/statistics/players/
153,ŽivkovićCroatia - Defender,180,2,-,-,-,-,https://www.uefa.com/uefaeuro/history/seasons/2004/statistics/players/
153,PirloItaly - Midfielder,180,2,-,-,-,-,https://www.uefa.com/uefaeuro/history/seasons/2004/statistics/players/
153,CannavaroItaly - Defender,180,2,-,-,-,-,https://www.uefa.com/uefaeuro/history/seasons/2004/statistics/players/
153,KirilovBulgaria - Defender,180,2,-,-,-,-,https://www.uefa.com/uefaeuro/history/seasons/2004/statistics/players/
166,JonsonSweden - Defender,178,3,1,-,-,-,https://www.uefa.com/uefaeuro/history/seasons/2004/statistics/players/
167,BarajaSpain - Midfielder,173,3,-,-,-,-,https://www.uefa.com/uefaeuro/history/seasons/2004/statistics/players/
167,St.PetrovBulgaria - Midfielder,173,2,-,-,-,-,https://www.uefa.com/uefaeuro/history/seasons/2004/statistics/players/
169,HeinzCzechia - Midfielder,171,4,2,-,-,-,https://www.uefa.com/uefaeuro/history/seasons/2004/statistics/players/
170,SimãoPortugal - Midfielder,166,3,-,1,-,-,https://www.uefa.com/uefaeuro/history/seasons/2004/statistics/players/
171,KällströmSweden - Midfielder,160,4,-,-,-,-,https://www.uefa.com/uefaeuro/history/seasons/2004/statistics/players/
172,RommedahlDenmark - Forward,159,4,-,-,-,-,https://www.uefa.com/uefaeuro/history/seasons/2004/statistics/players/
173,ŠmicerCzechia - Midfielder,156,3,1,-,-,-,https://www.uefa.com/uefaeuro/history/seasons/2004/statistics/players/
174,PažinBulgaria - Defender,154,2,-,-,-,-,https://www.uefa.com/uefaeuro/history/seasons/2004/statistics/players/
175,SchweinsteigerGermany - Midfielder,152,3,-,1,-,-,https://www.uefa.com/uefaeuro/history/seasons/2004/statistics/players/
175,DacourtFrance - Midfielder,152,3,-,-,-,-,https://www.uefa.com/uefaeuro/history/seasons/2004/statistics/players/
177,VassellEngland - Forward,150,4,-,1,-,-,https://www.uefa.com/uefaeuro/history/seasons/2004/statistics/players/
177,HaasSwitzerland,150,2,-,-,-,-,https://www.uefa.com/uefaeuro/history/seasons/2004/statistics/players/
179,BulykinRussia - Forward,147,3,1,1,-,-,https://www.uefa.com/uefaeuro/history/seasons/2004/statistics/players/
180,IzmailovRussia - Midfielder,146,2,-,-,-,-,https://www.uefa.com/uefaeuro/history/seasons/2004/statistics/players/
181,Rui CostaPortugal,144,4,2,-,-,-,https://www.uefa.com/uefaeuro/history/seasons/2004/statistics/players/
181,NikolaidisGreece - Forward,144,4,-,-,-,-,https://www.uefa.com/uefaeuro/history/seasons/2004/statistics/players/
181,SharonovRussia - Defender,144,2,-,-,-,-,https://www.uefa.com/uefaeuro/history/seasons/2004/statistics/players/
184,BjelicaCroatia,142,2,-,-,-,-,https://www.uefa.com/uefaeuro/history/seasons/2004/statistics/players/
185,KaryakaRussia - Midfielder,141,3,-,-,-,-,https://www.uefa.com/uefaeuro/history/seasons/2004/statistics/players/
185,IvanovBulgaria - Defender,141,2,-,-,-,-,https://www.uefa.com/uefaeuro/history/seasons/2004/statistics/players/
187,ZagorčićBulgaria,140,2,-,-,-,-,https://www.uefa.com/uefaeuro/history/seasons/2004/statistics/players/
187,VogelSwitzerland - Midfielder,140,2,-,-,-,-,https://www.uefa.com/uefaeuro/history/seasons/2004/statistics/players/
189,MornarCroatia - Midfielder,137,3,-,-,-,-,https://www.uefa.com/uefaeuro/history/seasons/2004/statistics/players/
189,FerreiraPortugal - Defender,137,2,-,-,-,-,https://www.uefa.com/uefaeuro/history/seasons/2004/statistics/players/
191,GusevRussia - Midfielder,136,2,-,1,-,-,https://www.uefa.com/uefaeuro/history/seasons/2004/statistics/players/
191,EtxeberriaSpain,136,2,-,-,-,-,https://www.uefa.com/uefaeuro/history/seasons/2004/statistics/players/
193,LazarovBulgaria - Forward,135,3,-,-,-,-,https://www.uefa.com/uefaeuro/history/seasons/2004/statistics/players/
193,OvchinnikovRussia,135,2,-,-,-,-,https://www.uefa.com/uefaeuro/history/seasons/2004/statistics/players/
195,MorientesSpain - Forward,134,3,1,-,-,-,https://www.uefa.com/uefaeuro/history/seasons/2004/statistics/players/
195,BøgelundDenmark - Defender,134,2,-,-,-,-,https://www.uefa.com/uefaeuro/history/seasons/2004/statistics/players/
195,RadimovRussia - Midfielder,134,2,-,-,-,-,https://www.uefa.com/uefaeuro/history/seasons/2004/statistics/players/
198,MalafeevRussia - Goalkeeper,133,2,-,-,-,-,https://www.uefa.com/uefaeuro/history/seasons/2004/statistics/players/
199,GygaxSwitzerland - Midfielder,132,3,-,-,-,-,https://www.uefa.com/uefaeuro/history/seasons/2004/statistics/players/
199,FioreItaly - Midfielder,132,3,-,-,-,-,https://www.uefa.com/uefaeuro/history/seasons/2004/statistics/players/
201,RozehnalCzechia - Defender,130,3,-,-,-,-,https://www.uefa.com/uefaeuro/history/seasons/2004/statistics/players/
201,I PetkovBulgaria - Defender,130,2,-,-,-,-,https://www.uefa.com/uefaeuro/history/seasons/2004/statistics/players/
203,Van der VaartNetherlands - Midfielder,128,3,-,-,-,-,https://www.uefa.com/uefaeuro/history/seasons/2004/statistics/players/
204,CabanasSwitzerland - Midfielder,127,2,-,1,-,-,https://www.uefa.com/uefaeuro/history/seasons/2004/statistics/players/
205,F. de BoerNetherlands,126,2,-,-,-,-,https://www.uefa.com/uefaeuro/history/seasons/2004/statistics/players/
206,Xabi AlonsoSpain,121,2,-,-,-,-,https://www.uefa.com/uefaeuro/history/seasons/2004/statistics/players/
207,ÖstlundSweden - Defender,120,1,-,-,-,-,https://www.uefa.com/uefaeuro/history/seasons/2004/statistics/players/
208,OvermarsNetherlands - Forward,117,3,-,-,-,-,https://www.uefa.com/uefaeuro/history/seasons/2004/statistics/players/
209,JoaquínSpain - Midfielder,116,2,-,-,-,-,https://www.uefa.com/uefaeuro/history/seasons/2004/statistics/players/
210,AldoninRussia - Midfielder,113,2,-,-,-,-,https://www.uefa.com/uefaeuro/history/seasons/2004/statistics/players/
211,TorresSpain,112,3,-,-,-,-,https://www.uefa.com/uefaeuro/history/seasons/2004/statistics/players/
212,C. JensenDenmark - Midfielder,110,3,-,-,-,-,https://www.uefa.com/uefaeuro/history/seasons/2004/statistics/players/
212,KingEngland - Defender,110,2,-,-,-,-,https://www.uefa.com/uefaeuro/history/seasons/2004/statistics/players/
214,GattusoItaly,109,2,-,-,-,-,https://www.uefa.com/uefaeuro/history/seasons/2004/statistics/players/
215,VenetidisGreece - Defender,107,3,-,-,-,-,https://www.uefa.com/uefaeuro/history/seasons/2004/statistics/players/
216,TsiartasGreece - Midfielder,104,4,-,2,-,-,https://www.uefa.com/uefaeuro/history/seasons/2004/statistics/players/
217,WiltordFrance - Forward,103,3,-,-,-,-,https://www.uefa.com/uefaeuro/history/seasons/2004/statistics/players/
218,ChapuisatSwitzerland,101,2,-,-,-,-,https://www.uefa.com/uefaeuro/history/seasons/2004/statistics/players/
219,M. PetkovBulgaria - Midfielder,99,2,-,-,-,-,https://www.uefa.com/uefaeuro/history/seasons/2004/statistics/players/
220,Fernando CoutoPortugal - Defender,98,3,-,-,-,-,https://www.uefa.com/uefaeuro/history/seasons/2004/statistics/players/
220,OlićCroatia - Forward,98,3,-,-,-,-,https://www.uefa.com/uefaeuro/history/seasons/2004/statistics/players/
222,MakaayNetherlands,97,3,1,-,-,-,https://www.uefa.com/uefaeuro/history/seasons/2004/statistics/players/
222,VonlanthenSwitzerland - Forward,97,2,1,-,-,-,https://www.uefa.com/uefaeuro/history/seasons/2004/statistics/players/
224,HenchozSwitzerland - Defender,92,2,-,-,-,-,https://www.uefa.com/uefaeuro/history/seasons/2004/statistics/players/
225,KirichenkoRussia,90,1,1,-,-,-,https://www.uefa.com/uefaeuro/history/seasons/2004/statistics/players/
225,MarešCzechia - Defender,90,1,-,-,-,-,https://www.uefa.com/uefaeuro/history/seasons/2004/statistics/players/
225,AnyukovRussia,90,1,-,-,-,-,https://www.uefa.com/uefaeuro/history/seasons/2004/statistics/players/
225,A. KerzhakovRussia - Forward,90,1,-,-,-,-,https://www.uefa.com/uefaeuro/history/seasons/2004/statistics/players/
225,VachoušekCzechia - Midfielder,90,1,-,-,-,-,https://www.uefa.com/uefaeuro/history/seasons/2004/statistics/players/
225,France,90,1,-,-,-,-,https://www.uefa.com/uefaeuro/history/seasons/2004/statistics/players/
225,MostovoiRussia - Midfielder,90,1,-,-,-,-,https://www.uefa.com/uefaeuro/history/seasons/2004/statistics/players/
225,TýceCzechia - Midfielder,90,1,-,-,-,-,https://www.uefa.com/uefaeuro/history/seasons/2004/statistics/players/
225,Rui JorgePortugal - Defender,90,1,-,-,-,-,https://www.uefa.com/uefaeuro/history/seasons/2004/statistics/players/
225,LoskovRussia,90,1,-,-,-,-,https://www.uefa.com/uefaeuro/history/seasons/2004/statistics/players/
225,TottiItaly - Forward,90,1,-,-,-,-,https://www.uefa.com/uefaeuro/history/seasons/2004/statistics/players/
225,BorimirovBulgaria - Midfielder,90,1,-,-,-,-,https://www.uefa.com/uefaeuro/history/seasons/2004/statistics/players/
225,BlažekCzechia - Goalkeeper,90,1,-,-,-,-,https://www.uefa.com/uefaeuro/history/seasons/2004/statistics/players/
238,CelestiniSwitzerland,88,2,-,-,-,-,https://www.uefa.com/uefaeuro/history/seasons/2004/statistics/players/
239,MaterazziItaly - Defender,83,1,-,-,-,-,https://www.uefa.com/uefaeuro/history/seasons/2004/statistics/players/
240,Anders AnderssonSweden - Midfielder,81,1,-,-,-,-,https://www.uefa.com/uefaeuro/history/seasons/2004/statistics/players/
241,JuanitoSpain - Defender,80,1,-,-,-,-,https://www.uefa.com/uefaeuro/history/seasons/2004/statistics/players/
242,PapadopoulosGreece - Forward,79,2,-,1,-,-,https://www.uefa.com/uefaeuro/history/seasons/2004/statistics/players/
243,CamoranesiItaly - Midfielder,76,2,-,-,-,-,https://www.uefa.com/uefaeuro/history/seasons/2004/statistics/players/
244,HargreavesEngland - Midfielder,72,3,-,-,-,-,https://www.uefa.com/uefaeuro/history/seasons/2004/statistics/players/
244,BobicGermany,72,2,-,-,-,-,https://www.uefa.com/uefaeuro/history/seasons/2004/statistics/players/
246,PlašilCzechia - Midfielder,70,1,-,-,-,-,https://www.uefa.com/uefaeuro/history/seasons/2004/statistics/players/
247,P. NevilleEngland - Midfielder,69,2,-,-,-,-,https://www.uefa.com/uefaeuro/history/seasons/2004/statistics/players/
248,SagnolFrance,66,3,-,-,-,-,https://www.uefa.com/uefaeuro/history/seasons/2004/statistics/players/
248,SychevRussia - Forward,66,2,-,-,-,-,https://www.uefa.com/uefaeuro/history/seasons/2004/statistics/players/
250,PaharsLatvia,60,3,-,-,-,-,https://www.uefa.com/uefaeuro/history/seasons/2004/statistics/players/
251,LokvencCzechia - Forward,59,1,-,-,-,-,https://www.uefa.com/uefaeuro/history/seasons/2004/statistics/players/
252,SneijderNetherlands - Midfielder,57,2,-,-,-,-,https://www.uefa.com/uefaeuro/history/seasons/2004/statistics/players/
252,ZanettiItaly - Midfielder,57,1,-,-,-,-,https://www.uefa.com/uefaeuro/history/seasons/2004/statistics/players/
254,ValerónSpain - Midfielder,56,2,1,-,-,-,https://www.uefa.com/uefaeuro/history/seasons/2004/statistics/players/
255,LaizānsLatvia - Midfielder,54,3,-,-,-,-,https://www.uefa.com/uefaeuro/history/seasons/2004/statistics/players/
256,CorradiItaly - Forward,53,1,-,-,-,-,https://www.uefa.com/uefaeuro/history/seasons/2004/statistics/players/
257,SrnaCroatia,52,2,-,1,-,-,https://www.uefa.com/uefaeuro/history/seasons/2004/statistics/players/
258,ZendenNetherlands,46,1,-,-,-,-,https://www.uefa.com/uefaeuro/history/seasons/2004/statistics/players/
259,LakisGreece - Midfielder,45,2,-,-,-,-,https://www.uefa.com/uefaeuro/history/seasons/2004/statistics/players/
259,Hélder PostigaPortugal - Forward,45,1,1,-,-,-,https://www.uefa.com/uefaeuro/history/seasons/2004/statistics/players/
261,BozhinovBulgaria - Forward,44,1,-,-,-,-,https://www.uefa.com/uefaeuro/history/seasons/2004/statistics/players/
261,PodolskiGermany - Forward,44,1,-,-,-,-,https://www.uefa.com/uefaeuro/history/seasons/2004/statistics/players/
261,SemshovRussia - Midfielder,44,1,-,-,-,-,https://www.uefa.com/uefaeuro/history/seasons/2004/statistics/players/
261,HübschmanCzechia - Midfielder,44,1,-,-,-,-,https://www.uefa.com/uefaeuro/history/seasons/2004/statistics/players/
265,LucicSweden - Defender,41,1,-,-,-,-,https://www.uefa.com/uefaeuro/history/seasons/2004/statistics/players/
266,DimitrovBulgaria - Midfielder,39,2,-,-,-,-,https://www.uefa.com/uefaeuro/history/seasons/2004/statistics/players/
267,PetitPortugal - Midfielder,35,2,-,-,-,-,https://www.uefa.com/uefaeuro/history/seasons/2004/statistics/players/
268,KloseGermany - Forward,34,2,-,-,-,-,https://www.uefa.com/uefaeuro/history/seasons/2004/statistics/players/
269,SahaFrance - Forward,33,2,-,1,-,-,https://www.uefa.com/uefaeuro/history/seasons/2004/statistics/players/
270,AllbäckSweden - Forward,31,3,1,-,-,-,https://www.uefa.com/uefaeuro/history/seasons/2004/statistics/players/
270,BosveltNetherlands - Midfielder,31,1,-,-,-,-,https://www.uefa.com/uefaeuro/history/seasons/2004/statistics/players/
272,KotevBulgaria - Defender,26,1,-,-,-,-,https://www.uefa.com/uefaeuro/history/seasons/2004/statistics/players/
273,Van HooijdonkNetherlands - Forward,25,2,-,-,-,-,https://www.uefa.com/uefaeuro/history/seasons/2004/statistics/players/
274,OddoItaly - Defender,22,1,-,1,-,-,https://www.uefa.com/uefaeuro/history/seasons/2004/statistics/players/
274,LekoCroatia,22,1,-,-,-,-,https://www.uefa.com/uefaeuro/history/seasons/2004/statistics/players/
276,MadsenDenmark - Forward,19,1,-,-,-,-,https://www.uefa.com/uefaeuro/history/seasons/2004/statistics/players/
277,BystrovRussia - Midfielder,18,1,-,-,-,-,https://www.uefa.com/uefaeuro/history/seasons/2004/statistics/players/
277,LuqueSpain - Forward,18,1,-,-,-,-,https://www.uefa.com/uefaeuro/history/seasons/2004/statistics/players/
277,PerezDenmark - Midfielder,18,1,-,-,-,-,https://www.uefa.com/uefaeuro/history/seasons/2004/statistics/players/
280,FavalliItaly - Defender,14,1,-,-,-,-,https://www.uefa.com/uefaeuro/history/seasons/2004/statistics/players/
280,ManchevBulgaria - Forward,14,1,-,-,-,-,https://www.uefa.com/uefaeuro/history/seasons/2004/statistics/players/
280,PriskeDenmark,14,1,-,-,-,-,https://www.uefa.com/uefaeuro/history/seasons/2004/statistics/players/
280,HeskeyEngland - Forward,14,1,-,-,-,-,https://www.uefa.com/uefaeuro/history/seasons/2004/statistics/players/
284,BrdaricGermany,12,1,-,-,-,-,https://www.uefa.com/uefaeuro/history/seasons/2004/statistics/players/
285,RothenFrance - Midfielder,11,1,-,-,-,-,https://www.uefa.com/uefaeuro/history/seasons/2004/statistics/players/
285,PedrettiFrance - Midfielder,11,1,-,-,-,-,https://www.uefa.com/uefaeuro/history/seasons/2004/statistics/players/
285,ErnstGermany - Midfielder,11,1,-,-,-,-,https://www.uefa.com/uefaeuro/history/seasons/2004/statistics/players/
288,ŠtolcersLatvia - Midfielder,7,1,-,-,-,-,https://www.uefa.com/uefaeuro/history/seasons/2004/statistics/players/
288,DyerEngland - Midfielder,7,1,-,-,-,-,https://www.uefa.com/uefaeuro/history/seasons/2004/statistics/players/
288,Di VaioItaly - Forward,7,1,-,-,-,-,https://www.uefa.com/uefaeuro/history/seasons/2004/statistics/players/
291,RamaSwitzerland - Forward,5,1,-,-,-,-,https://www.uefa.com/uefaeuro/history/seasons/2004/statistics/players/
291,LøvenkrandsDenmark,5,1,-,-,-,-,https://www.uefa.com/uefaeuro/history/seasons/2004/statistics/players/
291,MagninSwitzerland - Defender,5,1,-,-,-,-,https://www.uefa.com/uefaeuro/history/seasons/2004/statistics/players/
294,JeremiesGermany - Midfielder,4,1,-,-,-,-,https://www.uefa.com/uefaeuro/history/seasons/2004/statistics/players/
295,BoumsongFrance - Defender,1,1,-,-,-,-,https://www.uefa.com/uefaeuro/history/seasons/2004/statistics/players/
295,RimkusLatvia - Forward,1,1,-,-,-,-,https://www.uefa.com/uefaeuro/history/seasons/2004/statistics/players/
295,ZirnisLatvia - Defender,1,1,-,-,-,-,https://www.uefa.com/uefaeuro/history/seasons/2004/statistics/players/
298,PeruzziItaly - Goalkeeper,0,0,-,-,-,-,https://www.uefa.com/uefaeuro/history/seasons/2004/statistics/players/
298,ZiegeGermany - Defender,0,0,-,-,-,-,https://www.uefa.com/uefaeuro/history/seasons/2004/statistics/players/
298,AkinfeevRussia - Goalkeeper,0,0,-,-,-,-,https://www.uefa.com/uefaeuro/history/seasons/2004/statistics/players/
298,BarnettaSwitzerland - Midfielder,0,0,-,-,-,-,https://www.uefa.com/uefaeuro/history/seasons/2004/statistics/players/
298,KahlenbergDenmark - Midfielder,0,0,-,-,-,-,https://www.uefa.com/uefaeuro/history/seasons/2004/statistics/players/
298,KolevBulgaria,0,0,-,-,-,-,https://www.uefa.com/uefaeuro/history/seasons/2004/statistics/players/
298,Skov-JensenDenmark - Goalkeeper,0,0,-,-,-,-,https://www.uefa.com/uefaeuro/history/seasons/2004/statistics/players/
298,NeretljakCroatia - Defender,0,0,-,-,-,-,https://www.uefa.com/uefaeuro/history/seasons/2004/statistics/players/
298,DidulicaCroatia - Goalkeeper,0,0,-,-,-,-,https://www.uefa.com/uefaeuro/history/seasons/2004/statistics/players/
298,KrøldrupDenmark - Defender,0,0,-,-,-,-,https://www.uefa.com/uefaeuro/history/seasons/2004/statistics/players/
298,AmanatidisGreece,-,-,-,-,-,-,https://www.uefa.com/uefaeuro/history/seasons/2004/statistics/players/
309,TiagoPortugal - Midfielder,0,0,-,-,-,-,https://www.uefa.com/uefaeuro/history/seasons/2004/statistics/players/
309,AndersenDenmark - Goalkeeper,0,0,-,-,-,-,https://www.uefa.com/uefaeuro/history/seasons/2004/statistics/players/
309,KatergiannakisGreece - Goalkeeper,0,0,-,-,-,-,https://www.uefa.com/uefaeuro/history/seasons/2004/statistics/players/
309,GovouFrance - Forward,0,0,-,-,-,-,https://www.uefa.com/uefaeuro/history/seasons/2004/statistics/players/
309,FarnerudSweden - Midfielder,0,0,-,-,-,-,https://www.uefa.com/uefaeuro/history/seasons/2004/statistics/players/
309,BridgeEngland - Defender,0,0,-,-,-,-,https://www.uefa.com/uefaeuro/history/seasons/2004/statistics/players/
309,HinkelGermany,0,0,-,-,-,-,https://www.uefa.com/uefaeuro/history/seasons/2004/statistics/players/
309,ChoutosGreece - Forward,-,-,-,-,-,-,https://www.uefa.com/uefaeuro/history/seasons/2004/statistics/players/
317,CañizaresSpain - Goalkeeper,0,0,-,-,-,-,https://www.uefa.com/uefaeuro/history/seasons/2004/statistics/players/
317,ChalkiasGreece - Goalkeeper,0,0,-,-,-,-,https://www.uefa.com/uefaeuro/history/seasons/2004/statistics/players/
317,Pe. HanssonSweden - Defender,0,0,-,-,-,-,https://www.uefa.com/uefaeuro/history/seasons/2004/statistics/players/
317,CapdevilaSpain - Defender,0,0,-,-,-,-,https://www.uefa.com/uefaeuro/history/seasons/2004/statistics/players/
317,PučinskisLatvia,0,0,-,-,-,-,https://www.uefa.com/uefaeuro/history/seasons/2004/statistics/players/
317,ZwyssigSwitzerland - Defender,0,0,-,-,-,-,https://www.uefa.com/uefaeuro/history/seasons/2004/statistics/players/
317,KehlGermany,0,0,-,-,-,-,https://www.uefa.com/uefaeuro/history/seasons/2004/statistics/players/
317,KlasnićCroatia - Forward,0,0,-,-,-,-,https://www.uefa.com/uefaeuro/history/seasons/2004/statistics/players/
317,J.ColeEngland - Midfielder,0,0,-,-,-,-,https://www.uefa.com/uefaeuro/history/seasons/2004/statistics/players/
317,LehmannGermany,0,0,-,-,-,-,https://www.uefa.com/uefaeuro/history/seasons/2004/statistics/players/
317,RobinsonEngland - Goalkeeper,0,0,-,-,-,-,https://www.uefa.com/uefaeuro/history/seasons/2004/statistics/players/
317,MoreiraPortugal,0,0,-,-,-,-,https://www.uefa.com/uefaeuro/history/seasons/2004/statistics/players/
317,KyrgiakosGreece - Defender,-,-,-,-,-,-,https://www.uefa.com/uefaeuro/history/seasons/2004/statistics/players/
330,CoupetFrance,0,0,-,-,-,-,https://www.uefa.com/uefaeuro/history/seasons/2004/statistics/players/
330,Xavi HernándezSpain,0,0,-,-,-,-,https://www.uefa.com/uefaeuro/history/seasons/2004/statistics/players/
330,GeorgiadisGreece,0,0,-,-,-,-,https://www.uefa.com/uefaeuro/history/seasons/2004/statistics/players/
330,VasiljCroatia - Goalkeeper,0,0,-,-,-,-,https://www.uefa.com/uefaeuro/history/seasons/2004/statistics/players/
330,ChilikovBulgaria - Forward,0,0,-,-,-,-,https://www.uefa.com/uefaeuro/history/seasons/2004/statistics/players/
330,BabićCroatia - Midfielder,0,0,-,-,-,-,https://www.uefa.com/uefaeuro/history/seasons/2004/statistics/players/
330,WalkerEngland - Goalkeeper,0,0,-,-,-,-,https://www.uefa.com/uefaeuro/history/seasons/2004/statistics/players/
330,KinskýCzechia - Goalkeeper,0,0,-,-,-,-,https://www.uefa.com/uefaeuro/history/seasons/2004/statistics/players/
330,MarletFrance - Forward,0,0,-,-,-,-,https://www.uefa.com/uefaeuro/history/seasons/2004/statistics/players/
330,MiholapsLatvia,0,0,-,-,-,-,https://www.uefa.com/uefaeuro/history/seasons/2004/statistics/players/
330,AranzubiaSpain - Goalkeeper,0,0,-,-,-,-,https://www.uefa.com/uefaeuro/history/seasons/2004/statistics/players/
330,FerrariItaly - Defender,0,0,-,-,-,-,https://www.uefa.com/uefaeuro/history/seasons/2004/statistics/players/
330,GoumasGreece - Defender,0,0,-,-,-,-,https://www.uefa.com/uefaeuro/history/seasons/2004/statistics/players/
330,PiedelsLatvia,0,0,-,-,-,-,https://www.uefa.com/uefaeuro/history/seasons/2004/statistics/players/
330,KafesGreece - Midfielder,0,0,-,-,-,-,https://www.uefa.com/uefaeuro/history/seasons/2004/statistics/players/
330,GabriSpain,0,0,-,-,-,-,https://www.uefa.com/uefaeuro/history/seasons/2004/statistics/players/
330,PavlovsLatvia - Goalkeeper,0,0,-,-,-,-,https://www.uefa.com/uefaeuro/history/seasons/2004/statistics/players/
330,HildebrandGermany - Goalkeeper,0,0,-,-,-,-,https://www.uefa.com/uefaeuro/history/seasons/2004/statistics/players/
330,ZakreševskisLatvia - Defender,0,0,-,-,-,-,https://www.uefa.com/uefaeuro/history/seasons/2004/statistics/players/
330,TokićCroatia,0,0,-,-,-,-,https://www.uefa.com/uefaeuro/history/seasons/2004/statistics/players/
330,LandreauFrance - Goalkeeper,0,0,-,-,-,-,https://www.uefa.com/uefaeuro/history/seasons/2004/statistics/players/
330,BernerSwitzerland - Defender,0,0,-,-,-,-,https://www.uefa.com/uefaeuro/history/seasons/2004/statistics/players/
330,KorabļovsLatvia - Defender,0,0,-,-,-,-,https://www.uefa.com/uefaeuro/history/seasons/2004/statistics/players/
330,César MartínSpain - Defender,0,0,-,-,-,-,https://www.uefa.com/uefaeuro/history/seasons/2004/statistics/players/
330,DabizasGreece - Defender,0,0,-,-,-,-,https://www.uefa.com/uefaeuro/history/seasons/2004/statistics/players/
330,CarragherEngland - Defender,0,0,-,-,-,-,https://www.uefa.com/uefaeuro/history/seasons/2004/statistics/players/
330,BetoPortugal,0,0,-,-,-,-,https://www.uefa.com/uefaeuro/history/seasons/2004/statistics/players/
330,ToldoItaly - Goalkeeper,0,0,-,-,-,-,https://www.uefa.com/uefaeuro/history/seasons/2004/statistics/players/
330,SmirnovsLatvia,0,0,-,-,-,-,https://www.uefa.com/uefaeuro/history/seasons/2004/statistics/players/
330,IvankovBulgaria - Goalkeeper,0,0,-,-,-,-,https://www.uefa.com/uefaeuro/history/seasons/2004/statistics/players/
330,TomasCroatia - Defender,0,0,-,-,-,-,https://www.uefa.com/uefaeuro/history/seasons/2004/statistics/players/
330,RothSwitzerland - Goalkeeper,0,0,-,-,-,-,https://www.uefa.com/uefaeuro/history/seasons/2004/statistics/players/
330,AntzasGreece - Defender,-,-,-,-,-,-,https://www.uefa.com/uefaeuro/history/seasons/2004/statistics/players/
363,KihlstedtSweden - Goalkeeper,0,0,-,-,-,-,https://www.uefa.com/uefaeuro/history/seasons/2004/statistics/players/
363,HedmanSweden - Goalkeeper,0,0,-,-,-,-,https://www.uefa.com/uefaeuro/history/seasons/2004/statistics/players/
363,ZuberbühlerSwitzerland - Goalkeeper,0,0,-,-,-,-,https://www.uefa.com/uefaeuro/history/seasons/2004/statistics/players/
363,KluivertNetherlands,0,0,-,-,-,-,https://www.uefa.com/uefaeuro/history/seasons/2004/statistics/players/
363,QuimPortugal - Goalkeeper,0,0,-,-,-,-,https://www.uefa.com/uefaeuro/history/seasons/2004/statistics/players/
363,WahlstedtSweden - Defender,0,0,-,-,-,-,https://www.uefa.com/uefaeuro/history/seasons/2004/statistics/players/
363,MjällbySweden - Midfielder,0,0,-,-,-,-,https://www.uefa.com/uefaeuro/history/seasons/2004/statistics/players/
363,ButtEngland,0,0,-,-,-,-,https://www.uefa.com/uefaeuro/history/seasons/2004/statistics/players/
363,WaterreusNetherlands - Goalkeeper,0,0,-,-,-,-,https://www.uefa.com/uefaeuro/history/seasons/2004/statistics/players/
363,WesterveldNetherlands - Goalkeeper,0,0,-,-,-,-,https://www.uefa.com/uefaeuro/history/seasons/2004/statistics/players/
