rank,identifier,goals,goals_scored_with_right,goals_scored_with_left,goals_scored_head,goals_scored_other,goals_scored_inside_penalty_area,goals_scored_outside_penalty_area,penalty_scored,matches_appearance,url
01,BarošCzechia - Forward,5,-,-,-,-,-,-,-,5,https://www.uefa.com/uefaeuro/history/seasons/2004/statistics/players/goals/
02,Van NistelrooyNetherlands,4,-,-,-,-,-,-,1,5,https://www.uefa.com/uefaeuro/history/seasons/2004/statistics/players/goals/
02,RooneyEngland - Forward,4,-,-,-,-,-,-,-,4,https://www.uefa.com/uefaeuro/history/seasons/2004/statistics/players/goals/
04,ZidaneFrance,3,-,-,-,-,-,-,1,4,https://www.uefa.com/uefaeuro/history/seasons/2004/statistics/players/goals/
04,LarssonSweden,3,-,-,-,-,-,-,1,4,https://www.uefa.com/uefaeuro/history/seasons/2004/statistics/players/goals/
04,CharisteasGreece - Forward,3,-,-,-,-,-,-,-,6,https://www.uefa.com/uefaeuro/history/seasons/2004/statistics/players/goals/
04,LampardEngland,3,-,-,-,-,-,-,-,4,https://www.uefa.com/uefaeuro/history/seasons/2004/statistics/players/goals/
04,TomassonDenmark,3,-,-,-,-,-,-,-,4,https://www.uefa.com/uefaeuro/history/seasons/2004/statistics/players/goals/
09,IbrahimovićSweden - Forward,2,-,-,-,-,-,-,1,4,https://www.uefa.com/uefaeuro/history/seasons/2004/statistics/players/goals/
09,RonaldoPortugal - Forward,2,-,-,-,-,-,-,-,6,https://www.uefa.com/uefaeuro/history/seasons/2004/statistics/players/goals/
09,ManichePortugal - Midfielder,2,-,-,-,-,-,-,-,6,https://www.uefa.com/uefaeuro/history/seasons/2004/statistics/players/goals/
09,HeinzCzechia - Midfielder,2,-,-,-,-,-,-,-,4,https://www.uefa.com/uefaeuro/history/seasons/2004/statistics/players/goals/
09,KollerCzechia - Forward,2,-,-,-,-,-,-,-,4,https://www.uefa.com/uefaeuro/history/seasons/2004/statistics/players/goals/
09,HenryFrance - Forward,2,-,-,-,-,-,-,-,4,https://www.uefa.com/uefaeuro/history/seasons/2004/statistics/players/goals/
09,Rui CostaPortugal,2,-,-,-,-,-,-,-,4,https://www.uefa.com/uefaeuro/history/seasons/2004/statistics/players/goals/
09,CassanoItaly - Forward,2,-,-,-,-,-,-,-,3,https://www.uefa.com/uefaeuro/history/seasons/2004/statistics/players/goals/
17,BasinasGreece - Midfielder,1,-,-,-,-,-,-,1,5,https://www.uefa.com/uefaeuro/history/seasons/2004/statistics/players/goals/
17,M.PetrovBulgaria - Midfielder,1,-,-,-,-,-,-,1,3,https://www.uefa.com/uefaeuro/history/seasons/2004/statistics/players/goals/
17,RapaićCroatia - Midfielder,1,-,-,-,-,-,-,1,3,https://www.uefa.com/uefaeuro/history/seasons/2004/statistics/players/goals/
17,DellasGreece - Defender,1,-,-,-,-,-,-,-,6,https://www.uefa.com/uefaeuro/history/seasons/2004/statistics/players/goals/
17,Nuno GomesPortugal,1,-,-,-,-,-,-,-,6,https://www.uefa.com/uefaeuro/history/seasons/2004/statistics/players/goals/
17,VryzasGreece - Forward,1,-,-,-,-,-,-,-,5,https://www.uefa.com/uefaeuro/history/seasons/2004/statistics/players/goals/
17,TrezeguetFrance - Forward,1,-,-,-,-,-,-,-,4,https://www.uefa.com/uefaeuro/history/seasons/2004/statistics/players/goals/
17,GerrardEngland,1,-,-,-,-,-,-,-,4,https://www.uefa.com/uefaeuro/history/seasons/2004/statistics/players/goals/
17,OwenEngland - Forward,1,-,-,-,-,-,-,-,4,https://www.uefa.com/uefaeuro/history/seasons/2004/statistics/players/goals/
17,BoumaNetherlands - Defender,1,-,-,-,-,-,-,-,4,https://www.uefa.com/uefaeuro/history/seasons/2004/statistics/players/goals/
17,LjungbergSweden,1,-,-,-,-,-,-,-,4,https://www.uefa.com/uefaeuro/history/seasons/2004/statistics/players/goals/
17,KaragounisGreece - Midfielder,1,-,-,-,-,-,-,-,4,https://www.uefa.com/uefaeuro/history/seasons/2004/statistics/players/goals/
17,ScholesEngland - Midfielder,1,-,-,-,-,-,-,-,4,https://www.uefa.com/uefaeuro/history/seasons/2004/statistics/players/goals/
17,ŠmicerCzechia - Midfielder,1,-,-,-,-,-,-,-,3,https://www.uefa.com/uefaeuro/history/seasons/2004/statistics/players/goals/
17,PerrottaItaly - Midfielder,1,-,-,-,-,-,-,-,3,https://www.uefa.com/uefaeuro/history/seasons/2004/statistics/players/goals/
17,N.KovačCroatia,1,-,-,-,-,-,-,-,3,https://www.uefa.com/uefaeuro/history/seasons/2004/statistics/players/goals/
17,FringsGermany - Midfielder,1,-,-,-,-,-,-,-,3,https://www.uefa.com/uefaeuro/history/seasons/2004/statistics/players/goals/
17,BallackGermany - Midfielder,1,-,-,-,-,-,-,-,3,https://www.uefa.com/uefaeuro/history/seasons/2004/statistics/players/goals/
17,VerpakovskisLatvia,1,-,-,-,-,-,-,-,3,https://www.uefa.com/uefaeuro/history/seasons/2004/statistics/players/goals/
17,BulykinRussia - Forward,1,-,-,-,-,-,-,-,3,https://www.uefa.com/uefaeuro/history/seasons/2004/statistics/players/goals/
17,JonsonSweden - Defender,1,-,-,-,-,-,-,-,3,https://www.uefa.com/uefaeuro/history/seasons/2004/statistics/players/goals/
17,GrønkjærDenmark - Forward,1,-,-,-,-,-,-,-,3,https://www.uefa.com/uefaeuro/history/seasons/2004/statistics/players/goals/
17,MakaayNetherlands,1,-,-,-,-,-,-,-,3,https://www.uefa.com/uefaeuro/history/seasons/2004/statistics/players/goals/
17,MorientesSpain - Forward,1,-,-,-,-,-,-,-,3,https://www.uefa.com/uefaeuro/history/seasons/2004/statistics/players/goals/
17,AllbäckSweden - Forward,1,-,-,-,-,-,-,-,3,https://www.uefa.com/uefaeuro/history/seasons/2004/statistics/players/goals/
17,PršoCroatia - Forward,1,-,-,-,-,-,-,-,3,https://www.uefa.com/uefaeuro/history/seasons/2004/statistics/players/goals/
17,VonlanthenSwitzerland - Forward,1,-,-,-,-,-,-,-,2,https://www.uefa.com/uefaeuro/history/seasons/2004/statistics/players/goals/
17,ValerónSpain - Midfielder,1,-,-,-,-,-,-,-,2,https://www.uefa.com/uefaeuro/history/seasons/2004/statistics/players/goals/
17,TudorCroatia,1,-,-,-,-,-,-,-,2,https://www.uefa.com/uefaeuro/history/seasons/2004/statistics/players/goals/
17,Hélder PostigaPortugal - Forward,1,-,-,-,-,-,-,-,1,https://www.uefa.com/uefaeuro/history/seasons/2004/statistics/players/goals/
17,KirichenkoRussia,1,-,-,-,-,-,-,-,1,https://www.uefa.com/uefaeuro/history/seasons/2004/statistics/players/goals/
48,SeitaridisGreece - Defender,-,-,-,-,-,-,-,-,6,https://www.uefa.com/uefaeuro/history/seasons/2004/statistics/players/goals/
48,DecoPortugal - Midfielder,-,-,-,-,-,-,-,-,6,https://www.uefa.com/uefaeuro/history/seasons/2004/statistics/players/goals/
48,Jorge AndradePortugal - Defender,-,-,-,-,-,-,-,-,6,https://www.uefa.com/uefaeuro/history/seasons/2004/statistics/players/goals/
48,CostinhaPortugal,-,-,-,-,-,-,-,-,6,https://www.uefa.com/uefaeuro/history/seasons/2004/statistics/players/goals/
48,Luís FigoPortugal - Midfielder,-,-,-,-,-,-,-,-,6,https://www.uefa.com/uefaeuro/history/seasons/2004/statistics/players/goals/
48,KatsouranisGreece - Midfielder,-,-,-,-,-,-,-,-,6,https://www.uefa.com/uefaeuro/history/seasons/2004/statistics/players/goals/
48,RicardoPortugal - Goalkeeper,-,-,-,-,-,-,-,-,6,https://www.uefa.com/uefaeuro/history/seasons/2004/statistics/players/goals/
48,FyssasGreece - Defender,-,-,-,-,-,-,-,-,6,https://www.uefa.com/uefaeuro/history/seasons/2004/statistics/players/goals/
48,NikopolidisGreece,-,-,-,-,-,-,-,-,6,https://www.uefa.com/uefaeuro/history/seasons/2004/statistics/players/goals/
48,ZagorakisGreece - Midfielder,-,-,-,-,-,-,-,-,6,https://www.uefa.com/uefaeuro/history/seasons/2004/statistics/players/goals/
48,KapsisGreece - Defender,-,-,-,-,-,-,-,-,6,https://www.uefa.com/uefaeuro/history/seasons/2004/statistics/players/goals/
48,DavidsNetherlands - Midfielder,-,-,-,-,-,-,-,-,5,https://www.uefa.com/uefaeuro/history/seasons/2004/statistics/players/goals/
48,MiguelPortugal - Defender,-,-,-,-,-,-,-,-,5,https://www.uefa.com/uefaeuro/history/seasons/2004/statistics/players/goals/
48,PauletaPortugal - Forward,-,-,-,-,-,-,-,-,5,https://www.uefa.com/uefaeuro/history/seasons/2004/statistics/players/goals/
48,Ricardo CarvalhoPortugal - Defender,-,-,-,-,-,-,-,-,5,https://www.uefa.com/uefaeuro/history/seasons/2004/statistics/players/goals/
48,StamNetherlands - Defender,-,-,-,-,-,-,-,-,5,https://www.uefa.com/uefaeuro/history/seasons/2004/statistics/players/goals/
48,Nuno ValentePortugal - Defender,-,-,-,-,-,-,-,-,5,https://www.uefa.com/uefaeuro/history/seasons/2004/statistics/players/goals/
48,PoborskýCzechia - Midfielder,-,-,-,-,-,-,-,-,5,https://www.uefa.com/uefaeuro/history/seasons/2004/statistics/players/goals/
48,GalásekCzechia - Midfielder,-,-,-,-,-,-,-,-,5,https://www.uefa.com/uefaeuro/history/seasons/2004/statistics/players/goals/
48,Van der SarNetherlands - Goalkeeper,-,-,-,-,-,-,-,-,5,https://www.uefa.com/uefaeuro/history/seasons/2004/statistics/players/goals/
48,Van BronckhorstNetherlands,-,-,-,-,-,-,-,-,5,https://www.uefa.com/uefaeuro/history/seasons/2004/statistics/players/goals/
48,CocuNetherlands,-,-,-,-,-,-,-,-,5,https://www.uefa.com/uefaeuro/history/seasons/2004/statistics/players/goals/
48,ReizigerNetherlands,-,-,-,-,-,-,-,-,4,https://www.uefa.com/uefaeuro/history/seasons/2004/statistics/players/goals/
48,RobbenNetherlands - Midfielder,-,-,-,-,-,-,-,-,4,https://www.uefa.com/uefaeuro/history/seasons/2004/statistics/players/goals/
48,JiránekCzechia - Defender,-,-,-,-,-,-,-,-,4,https://www.uefa.com/uefaeuro/history/seasons/2004/statistics/players/goals/
48,NilssonSweden - Midfielder,-,-,-,-,-,-,-,-,4,https://www.uefa.com/uefaeuro/history/seasons/2004/statistics/players/goals/
48,ThuramFrance - Defender,-,-,-,-,-,-,-,-,4,https://www.uefa.com/uefaeuro/history/seasons/2004/statistics/players/goals/
48,WilhelmssonSweden - Midfielder,-,-,-,-,-,-,-,-,4,https://www.uefa.com/uefaeuro/history/seasons/2004/statistics/players/goals/
48,BolfCzechia - Defender,-,-,-,-,-,-,-,-,4,https://www.uefa.com/uefaeuro/history/seasons/2004/statistics/players/goals/
48,A.ColeEngland - Defender,-,-,-,-,-,-,-,-,4,https://www.uefa.com/uefaeuro/history/seasons/2004/statistics/players/goals/
48,ČechCzechia,-,-,-,-,-,-,-,-,4,https://www.uefa.com/uefaeuro/history/seasons/2004/statistics/players/goals/
48,VassellEngland - Forward,-,-,-,-,-,-,-,-,4,https://www.uefa.com/uefaeuro/history/seasons/2004/statistics/players/goals/
48,HenriksenDenmark - Defender,-,-,-,-,-,-,-,-,4,https://www.uefa.com/uefaeuro/history/seasons/2004/statistics/players/goals/
48,KällströmSweden - Midfielder,-,-,-,-,-,-,-,-,4,https://www.uefa.com/uefaeuro/history/seasons/2004/statistics/players/goals/
48,IsakssonSweden - Goalkeeper,-,-,-,-,-,-,-,-,4,https://www.uefa.com/uefaeuro/history/seasons/2004/statistics/players/goals/
48,GrygeraCzechia - Defender,-,-,-,-,-,-,-,-,4,https://www.uefa.com/uefaeuro/history/seasons/2004/statistics/players/goals/
48,TsiartasGreece - Midfielder,-,-,-,-,-,-,-,-,4,https://www.uefa.com/uefaeuro/history/seasons/2004/statistics/players/goals/
48,MellbergSweden - Defender,-,-,-,-,-,-,-,-,4,https://www.uefa.com/uefaeuro/history/seasons/2004/statistics/players/goals/
48,RosickýCzechia - Midfielder,-,-,-,-,-,-,-,-,4,https://www.uefa.com/uefaeuro/history/seasons/2004/statistics/players/goals/
48,RommedahlDenmark - Forward,-,-,-,-,-,-,-,-,4,https://www.uefa.com/uefaeuro/history/seasons/2004/statistics/players/goals/
48,GallasFrance - Defender,-,-,-,-,-,-,-,-,4,https://www.uefa.com/uefaeuro/history/seasons/2004/statistics/players/goals/
48,SilvestreFrance - Defender,-,-,-,-,-,-,-,-,4,https://www.uefa.com/uefaeuro/history/seasons/2004/statistics/players/goals/
48,LaursenDenmark - Defender,-,-,-,-,-,-,-,-,4,https://www.uefa.com/uefaeuro/history/seasons/2004/statistics/players/goals/
48,Van der MeydeNetherlands - Midfielder,-,-,-,-,-,-,-,-,4,https://www.uefa.com/uefaeuro/history/seasons/2004/statistics/players/goals/
48,UjfalušiCzechia - Defender,-,-,-,-,-,-,-,-,4,https://www.uefa.com/uefaeuro/history/seasons/2004/statistics/players/goals/
48,PirèsFrance - Midfielder,-,-,-,-,-,-,-,-,4,https://www.uefa.com/uefaeuro/history/seasons/2004/statistics/players/goals/
48,GiannakopoulosGreece - Midfielder,-,-,-,-,-,-,-,-,4,https://www.uefa.com/uefaeuro/history/seasons/2004/statistics/players/goals/
48,SørensenDenmark - Goalkeeper,-,-,-,-,-,-,-,-,4,https://www.uefa.com/uefaeuro/history/seasons/2004/statistics/players/goals/
48,JankulovskiCzechia - Defender,-,-,-,-,-,-,-,-,4,https://www.uefa.com/uefaeuro/history/seasons/2004/statistics/players/goals/
48,JakobssonSweden - Defender,-,-,-,-,-,-,-,-,4,https://www.uefa.com/uefaeuro/history/seasons/2004/statistics/players/goals/
48,NedvědCzechia,-,-,-,-,-,-,-,-,4,https://www.uefa.com/uefaeuro/history/seasons/2004/statistics/players/goals/
48,JørgensenDenmark - Midfielder,-,-,-,-,-,-,-,-,4,https://www.uefa.com/uefaeuro/history/seasons/2004/statistics/players/goals/
48,BarthezFrance - Goalkeeper,-,-,-,-,-,-,-,-,4,https://www.uefa.com/uefaeuro/history/seasons/2004/statistics/players/goals/
48,CampbellEngland - Defender,-,-,-,-,-,-,-,-,4,https://www.uefa.com/uefaeuro/history/seasons/2004/statistics/players/goals/
48,G. NevilleEngland - Defender,-,-,-,-,-,-,-,-,4,https://www.uefa.com/uefaeuro/history/seasons/2004/statistics/players/goals/
48,BeckhamEngland - Midfielder,-,-,-,-,-,-,-,-,4,https://www.uefa.com/uefaeuro/history/seasons/2004/statistics/players/goals/
48,SeedorfNetherlands,-,-,-,-,-,-,-,-,4,https://www.uefa.com/uefaeuro/history/seasons/2004/statistics/players/goals/
48,JamesEngland - Goalkeeper,-,-,-,-,-,-,-,-,4,https://www.uefa.com/uefaeuro/history/seasons/2004/statistics/players/goals/
48,HelvegDenmark - Defender,-,-,-,-,-,-,-,-,4,https://www.uefa.com/uefaeuro/history/seasons/2004/statistics/players/goals/
48,NikolaidisGreece - Forward,-,-,-,-,-,-,-,-,4,https://www.uefa.com/uefaeuro/history/seasons/2004/statistics/players/goals/
48,KahnGermany,-,-,-,-,-,-,-,-,3,https://www.uefa.com/uefaeuro/history/seasons/2004/statistics/players/goals/
48,WörnsGermany - Defender,-,-,-,-,-,-,-,-,3,https://www.uefa.com/uefaeuro/history/seasons/2004/statistics/players/goals/
48,SchweinsteigerGermany - Midfielder,-,-,-,-,-,-,-,-,3,https://www.uefa.com/uefaeuro/history/seasons/2004/statistics/players/goals/
48,KaryakaRussia - Midfielder,-,-,-,-,-,-,-,-,3,https://www.uefa.com/uefaeuro/history/seasons/2004/statistics/players/goals/
48,LahmGermany - Defender,-,-,-,-,-,-,-,-,3,https://www.uefa.com/uefaeuro/history/seasons/2004/statistics/players/goals/
48,TorresSpain,-,-,-,-,-,-,-,-,3,https://www.uefa.com/uefaeuro/history/seasons/2004/statistics/players/goals/
48,ZdravkovBulgaria,-,-,-,-,-,-,-,-,3,https://www.uefa.com/uefaeuro/history/seasons/2004/statistics/players/goals/
48,KuranyiGermany - Forward,-,-,-,-,-,-,-,-,3,https://www.uefa.com/uefaeuro/history/seasons/2004/statistics/players/goals/
48,HargreavesEngland - Midfielder,-,-,-,-,-,-,-,-,3,https://www.uefa.com/uefaeuro/history/seasons/2004/statistics/players/goals/
48,FriedrichGermany - Defender,-,-,-,-,-,-,-,-,3,https://www.uefa.com/uefaeuro/history/seasons/2004/statistics/players/goals/
48,SpycherSwitzerland,-,-,-,-,-,-,-,-,3,https://www.uefa.com/uefaeuro/history/seasons/2004/statistics/players/goals/
48,VenetidisGreece - Defender,-,-,-,-,-,-,-,-,3,https://www.uefa.com/uefaeuro/history/seasons/2004/statistics/players/goals/
48,BerbatovBulgaria - Forward,-,-,-,-,-,-,-,-,3,https://www.uefa.com/uefaeuro/history/seasons/2004/statistics/players/goals/
48,RozehnalCzechia - Defender,-,-,-,-,-,-,-,-,3,https://www.uefa.com/uefaeuro/history/seasons/2004/statistics/players/goals/
48,HuggelSwitzerland - Midfielder,-,-,-,-,-,-,-,-,3,https://www.uefa.com/uefaeuro/history/seasons/2004/statistics/players/goals/
48,ŠimunićCroatia - Defender,-,-,-,-,-,-,-,-,3,https://www.uefa.com/uefaeuro/history/seasons/2004/statistics/players/goals/
48,ProhorenkovsLatvia - Forward,-,-,-,-,-,-,-,-,3,https://www.uefa.com/uefaeuro/history/seasons/2004/statistics/players/goals/
48,Iván HelgueraSpain - Defender,-,-,-,-,-,-,-,-,3,https://www.uefa.com/uefaeuro/history/seasons/2004/statistics/players/goals/
48,BarajaSpain - Midfielder,-,-,-,-,-,-,-,-,3,https://www.uefa.com/uefaeuro/history/seasons/2004/statistics/players/goals/
48,Van der VaartNetherlands - Midfielder,-,-,-,-,-,-,-,-,3,https://www.uefa.com/uefaeuro/history/seasons/2004/statistics/players/goals/
48,C. PoulsenDenmark,-,-,-,-,-,-,-,-,3,https://www.uefa.com/uefaeuro/history/seasons/2004/statistics/players/goals/
48,ZambrottaItaly - Defender,-,-,-,-,-,-,-,-,3,https://www.uefa.com/uefaeuro/history/seasons/2004/statistics/players/goals/
48,TerryEngland - Defender,-,-,-,-,-,-,-,-,3,https://www.uefa.com/uefaeuro/history/seasons/2004/statistics/players/goals/
48,LazarovBulgaria - Forward,-,-,-,-,-,-,-,-,3,https://www.uefa.com/uefaeuro/history/seasons/2004/statistics/players/goals/
48,JankovićBulgaria - Forward,-,-,-,-,-,-,-,-,3,https://www.uefa.com/uefaeuro/history/seasons/2004/statistics/players/goals/
48,SennikovRussia - Defender,-,-,-,-,-,-,-,-,3,https://www.uefa.com/uefaeuro/history/seasons/2004/statistics/players/goals/
48,Fernando CoutoPortugal - Defender,-,-,-,-,-,-,-,-,3,https://www.uefa.com/uefaeuro/history/seasons/2004/statistics/players/goals/
48,Raúl BravoSpain - Defender,-,-,-,-,-,-,-,-,3,https://www.uefa.com/uefaeuro/history/seasons/2004/statistics/players/goals/
48,GygaxSwitzerland - Midfielder,-,-,-,-,-,-,-,-,3,https://www.uefa.com/uefaeuro/history/seasons/2004/statistics/players/goals/
48,PuyolSpain - Defender,-,-,-,-,-,-,-,-,3,https://www.uefa.com/uefaeuro/history/seasons/2004/statistics/players/goals/
48,VicenteSpain - Midfielder,-,-,-,-,-,-,-,-,3,https://www.uefa.com/uefaeuro/history/seasons/2004/statistics/players/goals/
48,SagnolFrance,-,-,-,-,-,-,-,-,3,https://www.uefa.com/uefaeuro/history/seasons/2004/statistics/players/goals/
48,R.KovačCroatia,-,-,-,-,-,-,-,-,3,https://www.uefa.com/uefaeuro/history/seasons/2004/statistics/players/goals/
48,LizarazuFrance - Defender,-,-,-,-,-,-,-,-,3,https://www.uefa.com/uefaeuro/history/seasons/2004/statistics/players/goals/
48,CasillasSpain - Goalkeeper,-,-,-,-,-,-,-,-,3,https://www.uefa.com/uefaeuro/history/seasons/2004/statistics/players/goals/
48,JensenDenmark - Midfielder,-,-,-,-,-,-,-,-,3,https://www.uefa.com/uefaeuro/history/seasons/2004/statistics/players/goals/
48,GravesenDenmark - Midfielder,-,-,-,-,-,-,-,-,3,https://www.uefa.com/uefaeuro/history/seasons/2004/statistics/players/goals/
48,SvenssonSweden - Defender,-,-,-,-,-,-,-,-,3,https://www.uefa.com/uefaeuro/history/seasons/2004/statistics/players/goals/
48,OlićCroatia - Forward,-,-,-,-,-,-,-,-,3,https://www.uefa.com/uefaeuro/history/seasons/2004/statistics/players/goals/
48,AlbeldaSpain - Midfielder,-,-,-,-,-,-,-,-,3,https://www.uefa.com/uefaeuro/history/seasons/2004/statistics/players/goals/
48,SimãoPortugal - Midfielder,-,-,-,-,-,-,-,-,3,https://www.uefa.com/uefaeuro/history/seasons/2004/statistics/players/goals/
48,EvseevRussia - Defender,-,-,-,-,-,-,-,-,3,https://www.uefa.com/uefaeuro/history/seasons/2004/statistics/players/goals/
48,RubinsLatvia - Midfielder,-,-,-,-,-,-,-,-,3,https://www.uefa.com/uefaeuro/history/seasons/2004/statistics/players/goals/
48,WiltordFrance - Forward,-,-,-,-,-,-,-,-,3,https://www.uefa.com/uefaeuro/history/seasons/2004/statistics/players/goals/
48,RossoCroatia - Midfielder,-,-,-,-,-,-,-,-,3,https://www.uefa.com/uefaeuro/history/seasons/2004/statistics/players/goals/
48,C. JensenDenmark - Midfielder,-,-,-,-,-,-,-,-,3,https://www.uefa.com/uefaeuro/history/seasons/2004/statistics/players/goals/
48,LaizānsLatvia - Midfielder,-,-,-,-,-,-,-,-,3,https://www.uefa.com/uefaeuro/history/seasons/2004/statistics/players/goals/
48,ŠokotaCroatia - Forward,-,-,-,-,-,-,-,-,3,https://www.uefa.com/uefaeuro/history/seasons/2004/statistics/players/goals/
48,Raúl GonzálezSpain,-,-,-,-,-,-,-,-,3,https://www.uefa.com/uefaeuro/history/seasons/2004/statistics/players/goals/
48,Hakan YakinSwitzerland - Forward,-,-,-,-,-,-,-,-,3,https://www.uefa.com/uefaeuro/history/seasons/2004/statistics/players/goals/
48,M HristovBulgaria,-,-,-,-,-,-,-,-,3,https://www.uefa.com/uefaeuro/history/seasons/2004/statistics/players/goals/
48,LinderothSweden,-,-,-,-,-,-,-,-,3,https://www.uefa.com/uefaeuro/history/seasons/2004/statistics/players/goals/
48,EdmanSweden - Defender,-,-,-,-,-,-,-,-,3,https://www.uefa.com/uefaeuro/history/seasons/2004/statistics/players/goals/
48,IsakovsLatvia,-,-,-,-,-,-,-,-,3,https://www.uefa.com/uefaeuro/history/seasons/2004/statistics/players/goals/
48,FioreItaly - Midfielder,-,-,-,-,-,-,-,-,3,https://www.uefa.com/uefaeuro/history/seasons/2004/statistics/players/goals/
48,VieiraFrance,-,-,-,-,-,-,-,-,3,https://www.uefa.com/uefaeuro/history/seasons/2004/statistics/players/goals/
48,SandDenmark - Forward,-,-,-,-,-,-,-,-,3,https://www.uefa.com/uefaeuro/history/seasons/2004/statistics/players/goals/
48,PaharsLatvia,-,-,-,-,-,-,-,-,3,https://www.uefa.com/uefaeuro/history/seasons/2004/statistics/players/goals/
48,BleidelisLatvia,-,-,-,-,-,-,-,-,3,https://www.uefa.com/uefaeuro/history/seasons/2004/statistics/players/goals/
48,NestaItaly - Defender,-,-,-,-,-,-,-,-,3,https://www.uefa.com/uefaeuro/history/seasons/2004/statistics/players/goals/
48,MakeleleFrance,-,-,-,-,-,-,-,-,3,https://www.uefa.com/uefaeuro/history/seasons/2004/statistics/players/goals/
48,ButinaCroatia,-,-,-,-,-,-,-,-,3,https://www.uefa.com/uefaeuro/history/seasons/2004/statistics/players/goals/
48,AlenichevRussia - Midfielder,-,-,-,-,-,-,-,-,3,https://www.uefa.com/uefaeuro/history/seasons/2004/statistics/players/goals/
48,BuffonItaly - Goalkeeper,-,-,-,-,-,-,-,-,3,https://www.uefa.com/uefaeuro/history/seasons/2004/statistics/players/goals/
48,DacourtFrance - Midfielder,-,-,-,-,-,-,-,-,3,https://www.uefa.com/uefaeuro/history/seasons/2004/statistics/players/goals/
48,MüllerSwitzerland - Defender,-,-,-,-,-,-,-,-,3,https://www.uefa.com/uefaeuro/history/seasons/2004/statistics/players/goals/
48,WickySwitzerland,-,-,-,-,-,-,-,-,3,https://www.uefa.com/uefaeuro/history/seasons/2004/statistics/players/goals/
48,PanucciItaly - Defender,-,-,-,-,-,-,-,-,3,https://www.uefa.com/uefaeuro/history/seasons/2004/statistics/players/goals/
48,YakinSwitzerland,-,-,-,-,-,-,-,-,3,https://www.uefa.com/uefaeuro/history/seasons/2004/statistics/players/goals/
48,StielSwitzerland,-,-,-,-,-,-,-,-,3,https://www.uefa.com/uefaeuro/history/seasons/2004/statistics/players/goals/
48,Vitālijs AstafjevsLatvia,-,-,-,-,-,-,-,-,3,https://www.uefa.com/uefaeuro/history/seasons/2004/statistics/players/goals/
48,StepanovsLatvia - Defender,-,-,-,-,-,-,-,-,3,https://www.uefa.com/uefaeuro/history/seasons/2004/statistics/players/goals/
48,LobaņovsLatvia - Defender,-,-,-,-,-,-,-,-,3,https://www.uefa.com/uefaeuro/history/seasons/2004/statistics/players/goals/
48,BlagonadeždinsLatvia - Defender,-,-,-,-,-,-,-,-,3,https://www.uefa.com/uefaeuro/history/seasons/2004/statistics/players/goals/
48,KoļinkoLatvia - Goalkeeper,-,-,-,-,-,-,-,-,3,https://www.uefa.com/uefaeuro/history/seasons/2004/statistics/players/goals/
48,ZemļinskisLatvia - Defender,-,-,-,-,-,-,-,-,3,https://www.uefa.com/uefaeuro/history/seasons/2004/statistics/players/goals/
48,OvermarsNetherlands - Forward,-,-,-,-,-,-,-,-,3,https://www.uefa.com/uefaeuro/history/seasons/2004/statistics/players/goals/
48,HeitingaNetherlands,-,-,-,-,-,-,-,-,3,https://www.uefa.com/uefaeuro/history/seasons/2004/statistics/players/goals/
48,VieriItaly - Forward,-,-,-,-,-,-,-,-,3,https://www.uefa.com/uefaeuro/history/seasons/2004/statistics/players/goals/
48,HamannGermany - Midfielder,-,-,-,-,-,-,-,-,3,https://www.uefa.com/uefaeuro/history/seasons/2004/statistics/players/goals/
48,D. ŠimićCroatia - Defender,-,-,-,-,-,-,-,-,3,https://www.uefa.com/uefaeuro/history/seasons/2004/statistics/players/goals/
48,Del PieroItaly - Forward,-,-,-,-,-,-,-,-,3,https://www.uefa.com/uefaeuro/history/seasons/2004/statistics/players/goals/
48,N.JensenDenmark - Defender,-,-,-,-,-,-,-,-,3,https://www.uefa.com/uefaeuro/history/seasons/2004/statistics/players/goals/
48,MornarCroatia - Midfielder,-,-,-,-,-,-,-,-,3,https://www.uefa.com/uefaeuro/history/seasons/2004/statistics/players/goals/
48,SchneiderGermany - Midfielder,-,-,-,-,-,-,-,-,3,https://www.uefa.com/uefaeuro/history/seasons/2004/statistics/players/goals/
48,SharonovRussia - Defender,-,-,-,-,-,-,-,-,2,https://www.uefa.com/uefaeuro/history/seasons/2004/statistics/players/goals/
48,NowotnyGermany - Defender,-,-,-,-,-,-,-,-,2,https://www.uefa.com/uefaeuro/history/seasons/2004/statistics/players/goals/
48,HenchozSwitzerland - Defender,-,-,-,-,-,-,-,-,2,https://www.uefa.com/uefaeuro/history/seasons/2004/statistics/players/goals/
48,ChapuisatSwitzerland,-,-,-,-,-,-,-,-,2,https://www.uefa.com/uefaeuro/history/seasons/2004/statistics/players/goals/
48,CamoranesiItaly - Midfielder,-,-,-,-,-,-,-,-,2,https://www.uefa.com/uefaeuro/history/seasons/2004/statistics/players/goals/
48,AldoninRussia - Midfielder,-,-,-,-,-,-,-,-,2,https://www.uefa.com/uefaeuro/history/seasons/2004/statistics/players/goals/
48,IzmailovRussia - Midfielder,-,-,-,-,-,-,-,-,2,https://www.uefa.com/uefaeuro/history/seasons/2004/statistics/players/goals/
48,SneijderNetherlands - Midfielder,-,-,-,-,-,-,-,-,2,https://www.uefa.com/uefaeuro/history/seasons/2004/statistics/players/goals/
48,KloseGermany - Forward,-,-,-,-,-,-,-,-,2,https://www.uefa.com/uefaeuro/history/seasons/2004/statistics/players/goals/
48,FerreiraPortugal - Defender,-,-,-,-,-,-,-,-,2,https://www.uefa.com/uefaeuro/history/seasons/2004/statistics/players/goals/
48,PetitPortugal - Midfielder,-,-,-,-,-,-,-,-,2,https://www.uefa.com/uefaeuro/history/seasons/2004/statistics/players/goals/
48,Xabi AlonsoSpain,-,-,-,-,-,-,-,-,2,https://www.uefa.com/uefaeuro/history/seasons/2004/statistics/players/goals/
48,SychevRussia - Forward,-,-,-,-,-,-,-,-,2,https://www.uefa.com/uefaeuro/history/seasons/2004/statistics/players/goals/
48,MarchenaSpain - Defender,-,-,-,-,-,-,-,-,2,https://www.uefa.com/uefaeuro/history/seasons/2004/statistics/players/goals/
48,JoaquínSpain - Midfielder,-,-,-,-,-,-,-,-,2,https://www.uefa.com/uefaeuro/history/seasons/2004/statistics/players/goals/
48,SrnaCroatia,-,-,-,-,-,-,-,-,2,https://www.uefa.com/uefaeuro/history/seasons/2004/statistics/players/goals/
48,F. de BoerNetherlands,-,-,-,-,-,-,-,-,2,https://www.uefa.com/uefaeuro/history/seasons/2004/statistics/players/goals/
48,SmertinRussia - Midfielder,-,-,-,-,-,-,-,-,2,https://www.uefa.com/uefaeuro/history/seasons/2004/statistics/players/goals/
48,DimitrovBulgaria - Midfielder,-,-,-,-,-,-,-,-,2,https://www.uefa.com/uefaeuro/history/seasons/2004/statistics/players/goals/
48,ZagorčićBulgaria,-,-,-,-,-,-,-,-,2,https://www.uefa.com/uefaeuro/history/seasons/2004/statistics/players/goals/
48,BugaevRussia - Defender,-,-,-,-,-,-,-,-,2,https://www.uefa.com/uefaeuro/history/seasons/2004/statistics/players/goals/
48,PapadopoulosGreece - Forward,-,-,-,-,-,-,-,-,2,https://www.uefa.com/uefaeuro/history/seasons/2004/statistics/players/goals/
48,BjelicaCroatia,-,-,-,-,-,-,-,-,2,https://www.uefa.com/uefaeuro/history/seasons/2004/statistics/players/goals/
48,CabanasSwitzerland - Midfielder,-,-,-,-,-,-,-,-,2,https://www.uefa.com/uefaeuro/history/seasons/2004/statistics/players/goals/
48,I. StoyanovBulgaria - Defender,-,-,-,-,-,-,-,-,2,https://www.uefa.com/uefaeuro/history/seasons/2004/statistics/players/goals/
48,BaumannGermany - Midfielder,-,-,-,-,-,-,-,-,2,https://www.uefa.com/uefaeuro/history/seasons/2004/statistics/players/goals/
48,KingEngland - Defender,-,-,-,-,-,-,-,-,2,https://www.uefa.com/uefaeuro/history/seasons/2004/statistics/players/goals/
48,MalafeevRussia - Goalkeeper,-,-,-,-,-,-,-,-,2,https://www.uefa.com/uefaeuro/history/seasons/2004/statistics/players/goals/
48,G PeevBulgaria - Midfielder,-,-,-,-,-,-,-,-,2,https://www.uefa.com/uefaeuro/history/seasons/2004/statistics/players/goals/
48,St.PetrovBulgaria - Midfielder,-,-,-,-,-,-,-,-,2,https://www.uefa.com/uefaeuro/history/seasons/2004/statistics/players/goals/
48,CelestiniSwitzerland,-,-,-,-,-,-,-,-,2,https://www.uefa.com/uefaeuro/history/seasons/2004/statistics/players/goals/
48,I PetkovBulgaria - Defender,-,-,-,-,-,-,-,-,2,https://www.uefa.com/uefaeuro/history/seasons/2004/statistics/players/goals/
48,PažinBulgaria - Defender,-,-,-,-,-,-,-,-,2,https://www.uefa.com/uefaeuro/history/seasons/2004/statistics/players/goals/
48,A. FreiSwitzerland,-,-,-,-,-,-,-,-,2,https://www.uefa.com/uefaeuro/history/seasons/2004/statistics/players/goals/
48,BøgelundDenmark - Defender,-,-,-,-,-,-,-,-,2,https://www.uefa.com/uefaeuro/history/seasons/2004/statistics/players/goals/
48,ŽivkovićCroatia - Defender,-,-,-,-,-,-,-,-,2,https://www.uefa.com/uefaeuro/history/seasons/2004/statistics/players/goals/
48,GattusoItaly,-,-,-,-,-,-,-,-,2,https://www.uefa.com/uefaeuro/history/seasons/2004/statistics/players/goals/
48,GusevRussia - Midfielder,-,-,-,-,-,-,-,-,2,https://www.uefa.com/uefaeuro/history/seasons/2004/statistics/players/goals/
48,SahaFrance - Forward,-,-,-,-,-,-,-,-,2,https://www.uefa.com/uefaeuro/history/seasons/2004/statistics/players/goals/
48,HaasSwitzerland,-,-,-,-,-,-,-,-,2,https://www.uefa.com/uefaeuro/history/seasons/2004/statistics/players/goals/
48,BobicGermany,-,-,-,-,-,-,-,-,2,https://www.uefa.com/uefaeuro/history/seasons/2004/statistics/players/goals/
48,PirloItaly - Midfielder,-,-,-,-,-,-,-,-,2,https://www.uefa.com/uefaeuro/history/seasons/2004/statistics/players/goals/
48,M. PetkovBulgaria - Midfielder,-,-,-,-,-,-,-,-,2,https://www.uefa.com/uefaeuro/history/seasons/2004/statistics/players/goals/
48,EtxeberriaSpain,-,-,-,-,-,-,-,-,2,https://www.uefa.com/uefaeuro/history/seasons/2004/statistics/players/goals/
48,OvchinnikovRussia,-,-,-,-,-,-,-,-,2,https://www.uefa.com/uefaeuro/history/seasons/2004/statistics/players/goals/
48,LakisGreece - Midfielder,-,-,-,-,-,-,-,-,2,https://www.uefa.com/uefaeuro/history/seasons/2004/statistics/players/goals/
48,P. NevilleEngland - Midfielder,-,-,-,-,-,-,-,-,2,https://www.uefa.com/uefaeuro/history/seasons/2004/statistics/players/goals/
48,CannavaroItaly - Defender,-,-,-,-,-,-,-,-,2,https://www.uefa.com/uefaeuro/history/seasons/2004/statistics/players/goals/
48,KirilovBulgaria - Defender,-,-,-,-,-,-,-,-,2,https://www.uefa.com/uefaeuro/history/seasons/2004/statistics/players/goals/
48,RadimovRussia - Midfielder,-,-,-,-,-,-,-,-,2,https://www.uefa.com/uefaeuro/history/seasons/2004/statistics/players/goals/
48,VogelSwitzerland - Midfielder,-,-,-,-,-,-,-,-,2,https://www.uefa.com/uefaeuro/history/seasons/2004/statistics/players/goals/
48,Van HooijdonkNetherlands - Forward,-,-,-,-,-,-,-,-,2,https://www.uefa.com/uefaeuro/history/seasons/2004/statistics/players/goals/
48,IvanovBulgaria - Defender,-,-,-,-,-,-,-,-,2,https://www.uefa.com/uefaeuro/history/seasons/2004/statistics/players/goals/
48,Anders AnderssonSweden - Midfielder,-,-,-,-,-,-,-,-,1,https://www.uefa.com/uefaeuro/history/seasons/2004/statistics/players/goals/
48,FavalliItaly - Defender,-,-,-,-,-,-,-,-,1,https://www.uefa.com/uefaeuro/history/seasons/2004/statistics/players/goals/
48,RamaSwitzerland - Forward,-,-,-,-,-,-,-,-,1,https://www.uefa.com/uefaeuro/history/seasons/2004/statistics/players/goals/
48,JuanitoSpain - Defender,-,-,-,-,-,-,-,-,1,https://www.uefa.com/uefaeuro/history/seasons/2004/statistics/players/goals/
48,OddoItaly - Defender,-,-,-,-,-,-,-,-,1,https://www.uefa.com/uefaeuro/history/seasons/2004/statistics/players/goals/
48,CorradiItaly - Forward,-,-,-,-,-,-,-,-,1,https://www.uefa.com/uefaeuro/history/seasons/2004/statistics/players/goals/
48,BystrovRussia - Midfielder,-,-,-,-,-,-,-,-,1,https://www.uefa.com/uefaeuro/history/seasons/2004/statistics/players/goals/
48,MarešCzechia - Defender,-,-,-,-,-,-,-,-,1,https://www.uefa.com/uefaeuro/history/seasons/2004/statistics/players/goals/
48,BozhinovBulgaria - Forward,-,-,-,-,-,-,-,-,1,https://www.uefa.com/uefaeuro/history/seasons/2004/statistics/players/goals/
48,PodolskiGermany - Forward,-,-,-,-,-,-,-,-,1,https://www.uefa.com/uefaeuro/history/seasons/2004/statistics/players/goals/
48,RothenFrance - Midfielder,-,-,-,-,-,-,-,-,1,https://www.uefa.com/uefaeuro/history/seasons/2004/statistics/players/goals/
48,PedrettiFrance - Midfielder,-,-,-,-,-,-,-,-,1,https://www.uefa.com/uefaeuro/history/seasons/2004/statistics/players/goals/
48,AnyukovRussia,-,-,-,-,-,-,-,-,1,https://www.uefa.com/uefaeuro/history/seasons/2004/statistics/players/goals/
48,A. KerzhakovRussia - Forward,-,-,-,-,-,-,-,-,1,https://www.uefa.com/uefaeuro/history/seasons/2004/statistics/players/goals/
48,KotevBulgaria - Defender,-,-,-,-,-,-,-,-,1,https://www.uefa.com/uefaeuro/history/seasons/2004/statistics/players/goals/
48,VachoušekCzechia - Midfielder,-,-,-,-,-,-,-,-,1,https://www.uefa.com/uefaeuro/history/seasons/2004/statistics/players/goals/
48,ManchevBulgaria - Forward,-,-,-,-,-,-,-,-,1,https://www.uefa.com/uefaeuro/history/seasons/2004/statistics/players/goals/
48,MaterazziItaly - Defender,-,-,-,-,-,-,-,-,1,https://www.uefa.com/uefaeuro/history/seasons/2004/statistics/players/goals/
48,France,-,-,-,-,-,-,-,-,1,https://www.uefa.com/uefaeuro/history/seasons/2004/statistics/players/goals/
48,PlašilCzechia - Midfielder,-,-,-,-,-,-,-,-,1,https://www.uefa.com/uefaeuro/history/seasons/2004/statistics/players/goals/
48,BoumsongFrance - Defender,-,-,-,-,-,-,-,-,1,https://www.uefa.com/uefaeuro/history/seasons/2004/statistics/players/goals/
48,LekoCroatia,-,-,-,-,-,-,-,-,1,https://www.uefa.com/uefaeuro/history/seasons/2004/statistics/players/goals/
48,LuqueSpain - Forward,-,-,-,-,-,-,-,-,1,https://www.uefa.com/uefaeuro/history/seasons/2004/statistics/players/goals/
48,MostovoiRussia - Midfielder,-,-,-,-,-,-,-,-,1,https://www.uefa.com/uefaeuro/history/seasons/2004/statistics/players/goals/
48,PriskeDenmark,-,-,-,-,-,-,-,-,1,https://www.uefa.com/uefaeuro/history/seasons/2004/statistics/players/goals/
48,SemshovRussia - Midfielder,-,-,-,-,-,-,-,-,1,https://www.uefa.com/uefaeuro/history/seasons/2004/statistics/players/goals/
48,ZanettiItaly - Midfielder,-,-,-,-,-,-,-,-,1,https://www.uefa.com/uefaeuro/history/seasons/2004/statistics/players/goals/
48,ŠtolcersLatvia - Midfielder,-,-,-,-,-,-,-,-,1,https://www.uefa.com/uefaeuro/history/seasons/2004/statistics/players/goals/
48,LøvenkrandsDenmark,-,-,-,-,-,-,-,-,1,https://www.uefa.com/uefaeuro/history/seasons/2004/statistics/players/goals/
48,HübschmanCzechia - Midfielder,-,-,-,-,-,-,-,-,1,https://www.uefa.com/uefaeuro/history/seasons/2004/statistics/players/goals/
48,MagninSwitzerland - Defender,-,-,-,-,-,-,-,-,1,https://www.uefa.com/uefaeuro/history/seasons/2004/statistics/players/goals/
48,MadsenDenmark - Forward,-,-,-,-,-,-,-,-,1,https://www.uefa.com/uefaeuro/history/seasons/2004/statistics/players/goals/
48,BrdaricGermany,-,-,-,-,-,-,-,-,1,https://www.uefa.com/uefaeuro/history/seasons/2004/statistics/players/goals/
48,DyerEngland - Midfielder,-,-,-,-,-,-,-,-,1,https://www.uefa.com/uefaeuro/history/seasons/2004/statistics/players/goals/
48,PerezDenmark - Midfielder,-,-,-,-,-,-,-,-,1,https://www.uefa.com/uefaeuro/history/seasons/2004/statistics/players/goals/
48,JeremiesGermany - Midfielder,-,-,-,-,-,-,-,-,1,https://www.uefa.com/uefaeuro/history/seasons/2004/statistics/players/goals/
48,TýceCzechia - Midfielder,-,-,-,-,-,-,-,-,1,https://www.uefa.com/uefaeuro/history/seasons/2004/statistics/players/goals/
48,RimkusLatvia - Forward,-,-,-,-,-,-,-,-,1,https://www.uefa.com/uefaeuro/history/seasons/2004/statistics/players/goals/
48,ÖstlundSweden - Defender,-,-,-,-,-,-,-,-,1,https://www.uefa.com/uefaeuro/history/seasons/2004/statistics/players/goals/
48,ErnstGermany - Midfielder,-,-,-,-,-,-,-,-,1,https://www.uefa.com/uefaeuro/history/seasons/2004/statistics/players/goals/
48,LokvencCzechia - Forward,-,-,-,-,-,-,-,-,1,https://www.uefa.com/uefaeuro/history/seasons/2004/statistics/players/goals/
48,BosveltNetherlands - Midfielder,-,-,-,-,-,-,-,-,1,https://www.uefa.com/uefaeuro/history/seasons/2004/statistics/players/goals/
48,HeskeyEngland - Forward,-,-,-,-,-,-,-,-,1,https://www.uefa.com/uefaeuro/history/seasons/2004/statistics/players/goals/
48,ZirnisLatvia - Defender,-,-,-,-,-,-,-,-,1,https://www.uefa.com/uefaeuro/history/seasons/2004/statistics/players/goals/
48,LucicSweden - Defender,-,-,-,-,-,-,-,-,1,https://www.uefa.com/uefaeuro/history/seasons/2004/statistics/players/goals/
48,Di VaioItaly - Forward,-,-,-,-,-,-,-,-,1,https://www.uefa.com/uefaeuro/history/seasons/2004/statistics/players/goals/
48,ZendenNetherlands,-,-,-,-,-,-,-,-,1,https://www.uefa.com/uefaeuro/history/seasons/2004/statistics/players/goals/
48,Rui JorgePortugal - Defender,-,-,-,-,-,-,-,-,1,https://www.uefa.com/uefaeuro/history/seasons/2004/statistics/players/goals/
48,LoskovRussia,-,-,-,-,-,-,-,-,1,https://www.uefa.com/uefaeuro/history/seasons/2004/statistics/players/goals/
48,TottiItaly - Forward,-,-,-,-,-,-,-,-,1,https://www.uefa.com/uefaeuro/history/seasons/2004/statistics/players/goals/
48,BorimirovBulgaria - Midfielder,-,-,-,-,-,-,-,-,1,https://www.uefa.com/uefaeuro/history/seasons/2004/statistics/players/goals/
48,BlažekCzechia - Goalkeeper,-,-,-,-,-,-,-,-,1,https://www.uefa.com/uefaeuro/history/seasons/2004/statistics/players/goals/
48,PeruzziItaly - Goalkeeper,-,-,-,-,-,-,-,-,0,https://www.uefa.com/uefaeuro/history/seasons/2004/statistics/players/goals/
48,ZiegeGermany - Defender,-,-,-,-,-,-,-,-,0,https://www.uefa.com/uefaeuro/history/seasons/2004/statistics/players/goals/
48,AkinfeevRussia - Goalkeeper,-,-,-,-,-,-,-,-,0,https://www.uefa.com/uefaeuro/history/seasons/2004/statistics/players/goals/
48,BarnettaSwitzerland - Midfielder,-,-,-,-,-,-,-,-,0,https://www.uefa.com/uefaeuro/history/seasons/2004/statistics/players/goals/
48,KahlenbergDenmark - Midfielder,-,-,-,-,-,-,-,-,0,https://www.uefa.com/uefaeuro/history/seasons/2004/statistics/players/goals/
48,KolevBulgaria,-,-,-,-,-,-,-,-,0,https://www.uefa.com/uefaeuro/history/seasons/2004/statistics/players/goals/
48,Skov-JensenDenmark - Goalkeeper,-,-,-,-,-,-,-,-,0,https://www.uefa.com/uefaeuro/history/seasons/2004/statistics/players/goals/
48,NeretljakCroatia - Defender,-,-,-,-,-,-,-,-,0,https://www.uefa.com/uefaeuro/history/seasons/2004/statistics/players/goals/
48,DidulicaCroatia - Goalkeeper,-,-,-,-,-,-,-,-,0,https://www.uefa.com/uefaeuro/history/seasons/2004/statistics/players/goals/
48,KrøldrupDenmark - Defender,-,-,-,-,-,-,-,-,0,https://www.uefa.com/uefaeuro/history/seasons/2004/statistics/players/goals/
48,AmanatidisGreece,-,-,-,-,-,-,-,-,-,https://www.uefa.com/uefaeuro/history/seasons/2004/statistics/players/goals/
48,TiagoPortugal - Midfielder,-,-,-,-,-,-,-,-,0,https://www.uefa.com/uefaeuro/history/seasons/2004/statistics/players/goals/
48,AndersenDenmark - Goalkeeper,-,-,-,-,-,-,-,-,0,https://www.uefa.com/uefaeuro/history/seasons/2004/statistics/players/goals/
48,KatergiannakisGreece - Goalkeeper,-,-,-,-,-,-,-,-,0,https://www.uefa.com/uefaeuro/history/seasons/2004/statistics/players/goals/
48,GovouFrance - Forward,-,-,-,-,-,-,-,-,0,https://www.uefa.com/uefaeuro/history/seasons/2004/statistics/players/goals/
48,FarnerudSweden - Midfielder,-,-,-,-,-,-,-,-,0,https://www.uefa.com/uefaeuro/history/seasons/2004/statistics/players/goals/
48,BridgeEngland - Defender,-,-,-,-,-,-,-,-,0,https://www.uefa.com/uefaeuro/history/seasons/2004/statistics/players/goals/
48,HinkelGermany,-,-,-,-,-,-,-,-,0,https://www.uefa.com/uefaeuro/history/seasons/2004/statistics/players/goals/
48,ChoutosGreece - Forward,-,-,-,-,-,-,-,-,-,https://www.uefa.com/uefaeuro/history/seasons/2004/statistics/players/goals/
48,CañizaresSpain - Goalkeeper,-,-,-,-,-,-,-,-,0,https://www.uefa.com/uefaeuro/history/seasons/2004/statistics/players/goals/
48,ChalkiasGreece - Goalkeeper,-,-,-,-,-,-,-,-,0,https://www.uefa.com/uefaeuro/history/seasons/2004/statistics/players/goals/
48,Pe. HanssonSweden - Defender,-,-,-,-,-,-,-,-,0,https://www.uefa.com/uefaeuro/history/seasons/2004/statistics/players/goals/
48,CapdevilaSpain - Defender,-,-,-,-,-,-,-,-,0,https://www.uefa.com/uefaeuro/history/seasons/2004/statistics/players/goals/
48,PučinskisLatvia,-,-,-,-,-,-,-,-,0,https://www.uefa.com/uefaeuro/history/seasons/2004/statistics/players/goals/
48,ZwyssigSwitzerland - Defender,-,-,-,-,-,-,-,-,0,https://www.uefa.com/uefaeuro/history/seasons/2004/statistics/players/goals/
48,KehlGermany,-,-,-,-,-,-,-,-,0,https://www.uefa.com/uefaeuro/history/seasons/2004/statistics/players/goals/
48,KlasnićCroatia - Forward,-,-,-,-,-,-,-,-,0,https://www.uefa.com/uefaeuro/history/seasons/2004/statistics/players/goals/
48,J.ColeEngland - Midfielder,-,-,-,-,-,-,-,-,0,https://www.uefa.com/uefaeuro/history/seasons/2004/statistics/players/goals/
48,LehmannGermany,-,-,-,-,-,-,-,-,0,https://www.uefa.com/uefaeuro/history/seasons/2004/statistics/players/goals/
48,RobinsonEngland - Goalkeeper,-,-,-,-,-,-,-,-,0,https://www.uefa.com/uefaeuro/history/seasons/2004/statistics/players/goals/
48,MoreiraPortugal,-,-,-,-,-,-,-,-,0,https://www.uefa.com/uefaeuro/history/seasons/2004/statistics/players/goals/
48,KyrgiakosGreece - Defender,-,-,-,-,-,-,-,-,-,https://www.uefa.com/uefaeuro/history/seasons/2004/statistics/players/goals/
48,CoupetFrance,-,-,-,-,-,-,-,-,0,https://www.uefa.com/uefaeuro/history/seasons/2004/statistics/players/goals/
48,Xavi HernándezSpain,-,-,-,-,-,-,-,-,0,https://www.uefa.com/uefaeuro/history/seasons/2004/statistics/players/goals/
48,GeorgiadisGreece,-,-,-,-,-,-,-,-,0,https://www.uefa.com/uefaeuro/history/seasons/2004/statistics/players/goals/
48,VasiljCroatia - Goalkeeper,-,-,-,-,-,-,-,-,0,https://www.uefa.com/uefaeuro/history/seasons/2004/statistics/players/goals/
48,ChilikovBulgaria - Forward,-,-,-,-,-,-,-,-,0,https://www.uefa.com/uefaeuro/history/seasons/2004/statistics/players/goals/
48,BabićCroatia - Midfielder,-,-,-,-,-,-,-,-,0,https://www.uefa.com/uefaeuro/history/seasons/2004/statistics/players/goals/
48,WalkerEngland - Goalkeeper,-,-,-,-,-,-,-,-,0,https://www.uefa.com/uefaeuro/history/seasons/2004/statistics/players/goals/
48,KinskýCzechia - Goalkeeper,-,-,-,-,-,-,-,-,0,https://www.uefa.com/uefaeuro/history/seasons/2004/statistics/players/goals/
48,MarletFrance - Forward,-,-,-,-,-,-,-,-,0,https://www.uefa.com/uefaeuro/history/seasons/2004/statistics/players/goals/
48,MiholapsLatvia,-,-,-,-,-,-,-,-,0,https://www.uefa.com/uefaeuro/history/seasons/2004/statistics/players/goals/
48,AranzubiaSpain - Goalkeeper,-,-,-,-,-,-,-,-,0,https://www.uefa.com/uefaeuro/history/seasons/2004/statistics/players/goals/
48,FerrariItaly - Defender,-,-,-,-,-,-,-,-,0,https://www.uefa.com/uefaeuro/history/seasons/2004/statistics/players/goals/
48,GoumasGreece - Defender,-,-,-,-,-,-,-,-,0,https://www.uefa.com/uefaeuro/history/seasons/2004/statistics/players/goals/
48,PiedelsLatvia,-,-,-,-,-,-,-,-,0,https://www.uefa.com/uefaeuro/history/seasons/2004/statistics/players/goals/
48,KafesGreece - Midfielder,-,-,-,-,-,-,-,-,0,https://www.uefa.com/uefaeuro/history/seasons/2004/statistics/players/goals/
48,GabriSpain,-,-,-,-,-,-,-,-,0,https://www.uefa.com/uefaeuro/history/seasons/2004/statistics/players/goals/
48,PavlovsLatvia - Goalkeeper,-,-,-,-,-,-,-,-,0,https://www.uefa.com/uefaeuro/history/seasons/2004/statistics/players/goals/
48,HildebrandGermany - Goalkeeper,-,-,-,-,-,-,-,-,0,https://www.uefa.com/uefaeuro/history/seasons/2004/statistics/players/goals/
48,ZakreševskisLatvia - Defender,-,-,-,-,-,-,-,-,0,https://www.uefa.com/uefaeuro/history/seasons/2004/statistics/players/goals/
48,TokićCroatia,-,-,-,-,-,-,-,-,0,https://www.uefa.com/uefaeuro/history/seasons/2004/statistics/players/goals/
48,LandreauFrance - Goalkeeper,-,-,-,-,-,-,-,-,0,https://www.uefa.com/uefaeuro/history/seasons/2004/statistics/players/goals/
48,BernerSwitzerland - Defender,-,-,-,-,-,-,-,-,0,https://www.uefa.com/uefaeuro/history/seasons/2004/statistics/players/goals/
48,KorabļovsLatvia - Defender,-,-,-,-,-,-,-,-,0,https://www.uefa.com/uefaeuro/history/seasons/2004/statistics/players/goals/
48,César MartínSpain - Defender,-,-,-,-,-,-,-,-,0,https://www.uefa.com/uefaeuro/history/seasons/2004/statistics/players/goals/
48,DabizasGreece - Defender,-,-,-,-,-,-,-,-,0,https://www.uefa.com/uefaeuro/history/seasons/2004/statistics/players/goals/
48,CarragherEngland - Defender,-,-,-,-,-,-,-,-,0,https://www.uefa.com/uefaeuro/history/seasons/2004/statistics/players/goals/
48,BetoPortugal,-,-,-,-,-,-,-,-,0,https://www.uefa.com/uefaeuro/history/seasons/2004/statistics/players/goals/
48,ToldoItaly - Goalkeeper,-,-,-,-,-,-,-,-,0,https://www.uefa.com/uefaeuro/history/seasons/2004/statistics/players/goals/
48,SmirnovsLatvia,-,-,-,-,-,-,-,-,0,https://www.uefa.com/uefaeuro/history/seasons/2004/statistics/players/goals/
48,IvankovBulgaria - Goalkeeper,-,-,-,-,-,-,-,-,0,https://www.uefa.com/uefaeuro/history/seasons/2004/statistics/players/goals/
48,TomasCroatia - Defender,-,-,-,-,-,-,-,-,0,https://www.uefa.com/uefaeuro/history/seasons/2004/statistics/players/goals/
48,RothSwitzerland - Goalkeeper,-,-,-,-,-,-,-,-,0,https://www.uefa.com/uefaeuro/history/seasons/2004/statistics/players/goals/
48,AntzasGreece - Defender,-,-,-,-,-,-,-,-,-,https://www.uefa.com/uefaeuro/history/seasons/2004/statistics/players/goals/
48,KihlstedtSweden - Goalkeeper,-,-,-,-,-,-,-,-,0,https://www.uefa.com/uefaeuro/history/seasons/2004/statistics/players/goals/
48,HedmanSweden - Goalkeeper,-,-,-,-,-,-,-,-,0,https://www.uefa.com/uefaeuro/history/seasons/2004/statistics/players/goals/
48,ZuberbühlerSwitzerland - Goalkeeper,-,-,-,-,-,-,-,-,0,https://www.uefa.com/uefaeuro/history/seasons/2004/statistics/players/goals/
48,KluivertNetherlands,-,-,-,-,-,-,-,-,0,https://www.uefa.com/uefaeuro/history/seasons/2004/statistics/players/goals/
48,QuimPortugal - Goalkeeper,-,-,-,-,-,-,-,-,0,https://www.uefa.com/uefaeuro/history/seasons/2004/statistics/players/goals/
48,WahlstedtSweden - Defender,-,-,-,-,-,-,-,-,0,https://www.uefa.com/uefaeuro/history/seasons/2004/statistics/players/goals/
48,MjällbySweden - Midfielder,-,-,-,-,-,-,-,-,0,https://www.uefa.com/uefaeuro/history/seasons/2004/statistics/players/goals/
48,ButtEngland,-,-,-,-,-,-,-,-,0,https://www.uefa.com/uefaeuro/history/seasons/2004/statistics/players/goals/
48,WaterreusNetherlands - Goalkeeper,-,-,-,-,-,-,-,-,0,https://www.uefa.com/uefaeuro/history/seasons/2004/statistics/players/goals/
48,WesterveldNetherlands - Goalkeeper,-,-,-,-,-,-,-,-,0,https://www.uefa.com/uefaeuro/history/seasons/2004/statistics/players/goals/
