rank,identifier,minutes_played_official,matches_appearance,goals,assists,top_speed,distance_covered,url
01,PirloItaly - Midfielder,570,6,1,2,31,72.8,https://www.uefa.com/uefaeuro/history/seasons/2012/statistics/players/
01,Jordi AlbaSpain - Defender,570,6,1,1,31,71,https://www.uefa.com/uefaeuro/history/seasons/2012/statistics/players/
01,MarchisioItaly - Midfielder,570,6,-,-,32,73.5,https://www.uefa.com/uefaeuro/history/seasons/2012/statistics/players/
01,PiquéSpain - Defender,570,6,-,-,31,61.1,https://www.uefa.com/uefaeuro/history/seasons/2012/statistics/players/
01,RamosSpain - Defender,570,6,-,-,30,62.6,https://www.uefa.com/uefaeuro/history/seasons/2012/statistics/players/
01,ArbeloaSpain,570,6,-,-,30,61.6,https://www.uefa.com/uefaeuro/history/seasons/2012/statistics/players/
01,Sergio BusquetsSpain - Midfielder,570,6,-,-,28,66.6,https://www.uefa.com/uefaeuro/history/seasons/2012/statistics/players/
01,BuffonItaly - Goalkeeper,570,6,-,-,24,30.8,https://www.uefa.com/uefaeuro/history/seasons/2012/statistics/players/
01,CasillasSpain - Goalkeeper,570,6,-,-,19,17.7,https://www.uefa.com/uefaeuro/history/seasons/2012/statistics/players/
10,IniestaSpain - Forward,551,6,-,1,28,62.2,https://www.uefa.com/uefaeuro/history/seasons/2012/statistics/players/
11,Xabi AlonsoSpain,545,6,2,-,27,67.9,https://www.uefa.com/uefaeuro/history/seasons/2012/statistics/players/
12,Xavi HernándezSpain,536,6,-,2,25,68.1,https://www.uefa.com/uefaeuro/history/seasons/2012/statistics/players/
13,De RossiItaly - Midfielder,530,6,-,-,29,63.5,https://www.uefa.com/uefaeuro/history/seasons/2012/statistics/players/
14,BonucciItaly - Defender,513,6,-,-,30,55,https://www.uefa.com/uefaeuro/history/seasons/2012/statistics/players/
15,RonaldoPortugal - Forward,480,5,3,-,32,54,https://www.uefa.com/uefaeuro/history/seasons/2012/statistics/players/
15,PepePortugal - Defender,480,5,1,-,33,52.6,https://www.uefa.com/uefaeuro/history/seasons/2012/statistics/players/
15,João MoutinhoPortugal - Midfielder,480,5,-,2,29,59.5,https://www.uefa.com/uefaeuro/history/seasons/2012/statistics/players/
15,Fábio CoentrãoPortugal - Defender,480,5,-,1,30,52.7,https://www.uefa.com/uefaeuro/history/seasons/2012/statistics/players/
15,João PereiraPortugal,480,5,-,1,28,56.4,https://www.uefa.com/uefaeuro/history/seasons/2012/statistics/players/
15,Bruno AlvesPortugal - Defender,480,5,-,-,28,53,https://www.uefa.com/uefaeuro/history/seasons/2012/statistics/players/
15,Rui PatrícioPortugal - Goalkeeper,480,5,-,-,24,27.6,https://www.uefa.com/uefaeuro/history/seasons/2012/statistics/players/
22,NaniPortugal - Forward,470,5,-,2,31,54.6,https://www.uefa.com/uefaeuro/history/seasons/2012/statistics/players/
23,Miguel VelosoPortugal - Midfielder,466,5,-,-,31,57.5,https://www.uefa.com/uefaeuro/history/seasons/2012/statistics/players/
24,KhediraGermany - Midfielder,450,5,1,1,29,56.8,https://www.uefa.com/uefaeuro/history/seasons/2012/statistics/players/
24,LahmGermany - Defender,450,5,1,-,31,50.5,https://www.uefa.com/uefaeuro/history/seasons/2012/statistics/players/
24,SchweinsteigerGermany - Midfielder,450,5,-,2,31,59.7,https://www.uefa.com/uefaeuro/history/seasons/2012/statistics/players/
24,BadstuberGermany - Defender,450,5,-,-,31,46.2,https://www.uefa.com/uefaeuro/history/seasons/2012/statistics/players/
24,HummelsGermany - Defender,450,5,-,-,29,46.7,https://www.uefa.com/uefaeuro/history/seasons/2012/statistics/players/
24,NeuerGermany - Goalkeeper,450,5,-,-,27,25.8,https://www.uefa.com/uefaeuro/history/seasons/2012/statistics/players/
30,ÖzilGermany - Midfielder,438,5,1,3,32,52.7,https://www.uefa.com/uefaeuro/history/seasons/2012/statistics/players/
31,Raul MeirelesPortugal - Midfielder,437,5,-,-,29,53.5,https://www.uefa.com/uefaeuro/history/seasons/2012/statistics/players/
32,BalotelliItaly - Forward,421,6,3,-,31,44.8,https://www.uefa.com/uefaeuro/history/seasons/2012/statistics/players/
33,David SilvaSpain - Midfielder,411,6,2,3,30,48.8,https://www.uefa.com/uefaeuro/history/seasons/2012/statistics/players/
34,CassanoItaly - Forward,392,6,1,1,30,37.4,https://www.uefa.com/uefaeuro/history/seasons/2012/statistics/players/
35,LescottEngland - Defender,390,4,1,-,30,39.4,https://www.uefa.com/uefaeuro/history/seasons/2012/statistics/players/
35,GerrardEngland,390,4,-,3,30,47.6,https://www.uefa.com/uefaeuro/history/seasons/2012/statistics/players/
35,YoungEngland - Defender,390,4,-,-,31,46.4,https://www.uefa.com/uefaeuro/history/seasons/2012/statistics/players/
35,A.ColeEngland - Defender,390,4,-,-,29,44.8,https://www.uefa.com/uefaeuro/history/seasons/2012/statistics/players/
35,BarzagliItaly - Defender,390,4,-,-,28,45.4,https://www.uefa.com/uefaeuro/history/seasons/2012/statistics/players/
35,TerryEngland - Defender,390,4,-,-,28,40.4,https://www.uefa.com/uefaeuro/history/seasons/2012/statistics/players/
35,JohnsonEngland - Defender,390,4,-,-,27,43.3,https://www.uefa.com/uefaeuro/history/seasons/2012/statistics/players/
35,HartEngland - Goalkeeper,390,4,-,-,21,19.7,https://www.uefa.com/uefaeuro/history/seasons/2012/statistics/players/
43,BalzarettiItaly - Defender,369,4,-,-,30,45.7,https://www.uefa.com/uefaeuro/history/seasons/2012/statistics/players/
44,SamarasGreece,360,4,1,-,33,39,https://www.uefa.com/uefaeuro/history/seasons/2012/statistics/players/
44,Gebre SelassieCzechia - Defender,360,4,-,1,32,43.6,https://www.uefa.com/uefaeuro/history/seasons/2012/statistics/players/
44,RibéryFrance - Midfielder,360,4,-,1,29,41.8,https://www.uefa.com/uefaeuro/history/seasons/2012/statistics/players/
44,TorosidisGreece,360,4,-,1,29,39.4,https://www.uefa.com/uefaeuro/history/seasons/2012/statistics/players/
44,PlašilCzechia - Midfielder,360,4,-,1,28,45.9,https://www.uefa.com/uefaeuro/history/seasons/2012/statistics/players/
44,RamiFrance - Defender,360,4,-,-,31,40.4,https://www.uefa.com/uefaeuro/history/seasons/2012/statistics/players/
44,ManiatisGreece - Defender,360,4,-,-,29,40.7,https://www.uefa.com/uefaeuro/history/seasons/2012/statistics/players/
44,KatsouranisGreece - Midfielder,360,4,-,-,28,41,https://www.uefa.com/uefaeuro/history/seasons/2012/statistics/players/
44,KadlecCzechia - Defender,360,4,-,-,28,39.5,https://www.uefa.com/uefaeuro/history/seasons/2012/statistics/players/
44,SivokCzechia - Defender,360,4,-,-,27,39.8,https://www.uefa.com/uefaeuro/history/seasons/2012/statistics/players/
44,ČechCzechia,360,4,-,-,27,21,https://www.uefa.com/uefaeuro/history/seasons/2012/statistics/players/
44,LlorisFrance - Goalkeeper,360,4,-,-,19,18.6,https://www.uefa.com/uefaeuro/history/seasons/2012/statistics/players/
56,PilařCzechia - Midfielder,358,4,2,-,29,43.2,https://www.uefa.com/uefaeuro/history/seasons/2012/statistics/players/
57,ParkerEngland,352,4,-,-,29,43.2,https://www.uefa.com/uefaeuro/history/seasons/2012/statistics/players/
58,ChielliniItaly - Defender,348,5,-,-,29,43.8,https://www.uefa.com/uefaeuro/history/seasons/2012/statistics/players/
59,BenzemaFrance - Forward,346,4,-,2,29,38.3,https://www.uefa.com/uefaeuro/history/seasons/2012/statistics/players/
60,BoatengGermany - Defender,341,4,-,1,32,38.5,https://www.uefa.com/uefaeuro/history/seasons/2012/statistics/players/
61,JiráčekCzechia - Midfielder,340,4,2,-,30,42.4,https://www.uefa.com/uefaeuro/history/seasons/2012/statistics/players/
62,DebuchyFrance - Defender,334,4,-,-,30,39.8,https://www.uefa.com/uefaeuro/history/seasons/2012/statistics/players/
63,BarošCzechia - Forward,329,4,-,1,30,38.5,https://www.uefa.com/uefaeuro/history/seasons/2012/statistics/players/
64,PapadopoulosGreece - Defender,323,4,-,-,29,31,https://www.uefa.com/uefaeuro/history/seasons/2012/statistics/players/
65,WelbeckEngland - Forward,322,4,1,-,31,36,https://www.uefa.com/uefaeuro/history/seasons/2012/statistics/players/
66,FàbregasSpain - Midfielder,315,6,2,1,29,40.4,https://www.uefa.com/uefaeuro/history/seasons/2012/statistics/players/
67,HübschmanCzechia - Midfielder,310,4,-,1,26,36.4,https://www.uefa.com/uefaeuro/history/seasons/2012/statistics/players/
68,SalpingidisGreece - Forward,307,4,2,1,31,34.7,https://www.uefa.com/uefaeuro/history/seasons/2012/statistics/players/
69,MüllerGermany - Forward,306,5,-,-,31,38.5,https://www.uefa.com/uefaeuro/history/seasons/2012/statistics/players/
70,Thiago MottaItaly - Midfielder,301,5,-,-,27,34.7,https://www.uefa.com/uefaeuro/history/seasons/2012/statistics/players/
71,PodolskiGermany - Forward,290,4,1,-,30,34,https://www.uefa.com/uefaeuro/history/seasons/2012/statistics/players/
72,GomezGermany - Forward,282,5,3,1,30,32.1,https://www.uefa.com/uefaeuro/history/seasons/2012/statistics/players/
72,NasriFrance - Midfielder,282,4,1,-,28,35.6,https://www.uefa.com/uefaeuro/history/seasons/2012/statistics/players/
74,MilnerEngland - Midfielder,281,4,-,-,30,38.4,https://www.uefa.com/uefaeuro/history/seasons/2012/statistics/players/
75,MandžukićCroatia - Forward,270,3,3,-,30,31.9,https://www.uefa.com/uefaeuro/history/seasons/2012/statistics/players/
75,Krohn-DehliDenmark - Midfielder,270,3,2,1,29,32.9,https://www.uefa.com/uefaeuro/history/seasons/2012/statistics/players/
75,BendtnerDenmark - Forward,270,3,2,1,29,30.3,https://www.uefa.com/uefaeuro/history/seasons/2012/statistics/players/
75,IbrahimovićSweden - Forward,270,3,2,-,30,28.2,https://www.uefa.com/uefaeuro/history/seasons/2012/statistics/players/
75,BłaszczykowskiPoland - Midfielder,270,3,1,1,32,30.3,https://www.uefa.com/uefaeuro/history/seasons/2012/statistics/players/
75,MellbergSweden - Defender,270,3,1,1,28,30.4,https://www.uefa.com/uefaeuro/history/seasons/2012/statistics/players/
75,LewandowskiPoland - Forward,270,3,1,-,30,30.1,https://www.uefa.com/uefaeuro/history/seasons/2012/statistics/players/
75,St LedgerRepublic of Ireland - Defender,270,3,1,-,30,29,https://www.uefa.com/uefaeuro/history/seasons/2012/statistics/players/
75,ShirokovRussia - Midfielder,270,3,1,-,27,35.1,https://www.uefa.com/uefaeuro/history/seasons/2012/statistics/players/
75,Van PersieNetherlands,270,3,1,-,27,32.4,https://www.uefa.com/uefaeuro/history/seasons/2012/statistics/players/
75,ArshavinRussia - Midfielder,270,3,-,3,31,29.6,https://www.uefa.com/uefaeuro/history/seasons/2012/statistics/players/
75,StrinićCroatia - Defender,270,3,-,1,30,31.9,https://www.uefa.com/uefaeuro/history/seasons/2012/statistics/players/
75,KonoplyankaUkraine - Midfielder,270,3,-,1,30,31.3,https://www.uefa.com/uefaeuro/history/seasons/2012/statistics/players/
75,SrnaCroatia,270,3,-,1,29,34.3,https://www.uefa.com/uefaeuro/history/seasons/2012/statistics/players/
75,SneijderNetherlands - Midfielder,270,3,-,1,29,29.8,https://www.uefa.com/uefaeuro/history/seasons/2012/statistics/players/
75,KällströmSweden - Midfielder,270,3,-,1,28,35.9,https://www.uefa.com/uefaeuro/history/seasons/2012/statistics/players/
75,JacobsenDenmark - Defender,270,3,-,1,28,30,https://www.uefa.com/uefaeuro/history/seasons/2012/statistics/players/
75,ClichyFrance - Defender,270,3,-,-,32,32.3,https://www.uefa.com/uefaeuro/history/seasons/2012/statistics/players/
75,PiszczekPoland - Defender,270,3,-,-,31,32.8,https://www.uefa.com/uefaeuro/history/seasons/2012/statistics/players/
75,BoenischPoland - Defender,270,3,-,-,31,32.7,https://www.uefa.com/uefaeuro/history/seasons/2012/statistics/players/
75,LimberskýCzechia - Defender,270,3,-,-,31,29.6,https://www.uefa.com/uefaeuro/history/seasons/2012/statistics/players/
75,SchildenfeldCroatia - Defender,270,3,-,-,31,29,https://www.uefa.com/uefaeuro/history/seasons/2012/statistics/players/
75,ZhirkovRussia - Midfielder,270,3,-,-,30,33.1,https://www.uefa.com/uefaeuro/history/seasons/2012/statistics/players/
75,S. PoulsenDenmark - Defender,270,3,-,-,30,31.1,https://www.uefa.com/uefaeuro/history/seasons/2012/statistics/players/
75,O'SheaRepublic of Ireland - Defender,270,3,-,-,30,31.1,https://www.uefa.com/uefaeuro/history/seasons/2012/statistics/players/
75,WardRepublic of Ireland - Defender,270,3,-,-,30,30.8,https://www.uefa.com/uefaeuro/history/seasons/2012/statistics/players/
75,A. BerezutskiRussia - Defender,270,3,-,-,30,30.4,https://www.uefa.com/uefaeuro/history/seasons/2012/statistics/players/
75,GusevUkraine - Midfielder,270,3,-,-,30,30.4,https://www.uefa.com/uefaeuro/history/seasons/2012/statistics/players/
75,KjærDenmark - Defender,270,3,-,-,30,29.5,https://www.uefa.com/uefaeuro/history/seasons/2012/statistics/players/
75,KvistDenmark - Midfielder,270,3,-,-,29,35.1,https://www.uefa.com/uefaeuro/history/seasons/2012/statistics/players/
75,TymoshchukUkraine,270,3,-,-,29,32.5,https://www.uefa.com/uefaeuro/history/seasons/2012/statistics/players/
75,SelinUkraine - Defender,270,3,-,-,29,31.6,https://www.uefa.com/uefaeuro/history/seasons/2012/statistics/players/
75,ModrićCroatia - Midfielder,270,3,-,-,29,30.6,https://www.uefa.com/uefaeuro/history/seasons/2012/statistics/players/
75,KhacheridiUkraine - Defender,270,3,-,-,29,29,https://www.uefa.com/uefaeuro/history/seasons/2012/statistics/players/
75,DenisovRussia - Midfielder,270,3,-,-,28,32.8,https://www.uefa.com/uefaeuro/history/seasons/2012/statistics/players/
75,M. OlssonSweden - Defender,270,3,-,-,28,31.6,https://www.uefa.com/uefaeuro/history/seasons/2012/statistics/players/
75,WasilewskiPoland - Defender,270,3,-,-,28,30.6,https://www.uefa.com/uefaeuro/history/seasons/2012/statistics/players/
75,AbateItaly,270,3,-,-,28,29.5,https://www.uefa.com/uefaeuro/history/seasons/2012/statistics/players/
75,AggerDenmark - Defender,270,3,-,-,28,29.4,https://www.uefa.com/uefaeuro/history/seasons/2012/statistics/players/
75,DunneRepublic of Ireland - Defender,270,3,-,-,28,27.7,https://www.uefa.com/uefaeuro/history/seasons/2012/statistics/players/
75,PerquisPoland - Defender,270,3,-,-,28,26.9,https://www.uefa.com/uefaeuro/history/seasons/2012/statistics/players/
75,PyatovUkraine - Goalkeeper,270,3,-,-,28,12.4,https://www.uefa.com/uefaeuro/history/seasons/2012/statistics/players/
75,RakitićCroatia - Midfielder,270,3,-,-,27,35,https://www.uefa.com/uefaeuro/history/seasons/2012/statistics/players/
75,A. DiarraFrance - Midfielder,270,3,-,-,27,29.1,https://www.uefa.com/uefaeuro/history/seasons/2012/statistics/players/
75,ĆorlukaCroatia - Defender,270,3,-,-,26,28.6,https://www.uefa.com/uefaeuro/history/seasons/2012/statistics/players/
75,IgnashevichRussia,270,3,-,-,25,28.8,https://www.uefa.com/uefaeuro/history/seasons/2012/statistics/players/
75,MexèsFrance - Defender,270,3,-,-,25,27.3,https://www.uefa.com/uefaeuro/history/seasons/2012/statistics/players/
75,GivenRepublic of Ireland - Goalkeeper,270,3,-,-,24,13,https://www.uefa.com/uefaeuro/history/seasons/2012/statistics/players/
75,PletikosaCroatia - Goalkeeper,270,3,-,-,24,11.9,https://www.uefa.com/uefaeuro/history/seasons/2012/statistics/players/
75,AndersenDenmark - Goalkeeper,270,3,-,-,23,14.4,https://www.uefa.com/uefaeuro/history/seasons/2012/statistics/players/
75,IsakssonSweden - Goalkeeper,270,3,-,-,19,13,https://www.uefa.com/uefaeuro/history/seasons/2012/statistics/players/
75,MalafeevRussia - Goalkeeper,270,3,-,-,18,11.2,https://www.uefa.com/uefaeuro/history/seasons/2012/statistics/players/
127,MontolivoItaly - Midfielder,269,4,-,1,27,34.6,https://www.uefa.com/uefaeuro/history/seasons/2012/statistics/players/
127,AndrewsRepublic of Ireland - Midfielder,269,3,-,-,30,34.2,https://www.uefa.com/uefaeuro/history/seasons/2012/statistics/players/
129,Van der WielNetherlands - Defender,265,3,-,-,31,33.5,https://www.uefa.com/uefaeuro/history/seasons/2012/statistics/players/
130,RobbenNetherlands - Midfielder,263,3,-,1,31,30.8,https://www.uefa.com/uefaeuro/history/seasons/2012/statistics/players/
131,VukojevićCroatia,261,3,-,-,32,32.9,https://www.uefa.com/uefaeuro/history/seasons/2012/statistics/players/
131,AnyukovRussia,261,3,-,-,29,28.6,https://www.uefa.com/uefaeuro/history/seasons/2012/statistics/players/
133,WhelanRepublic of Ireland - Midfielder,260,3,-,-,29,31.7,https://www.uefa.com/uefaeuro/history/seasons/2012/statistics/players/
134,DuffRepublic of Ireland - Midfielder,256,3,-,-,31,32.3,https://www.uefa.com/uefaeuro/history/seasons/2012/statistics/players/
135,EriksenDenmark - Midfielder,254,3,-,-,30,34,https://www.uefa.com/uefaeuro/history/seasons/2012/statistics/players/
136,DzagoevRussia - Midfielder,253,3,3,-,29,32.8,https://www.uefa.com/uefaeuro/history/seasons/2012/statistics/players/
136,ObraniakPoland - Midfielder,253,3,-,1,29,30.4,https://www.uefa.com/uefaeuro/history/seasons/2012/statistics/players/
136,MurawskiPoland - Midfielder,253,3,-,-,26,31.3,https://www.uefa.com/uefaeuro/history/seasons/2012/statistics/players/
139,N. De JongNetherlands - Midfielder,251,3,-,-,31,29.8,https://www.uefa.com/uefaeuro/history/seasons/2012/statistics/players/
139,KeaneRepublic of Ireland - Forward,251,3,-,-,31,26.8,https://www.uefa.com/uefaeuro/history/seasons/2012/statistics/players/
141,S. LarssonSweden - Midfielder,248,3,1,2,29,32.5,https://www.uefa.com/uefaeuro/history/seasons/2012/statistics/players/
141,YarmolenkoUkraine - Midfielder,248,3,-,1,31,31.6,https://www.uefa.com/uefaeuro/history/seasons/2012/statistics/players/
143,KaragounisGreece - Midfielder,247,3,1,-,28,28.6,https://www.uefa.com/uefaeuro/history/seasons/2012/statistics/players/
143,WillemsNetherlands - Defender,247,3,-,-,30,26,https://www.uefa.com/uefaeuro/history/seasons/2012/statistics/players/
143,SifakisGreece - Goalkeeper,247,3,-,-,18,13.9,https://www.uefa.com/uefaeuro/history/seasons/2012/statistics/players/
146,GranqvistSweden - Defender,246,3,-,-,27,28.3,https://www.uefa.com/uefaeuro/history/seasons/2012/statistics/players/
147,CabayeFrance,243,3,1,-,26,30.7,https://www.uefa.com/uefaeuro/history/seasons/2012/statistics/players/
148,Hélder PostigaPortugal - Forward,238,4,1,-,29,28.7,https://www.uefa.com/uefaeuro/history/seasons/2012/statistics/players/
149,PolanskiPoland,231,3,-,-,30,28.8,https://www.uefa.com/uefaeuro/history/seasons/2012/statistics/players/
150,PapastathopoulosGreece - Defender,224,3,-,-,29,20,https://www.uefa.com/uefaeuro/history/seasons/2012/statistics/players/
151,GekasGreece - Forward,220,4,1,-,30,22.6,https://www.uefa.com/uefaeuro/history/seasons/2012/statistics/players/
152,McGeadyRepublic of Ireland - Midfielder,209,3,-,1,30,25.4,https://www.uefa.com/uefaeuro/history/seasons/2012/statistics/players/
152,MaggioItaly - Defender,209,3,-,-,31,27.5,https://www.uefa.com/uefaeuro/history/seasons/2012/statistics/players/
154,RooneyEngland - Forward,207,2,1,-,31,24.8,https://www.uefa.com/uefaeuro/history/seasons/2012/statistics/players/
155,HolebasGreece - Defender,206,3,-,-,30,23.3,https://www.uefa.com/uefaeuro/history/seasons/2012/statistics/players/
156,TytońPoland - Goalkeeper,200,3,-,-,16,10,https://www.uefa.com/uefaeuro/history/seasons/2012/statistics/players/
157,SvenssonSweden - Defender,197,3,-,-,25,23.9,https://www.uefa.com/uefaeuro/history/seasons/2012/statistics/players/
158,Di NataleItaly - Forward,194,5,1,-,30,22.4,https://www.uefa.com/uefaeuro/history/seasons/2012/statistics/players/
159,ShevchenkoUkraine - Forward,191,3,2,-,29,21.2,https://www.uefa.com/uefaeuro/history/seasons/2012/statistics/players/
160,TorresSpain,189,5,3,1,30,23,https://www.uefa.com/uefaeuro/history/seasons/2012/statistics/players/
160,A. KerzhakovRussia - Forward,189,3,-,1,28,19.3,https://www.uefa.com/uefaeuro/history/seasons/2012/statistics/players/
162,M'VilaFrance - Midfielder,184,3,-,-,29,23.1,https://www.uefa.com/uefaeuro/history/seasons/2012/statistics/players/
162,ZimlingDenmark - Midfielder,184,3,-,-,26,23.1,https://www.uefa.com/uefaeuro/history/seasons/2012/statistics/players/
164,PerišićCroatia - Midfielder,181,3,-,1,29,23.8,https://www.uefa.com/uefaeuro/history/seasons/2012/statistics/players/
164,MaloudaFrance - Midfielder,181,3,-,-,26,22.2,https://www.uefa.com/uefaeuro/history/seasons/2012/statistics/players/
166,MikhalikUkraine - Defender,180,2,-,-,30,20.8,https://www.uefa.com/uefaeuro/history/seasons/2012/statistics/players/
166,GiaccheriniItaly - Midfielder,180,2,-,-,29,25.3,https://www.uefa.com/uefaeuro/history/seasons/2012/statistics/players/
166,ZyryanovRussia,180,2,-,-,29,23,https://www.uefa.com/uefaeuro/history/seasons/2012/statistics/players/
166,VlaarNetherlands,180,2,-,-,29,20.4,https://www.uefa.com/uefaeuro/history/seasons/2012/statistics/players/
166,J. OlssonSweden - Defender,180,2,-,-,28,20.4,https://www.uefa.com/uefaeuro/history/seasons/2012/statistics/players/
166,HeitingaNetherlands,180,2,-,-,28,18.7,https://www.uefa.com/uefaeuro/history/seasons/2012/statistics/players/
166,MathijsenNetherlands - Defender,180,2,-,-,26,19.5,https://www.uefa.com/uefaeuro/history/seasons/2012/statistics/players/
166,StekelenburgNetherlands - Goalkeeper,180,2,-,-,19,12.3,https://www.uefa.com/uefaeuro/history/seasons/2012/statistics/players/
174,JelavićCroatia - Forward,179,3,1,-,27,20.6,https://www.uefa.com/uefaeuro/history/seasons/2012/statistics/players/
175,ElmSweden - Midfielder,171,2,-,-,30,20.3,https://www.uefa.com/uefaeuro/history/seasons/2012/statistics/players/
176,KloseGermany - Forward,168,5,1,1,30,19.3,https://www.uefa.com/uefaeuro/history/seasons/2012/statistics/players/
177,DudkaPoland,163,2,-,-,27,20.1,https://www.uefa.com/uefaeuro/history/seasons/2012/statistics/players/
178,NazarenkoUkraine - Midfielder,162,3,-,-,25,22.4,https://www.uefa.com/uefaeuro/history/seasons/2012/statistics/players/
179,CarrollEngland - Forward,158,3,1,-,27,19.9,https://www.uefa.com/uefaeuro/history/seasons/2012/statistics/players/
180,J. PoulsenDenmark,156,2,-,-,27,21,https://www.uefa.com/uefaeuro/history/seasons/2012/statistics/players/
181,Van der VaartNetherlands - Midfielder,153,3,1,-,29,21.4,https://www.uefa.com/uefaeuro/history/seasons/2012/statistics/players/
181,HuntelaarNetherlands - Forward,153,3,-,-,27,19,https://www.uefa.com/uefaeuro/history/seasons/2012/statistics/players/
183,RommedahlDenmark - Forward,144,2,-,-,31,15,https://www.uefa.com/uefaeuro/history/seasons/2012/statistics/players/
184,AfellayNetherlands,140,3,-,-,31,16.8,https://www.uefa.com/uefaeuro/history/seasons/2012/statistics/players/
184,ToivonenSweden - Forward,140,2,-,-,30,16.2,https://www.uefa.com/uefaeuro/history/seasons/2012/statistics/players/
186,RosickýCzechia - Midfielder,136,2,-,-,30,15.8,https://www.uefa.com/uefaeuro/history/seasons/2012/statistics/players/
186,Van BommelNetherlands,136,2,-,-,28,14.7,https://www.uefa.com/uefaeuro/history/seasons/2012/statistics/players/
186,TzavellasGreece - Defender,136,2,-,-,27,14.2,https://www.uefa.com/uefaeuro/history/seasons/2012/statistics/players/
189,KolářCzechia - Midfielder,134,2,-,-,27,18.4,https://www.uefa.com/uefaeuro/history/seasons/2012/statistics/players/
190,Hugo AlmeidaPortugal - Forward,131,2,-,-,31,15.3,https://www.uefa.com/uefaeuro/history/seasons/2012/statistics/players/
191,VoroninUkraine - Forward,130,2,-,-,29,15.1,https://www.uefa.com/uefaeuro/history/seasons/2012/statistics/players/
192,DoyleRepublic of Ireland - Forward,129,2,-,-,30,14.8,https://www.uefa.com/uefaeuro/history/seasons/2012/statistics/players/
193,ReusGermany - Midfielder,124,2,1,-,31,15.5,https://www.uefa.com/uefaeuro/history/seasons/2012/statistics/players/
194,DevićUkraine - Forward,116,3,-,-,29,15.5,https://www.uefa.com/uefaeuro/history/seasons/2012/statistics/players/
194,MilevskiyUkraine - Forward,116,3,-,-,26,15.1,https://www.uefa.com/uefaeuro/history/seasons/2012/statistics/players/
196,Jesús NavasSpain - Forward,115,3,1,-,32,15.3,https://www.uefa.com/uefaeuro/history/seasons/2012/statistics/players/
197,LustigSweden - Defender,114,2,-,-,28,14.3,https://www.uefa.com/uefaeuro/history/seasons/2012/statistics/players/
198,ChalkiasGreece - Goalkeeper,113,2,-,-,18,6.5,https://www.uefa.com/uefaeuro/history/seasons/2012/statistics/players/
199,MénezFrance - Forward,112,3,1,-,31,14,https://www.uefa.com/uefaeuro/history/seasons/2012/statistics/players/
200,Nélson OliveiraPortugal - Forward,111,4,-,-,31,15.1,https://www.uefa.com/uefaeuro/history/seasons/2012/statistics/players/
201,WalcottEngland - Forward,110,4,1,1,29,14.3,https://www.uefa.com/uefaeuro/history/seasons/2012/statistics/players/
202,KroosGermany - Midfielder,108,4,-,-,27,14.8,https://www.uefa.com/uefaeuro/history/seasons/2012/statistics/players/
203,DiamantiItaly - Midfielder,101,3,-,1,26,13.8,https://www.uefa.com/uefaeuro/history/seasons/2012/statistics/players/
204,NinisGreece - Midfielder,99,3,-,-,28,12.4,https://www.uefa.com/uefaeuro/history/seasons/2012/statistics/players/
205,ElmanderSweden - Forward,98,2,-,-,27,13,https://www.uefa.com/uefaeuro/history/seasons/2012/statistics/players/
206,WaltersRepublic of Ireland - Forward,95,3,-,-,27,12.9,https://www.uefa.com/uefaeuro/history/seasons/2012/statistics/players/
206,MakosGreece - Midfielder,95,2,-,-,25,11.7,https://www.uefa.com/uefaeuro/history/seasons/2012/statistics/players/
208,SchürrleGermany - Midfielder,93,2,-,-,28,11.6,https://www.uefa.com/uefaeuro/history/seasons/2012/statistics/players/
208,FortounisGreece - Forward,93,2,-,-,27,11.8,https://www.uefa.com/uefaeuro/history/seasons/2012/statistics/players/
210,L. BenderGermany - Midfielder,92,3,1,-,29,11.9,https://www.uefa.com/uefaeuro/history/seasons/2012/statistics/players/
211,FotakisGreece - Midfielder,90,2,-,-,26,11.8,https://www.uefa.com/uefaeuro/history/seasons/2012/statistics/players/
211,HubníkCzechia - Defender,90,1,-,-,32,10.6,https://www.uefa.com/uefaeuro/history/seasons/2012/statistics/players/
211,RakitskyyUkraine - Defender,90,1,-,-,31,9.5,https://www.uefa.com/uefaeuro/history/seasons/2012/statistics/players/
211,RéveillèreFrance - Defender,90,1,-,-,30,10.2,https://www.uefa.com/uefaeuro/history/seasons/2012/statistics/players/
211,EvraFrance - Defender,90,1,-,-,30,8.8,https://www.uefa.com/uefaeuro/history/seasons/2012/statistics/players/
211,KoscielnyFrance - Defender,90,1,-,-,28,9.6,https://www.uefa.com/uefaeuro/history/seasons/2012/statistics/players/
211,StekelenburgNetherlands - Goalkeeper,90,1,-,-,-,-,https://www.uefa.com/uefaeuro/history/seasons/2012/statistics/players/
218,Pedro RodríguezSpain - Forward,89,3,-,-,30,11.3,https://www.uefa.com/uefaeuro/history/seasons/2012/statistics/players/
219,PranjićCroatia - Defender,88,2,-,-,31,12,https://www.uefa.com/uefaeuro/history/seasons/2012/statistics/players/
220,CoxRepublic of Ireland - Forward,86,3,-,-,27,11.3,https://www.uefa.com/uefaeuro/history/seasons/2012/statistics/players/
221,RosenbergSweden - Forward,82,2,-,-,30,10.2,https://www.uefa.com/uefaeuro/history/seasons/2012/statistics/players/
222,PavlyuchenkoRussia - Forward,81,3,1,1,26,9.7,https://www.uefa.com/uefaeuro/history/seasons/2012/statistics/players/
222,Oxlade-ChamberlainEngland - Midfielder,81,3,-,-,29,10.6,https://www.uefa.com/uefaeuro/history/seasons/2012/statistics/players/
224,GarmashUkraine - Midfielder,78,1,-,-,30,9.5,https://www.uefa.com/uefaeuro/history/seasons/2012/statistics/players/
225,RezekCzechia - Forward,77,3,-,-,30,11.3,https://www.uefa.com/uefaeuro/history/seasons/2012/statistics/players/
226,WilhelmssonSweden - Midfielder,75,3,-,-,30,10.8,https://www.uefa.com/uefaeuro/history/seasons/2012/statistics/players/
227,GlushakovRussia - Midfielder,72,1,-,-,30,8.7,https://www.uefa.com/uefaeuro/history/seasons/2012/statistics/players/
228,RybusPoland - Defender,70,1,-,-,30,8.1,https://www.uefa.com/uefaeuro/history/seasons/2012/statistics/players/
229,SzczęsnyPoland - Goalkeeper,69,1,-,-,16,3.4,https://www.uefa.com/uefaeuro/history/seasons/2012/statistics/players/
230,VidaCroatia - Defender,66,1,-,-,27,7,https://www.uefa.com/uefaeuro/history/seasons/2012/statistics/players/
231,Ben ArfaFrance - Midfielder,64,2,-,-,27,8.1,https://www.uefa.com/uefaeuro/history/seasons/2012/statistics/players/
232,DaridaCzechia - Midfielder,61,1,-,-,26,8.8,https://www.uefa.com/uefaeuro/history/seasons/2012/statistics/players/
233,NegredoSpain - Forward,55,2,-,-,29,6.4,https://www.uefa.com/uefaeuro/history/seasons/2012/statistics/players/
234,BajramiSweden,46,1,-,-,27,6.2,https://www.uefa.com/uefaeuro/history/seasons/2012/statistics/players/
235,MikkelsenDenmark - Forward,44,3,-,-,27,7.6,https://www.uefa.com/uefaeuro/history/seasons/2012/statistics/players/
236,NocerinoItaly - Midfielder,41,2,-,-,24,6.3,https://www.uefa.com/uefaeuro/history/seasons/2012/statistics/players/
237,S. LongRepublic of Ireland - Forward,40,2,-,-,29,5.5,https://www.uefa.com/uefaeuro/history/seasons/2012/statistics/players/
238,CustódioPortugal - Midfielder,38,3,-,-,26,6,https://www.uefa.com/uefaeuro/history/seasons/2012/statistics/players/
238,HendersonEngland - Midfielder,38,2,-,-,19,5.4,https://www.uefa.com/uefaeuro/history/seasons/2012/statistics/players/
240,PapadopoulosGreece - Defender,37,1,-,-,22,3.1,https://www.uefa.com/uefaeuro/history/seasons/2012/statistics/players/
241,MierzejewskiPoland - Forward,34,2,-,-,31,5.1,https://www.uefa.com/uefaeuro/history/seasons/2012/statistics/players/
241,GrosickiPoland - Midfielder,34,1,-,-,29,4.6,https://www.uefa.com/uefaeuro/history/seasons/2012/statistics/players/
243,GiroudFrance - Forward,32,3,-,-,26,5.1,https://www.uefa.com/uefaeuro/history/seasons/2012/statistics/players/
243,GiovincoItaly - Forward,32,2,-,-,30,5,https://www.uefa.com/uefaeuro/history/seasons/2012/statistics/players/
245,PekhartCzechia - Forward,31,3,-,-,28,5.3,https://www.uefa.com/uefaeuro/history/seasons/2012/statistics/players/
246,Javi MartínezSpain - Midfielder,25,1,-,-,30,3.6,https://www.uefa.com/uefaeuro/history/seasons/2012/statistics/players/
247,VarelaPortugal - Forward,23,3,1,-,28,4.3,https://www.uefa.com/uefaeuro/history/seasons/2012/statistics/players/
248,MartinFrance - Midfielder,22,2,-,-,26,4,https://www.uefa.com/uefaeuro/history/seasons/2012/statistics/players/
248,AliyevUkraine - Midfielder,22,1,-,-,27,3,https://www.uefa.com/uefaeuro/history/seasons/2012/statistics/players/
250,IzmailovRussia - Midfielder,20,2,-,-,27,3.7,https://www.uefa.com/uefaeuro/history/seasons/2012/statistics/players/
251,KranjčarCroatia - Midfielder,19,2,-,-,28,3.1,https://www.uefa.com/uefaeuro/history/seasons/2012/statistics/players/
251,MitroglouGreece - Forward,19,1,-,-,28,2.5,https://www.uefa.com/uefaeuro/history/seasons/2012/statistics/players/
253,Pawel BrożekPoland - Forward,18,2,-,-,29,2.6,https://www.uefa.com/uefaeuro/history/seasons/2012/statistics/players/
253,PogrebnyakRussia - Forward,18,1,-,-,27,2.4,https://www.uefa.com/uefaeuro/history/seasons/2012/statistics/players/
253,LiberopoulosGreece - Forward,18,1,-,-,22,2.7,https://www.uefa.com/uefaeuro/history/seasons/2012/statistics/players/
256,EduardoCroatia - Forward,17,3,-,-,29,4,https://www.uefa.com/uefaeuro/history/seasons/2012/statistics/players/
256,SchöneDenmark - Midfielder,17,2,-,-,22,3.6,https://www.uefa.com/uefaeuro/history/seasons/2012/statistics/players/
258,Santi CazorlaSpain - Midfielder,16,2,-,-,24,3,https://www.uefa.com/uefaeuro/history/seasons/2012/statistics/players/
259,McCleanRepublic of Ireland - Midfielder,14,1,-,-,24,2.2,https://www.uefa.com/uefaeuro/history/seasons/2012/statistics/players/
259,PetrželaCzechia - Midfielder,14,1,-,-,21,1.9,https://www.uefa.com/uefaeuro/history/seasons/2012/statistics/players/
261,ButkoUkraine - Defender,13,1,-,-,29,2.1,https://www.uefa.com/uefaeuro/history/seasons/2012/statistics/players/
261,DefoeEngland - Forward,13,1,-,-,25,1.7,https://www.uefa.com/uefaeuro/history/seasons/2012/statistics/players/
263,KuytNetherlands - Midfielder,12,2,-,-,27,2.7,https://www.uefa.com/uefaeuro/history/seasons/2012/statistics/players/
263,WernbloomSweden - Midfielder,12,1,-,-,27,2.1,https://www.uefa.com/uefaeuro/history/seasons/2012/statistics/players/
263,C. PoulsenDenmark,12,1,-,-,23,2.2,https://www.uefa.com/uefaeuro/history/seasons/2012/statistics/players/
266,HolménSweden - Midfielder,11,1,-,1,24,2.1,https://www.uefa.com/uefaeuro/history/seasons/2012/statistics/players/
267,GötzeGermany - Midfielder,10,1,-,-,24,1.8,https://www.uefa.com/uefaeuro/history/seasons/2012/statistics/players/
267,GreenRepublic of Ireland - Midfielder,10,1,-,-,22,1.9,https://www.uefa.com/uefaeuro/history/seasons/2012/statistics/players/
269,RajtoralCzechia - Defender,7,2,-,-,24,1.8,https://www.uefa.com/uefaeuro/history/seasons/2012/statistics/players/
270,RolandoPortugal - Defender,6,3,-,-,30,1.9,https://www.uefa.com/uefaeuro/history/seasons/2012/statistics/players/
270,KokorinRussia - Forward,6,1,-,-,27,1.2,https://www.uefa.com/uefaeuro/history/seasons/2012/statistics/players/
272,RotanUkraine - Midfielder,5,1,-,-,25,1.4,https://www.uefa.com/uefaeuro/history/seasons/2012/statistics/players/
272,MatuszczykPoland - Midfielder,5,1,-,-,23,1.3,https://www.uefa.com/uefaeuro/history/seasons/2012/statistics/players/
272,LafataCzechia - Forward,5,1,-,-,22,1.1,https://www.uefa.com/uefaeuro/history/seasons/2012/statistics/players/
275,MataSpain - Midfielder,3,1,1,-,25,0.9,https://www.uefa.com/uefaeuro/history/seasons/2012/statistics/players/
276,DujmovićCroatia - Midfielder,1,1,-,-,22,0.4,https://www.uefa.com/uefaeuro/history/seasons/2012/statistics/players/
277,MandandaFrance - Goalkeeper,0,0,-,-,-,-,https://www.uefa.com/uefaeuro/history/seasons/2012/statistics/players/
277,KrulNetherlands - Goalkeeper,0,0,-,-,-,-,https://www.uefa.com/uefaeuro/history/seasons/2012/statistics/players/
277,BuljatCroatia - Defender,0,0,-,-,-,-,https://www.uefa.com/uefaeuro/history/seasons/2012/statistics/players/
277,HanssonSweden - Goalkeeper,0,0,-,-,-,-,https://www.uefa.com/uefaeuro/history/seasons/2012/statistics/players/
277,MertesackerGermany - Defender,0,0,-,-,-,-,https://www.uefa.com/uefaeuro/history/seasons/2012/statistics/players/
277,Miguel LopesPortugal - Defender,0,0,-,-,-,-,https://www.uefa.com/uefaeuro/history/seasons/2012/statistics/players/
277,N. KalinićCroatia - Forward,0,0,-,-,-,-,https://www.uefa.com/uefaeuro/history/seasons/2012/statistics/players/
277,BadeljCroatia - Midfielder,0,0,-,-,-,-,https://www.uefa.com/uefaeuro/history/seasons/2012/statistics/players/
277,KelavaCroatia - Goalkeeper,0,0,-,-,-,-,https://www.uefa.com/uefaeuro/history/seasons/2012/statistics/players/
277,SuchýCzechia - Defender,0,0,-,-,-,-,https://www.uefa.com/uefaeuro/history/seasons/2012/statistics/players/
277,BainesEngland - Defender,0,0,-,-,-,-,https://www.uefa.com/uefaeuro/history/seasons/2012/statistics/players/
277,SafariSweden - Defender,0,0,-,-,-,-,https://www.uefa.com/uefaeuro/history/seasons/2012/statistics/players/
277,SharonovRussia - Defender,0,0,-,-,-,-,https://www.uefa.com/uefaeuro/history/seasons/2012/statistics/players/
277,SchmeichelDenmark - Goalkeeper,0,0,-,-,-,-,https://www.uefa.com/uefaeuro/history/seasons/2012/statistics/players/
277,GibsonRepublic of Ireland - Midfielder,0,0,-,-,-,-,https://www.uefa.com/uefaeuro/history/seasons/2012/statistics/players/
277,O'DeaRepublic of Ireland,0,0,-,-,-,-,https://www.uefa.com/uefaeuro/history/seasons/2012/statistics/players/
277,KucherUkraine,0,-,-,-,-,-,https://www.uefa.com/uefaeuro/history/seasons/2012/statistics/players/
277,JagielkaEngland - Midfielder,0,0,-,-,-,-,https://www.uefa.com/uefaeuro/history/seasons/2012/statistics/players/
277,TzorvasGreece - Goalkeeper,0,0,-,-,-,-,https://www.uefa.com/uefaeuro/history/seasons/2012/statistics/players/
277,Netherlands,0,0,-,-,-,-,https://www.uefa.com/uefaeuro/history/seasons/2012/statistics/players/
277,NababkinRussia - Defender,0,0,-,-,-,-,https://www.uefa.com/uefaeuro/history/seasons/2012/statistics/players/
277,LlorenteSpain - Forward,0,0,-,-,-,-,https://www.uefa.com/uefaeuro/history/seasons/2012/statistics/players/
277,JuanfranSpain - Defender,0,0,-,-,-,-,https://www.uefa.com/uefaeuro/history/seasons/2012/statistics/players/
277,AlbiolSpain - Defender,0,0,-,-,-,-,https://www.uefa.com/uefaeuro/history/seasons/2012/statistics/players/
277,McShaneRepublic of Ireland - Defender,0,0,-,-,-,-,https://www.uefa.com/uefaeuro/history/seasons/2012/statistics/players/
277,SchaarsNetherlands - Midfielder,0,0,-,-,-,-,https://www.uefa.com/uefaeuro/history/seasons/2012/statistics/players/
277,AkinfeevRussia - Goalkeeper,0,0,-,-,-,-,https://www.uefa.com/uefaeuro/history/seasons/2012/statistics/players/
277,WieseGermany - Goalkeeper,0,0,-,-,-,-,https://www.uefa.com/uefaeuro/history/seasons/2012/statistics/players/
277,VormNetherlands - Goalkeeper,0,0,-,-,-,-,https://www.uefa.com/uefaeuro/history/seasons/2012/statistics/players/
277,KahlenbergDenmark - Midfielder,0,0,-,-,-,-,https://www.uefa.com/uefaeuro/history/seasons/2012/statistics/players/
277,FordeRepublic of Ireland - Goalkeeper,0,0,-,-,-,-,https://www.uefa.com/uefaeuro/history/seasons/2012/statistics/players/
277,DowningEngland - Midfielder,0,0,-,-,-,-,https://www.uefa.com/uefaeuro/history/seasons/2012/statistics/players/
277,WojtkowiakPoland,0,0,-,-,-,-,https://www.uefa.com/uefaeuro/history/seasons/2012/statistics/players/
277,Víctor ValdésSpain,0,0,-,-,-,-,https://www.uefa.com/uefaeuro/history/seasons/2012/statistics/players/
277,HuntRepublic of Ireland - Midfielder,0,0,-,-,-,-,https://www.uefa.com/uefaeuro/history/seasons/2012/statistics/players/
277,ShevchukUkraine - Defender,0,-,-,-,-,-,https://www.uefa.com/uefaeuro/history/seasons/2012/statistics/players/
277,QuaresmaPortugal - Midfielder,0,0,-,-,-,-,https://www.uefa.com/uefaeuro/history/seasons/2012/statistics/players/
277,KellyRepublic of Ireland - Defender,0,0,-,-,-,-,https://www.uefa.com/uefaeuro/history/seasons/2012/statistics/players/
277,CarrassoFrance - Goalkeeper,0,0,-,-,-,-,https://www.uefa.com/uefaeuro/history/seasons/2012/statistics/players/
277,ŠimunićCroatia - Defender,0,0,-,-,-,-,https://www.uefa.com/uefaeuro/history/seasons/2012/statistics/players/
277,EduardoPortugal,0,0,-,-,-,-,https://www.uefa.com/uefaeuro/history/seasons/2012/statistics/players/
277,Hugo VianaPortugal,0,0,-,-,-,-,https://www.uefa.com/uefaeuro/history/seasons/2012/statistics/players/
277,LaštůvkaCzechia - Goalkeeper,0,0,-,-,-,-,https://www.uefa.com/uefaeuro/history/seasons/2012/statistics/players/
277,HysénSweden - Forward,0,0,-,-,-,-,https://www.uefa.com/uefaeuro/history/seasons/2012/statistics/players/
277,ReinaSpain - Goalkeeper,0,0,-,-,-,-,https://www.uefa.com/uefaeuro/history/seasons/2012/statistics/players/
277,BetoPortugal - Goalkeeper,0,0,-,-,-,-,https://www.uefa.com/uefaeuro/history/seasons/2012/statistics/players/
277,SemshovRussia - Midfielder,0,0,-,-,-,-,https://www.uefa.com/uefaeuro/history/seasons/2012/statistics/players/
277,WilandSweden - Goalkeeper,0,0,-,-,-,-,https://www.uefa.com/uefaeuro/history/seasons/2012/statistics/players/
277,AntonssonSweden - Defender,0,0,-,-,-,-,https://www.uefa.com/uefaeuro/history/seasons/2012/statistics/players/
277,SilberbauerDenmark,0,0,-,-,-,-,https://www.uefa.com/uefaeuro/history/seasons/2012/statistics/players/
277,GreenEngland - Goalkeeper,0,0,-,-,-,-,https://www.uefa.com/uefaeuro/history/seasons/2012/statistics/players/
277,GoryainovUkraine - Goalkeeper,0,-,-,-,-,-,https://www.uefa.com/uefaeuro/history/seasons/2012/statistics/players/
277,Ricardo CostaPortugal - Defender,0,0,-,-,-,-,https://www.uefa.com/uefaeuro/history/seasons/2012/statistics/players/
277,DrobnýCzechia - Goalkeeper,0,0,-,-,-,-,https://www.uefa.com/uefaeuro/history/seasons/2012/statistics/players/
277,De SanctisItaly,0,0,-,-,-,-,https://www.uefa.com/uefaeuro/history/seasons/2012/statistics/players/
277,OkoreDenmark - Defender,0,0,-,-,-,-,https://www.uefa.com/uefaeuro/history/seasons/2012/statistics/players/
277,JonesEngland - Defender,0,0,-,-,-,-,https://www.uefa.com/uefaeuro/history/seasons/2012/statistics/players/
277,FetfatzidisGreece - Forward,0,0,-,-,-,-,https://www.uefa.com/uefaeuro/history/seasons/2012/statistics/players/
277,OgbonnaItaly - Defender,0,0,-,-,-,-,https://www.uefa.com/uefaeuro/history/seasons/2012/statistics/players/
277,WestwoodRepublic of Ireland - Goalkeeper,0,0,-,-,-,-,https://www.uefa.com/uefaeuro/history/seasons/2012/statistics/players/
277,KamińskiPoland - Defender,0,0,-,-,-,-,https://www.uefa.com/uefaeuro/history/seasons/2012/statistics/players/
277,SobiechPoland - Forward,0,0,-,-,-,-,https://www.uefa.com/uefaeuro/history/seasons/2012/statistics/players/
277,Rúben MicaelPortugal - Midfielder,0,0,-,-,-,-,https://www.uefa.com/uefaeuro/history/seasons/2012/statistics/players/
277,MalezasGreece,0,0,-,-,-,-,https://www.uefa.com/uefaeuro/history/seasons/2012/statistics/players/
277,ButlandEngland - Goalkeeper,0,0,-,-,-,-,https://www.uefa.com/uefaeuro/history/seasons/2012/statistics/players/
277,WolskiPoland - Midfielder,0,0,-,-,-,-,https://www.uefa.com/uefaeuro/history/seasons/2012/statistics/players/
277,L. de JongNetherlands - Forward,0,0,-,-,-,-,https://www.uefa.com/uefaeuro/history/seasons/2012/statistics/players/
277,StrootmanNetherlands - Midfielder,0,0,-,-,-,-,https://www.uefa.com/uefaeuro/history/seasons/2012/statistics/players/
277,GündoğanGermany - Midfielder,0,0,-,-,-,-,https://www.uefa.com/uefaeuro/history/seasons/2012/statistics/players/
277,KovalUkraine - Goalkeeper,0,-,-,-,-,-,https://www.uefa.com/uefaeuro/history/seasons/2012/statistics/players/
277,SchmelzerGermany - Defender,0,0,-,-,-,-,https://www.uefa.com/uefaeuro/history/seasons/2012/statistics/players/
277,KellyEngland - Defender,0,0,-,-,-,-,https://www.uefa.com/uefaeuro/history/seasons/2012/statistics/players/
277,BoumaNetherlands - Defender,0,0,-,-,-,-,https://www.uefa.com/uefaeuro/history/seasons/2012/statistics/players/
277,SandomierskiPoland - Goalkeeper,0,0,-,-,-,-,https://www.uefa.com/uefaeuro/history/seasons/2012/statistics/players/
277,BoriniItaly - Forward,0,0,-,-,-,-,https://www.uefa.com/uefaeuro/history/seasons/2012/statistics/players/
277,VrsaljkoCroatia - Defender,0,0,-,-,-,-,https://www.uefa.com/uefaeuro/history/seasons/2012/statistics/players/
277,ShuninRussia - Goalkeeper,0,0,-,-,-,-,https://www.uefa.com/uefaeuro/history/seasons/2012/statistics/players/
277,PedersenDenmark - Forward,0,0,-,-,-,-,https://www.uefa.com/uefaeuro/history/seasons/2012/statistics/players/
277,GranatRussia - Defender,0,0,-,-,-,-,https://www.uefa.com/uefaeuro/history/seasons/2012/statistics/players/
277,WawrzyniakPoland - Defender,0,0,-,-,-,-,https://www.uefa.com/uefaeuro/history/seasons/2012/statistics/players/
277,BoulahrouzNetherlands,0,-,-,-,-,-,https://www.uefa.com/uefaeuro/history/seasons/2012/statistics/players/
277,NarsinghNetherlands - Forward,0,0,-,-,-,-,https://www.uefa.com/uefaeuro/history/seasons/2012/statistics/players/
277,BjellandDenmark - Defender,0,0,-,-,-,-,https://www.uefa.com/uefaeuro/history/seasons/2012/statistics/players/
277,HöwedesGermany - Defender,0,0,-,-,-,-,https://www.uefa.com/uefaeuro/history/seasons/2012/statistics/players/
277,SiriguItaly - Goalkeeper,0,0,-,-,-,-,https://www.uefa.com/uefaeuro/history/seasons/2012/statistics/players/
277,SubašićCroatia - Goalkeeper,0,0,-,-,-,-,https://www.uefa.com/uefaeuro/history/seasons/2012/statistics/players/
277,SeleznyovUkraine - Forward,0,-,-,-,-,-,https://www.uefa.com/uefaeuro/history/seasons/2012/statistics/players/
277,ValbuenaFrance - Midfielder,0,0,-,-,-,-,https://www.uefa.com/uefaeuro/history/seasons/2012/statistics/players/
277,LindegaardDenmark - Goalkeeper,0,0,-,-,-,-,https://www.uefa.com/uefaeuro/history/seasons/2012/statistics/players/
277,MatuidiFrance - Midfielder,0,0,-,-,-,-,https://www.uefa.com/uefaeuro/history/seasons/2012/statistics/players/
277,ZielerGermany - Goalkeeper,0,0,-,-,-,-,https://www.uefa.com/uefaeuro/history/seasons/2012/statistics/players/
277,WassDenmark - Midfielder,0,0,-,-,-,-,https://www.uefa.com/uefaeuro/history/seasons/2012/statistics/players/
277,KombarovRussia - Defender,0,0,-,-,-,-,https://www.uefa.com/uefaeuro/history/seasons/2012/statistics/players/
277,NecidCzechia - Forward,0,0,-,-,-,-,https://www.uefa.com/uefaeuro/history/seasons/2012/statistics/players/
