rank,identifier,goals,goals_scored_with_right,goals_scored_with_left,goals_scored_head,goals_scored_other,goals_scored_inside_penalty_area,goals_scored_outside_penalty_area,penalty_scored,matches_appearance,url
01,RonaldoPortugal - Forward,5,3,2,0,0,5,0,3,4,https://www.uefa.com/uefaeuro/history/seasons/2020/statistics/players/goals/
01,SchickCzechia - Forward,5,1,3,1,0,4,1,1,5,https://www.uefa.com/uefaeuro/history/seasons/2020/statistics/players/goals/
03,LukakuBelgium - Forward,4,2,2,0,0,4,0,1,5,https://www.uefa.com/uefaeuro/history/seasons/2020/statistics/players/goals/
03,ForsbergSweden - Forward,4,2,2,0,0,3,1,1,4,https://www.uefa.com/uefaeuro/history/seasons/2020/statistics/players/goals/
03,BenzemaFrance - Forward,4,2,1,1,0,4,0,1,4,https://www.uefa.com/uefaeuro/history/seasons/2020/statistics/players/goals/
03,KaneEngland - Forward,4,2,0,2,0,4,0,0,7,https://www.uefa.com/uefaeuro/history/seasons/2020/statistics/players/goals/
07,DolbergDenmark - Forward,3,3,0,0,0,2,1,0,4,https://www.uefa.com/uefaeuro/history/seasons/2020/statistics/players/goals/
07,ShaqiriSwitzerland - Midfielder,3,2,1,0,0,2,1,0,5,https://www.uefa.com/uefaeuro/history/seasons/2020/statistics/players/goals/
07,SterlingEngland - Midfielder,3,2,0,1,0,3,0,0,7,https://www.uefa.com/uefaeuro/history/seasons/2020/statistics/players/goals/
07,MorataSpain - Forward,3,1,2,0,0,3,0,0,6,https://www.uefa.com/uefaeuro/history/seasons/2020/statistics/players/goals/
07,WijnaldumNetherlands - Midfielder,3,1,2,0,0,3,0,0,4,https://www.uefa.com/uefaeuro/history/seasons/2020/statistics/players/goals/
07,LewandowskiPoland - Forward,3,1,1,1,0,3,0,0,3,https://www.uefa.com/uefaeuro/history/seasons/2020/statistics/players/goals/
07,SeferovićSwitzerland - Forward,3,0,1,2,0,2,1,0,5,https://www.uefa.com/uefaeuro/history/seasons/2020/statistics/players/goals/
14,InsigneItaly - Forward,2,2,0,0,0,1,1,0,6,https://www.uefa.com/uefaeuro/history/seasons/2020/statistics/players/goals/
14,ImmobileItaly - Forward,2,2,0,0,0,1,1,0,6,https://www.uefa.com/uefaeuro/history/seasons/2020/statistics/players/goals/
14,DamsgaardDenmark - Forward,2,2,0,0,0,0,2,0,5,https://www.uefa.com/uefaeuro/history/seasons/2020/statistics/players/goals/
14,DepayNetherlands - Forward,2,1,1,0,0,2,0,1,4,https://www.uefa.com/uefaeuro/history/seasons/2020/statistics/players/goals/
14,ChiesaItaly - Forward,2,1,1,0,0,2,0,0,7,https://www.uefa.com/uefaeuro/history/seasons/2020/statistics/players/goals/
14,Ferran TorresSpain - Forward,2,1,1,0,0,2,0,0,6,https://www.uefa.com/uefaeuro/history/seasons/2020/statistics/players/goals/
14,MæhleDenmark - Defender,2,1,1,0,0,2,0,0,6,https://www.uefa.com/uefaeuro/history/seasons/2020/statistics/players/goals/
14,PoulsenDenmark - Forward,2,1,1,0,0,2,0,0,5,https://www.uefa.com/uefaeuro/history/seasons/2020/statistics/players/goals/
14,PessinaItaly - Midfielder,2,1,1,0,0,2,0,0,4,https://www.uefa.com/uefaeuro/history/seasons/2020/statistics/players/goals/
14,LocatelliItaly - Midfielder,2,1,1,0,0,1,1,0,5,https://www.uefa.com/uefaeuro/history/seasons/2020/statistics/players/goals/
14,YarmolenkoUkraine - Midfielder,2,1,1,0,0,1,1,0,5,https://www.uefa.com/uefaeuro/history/seasons/2020/statistics/players/goals/
14,T. HazardBelgium - Midfielder,2,1,1,0,0,1,1,0,4,https://www.uefa.com/uefaeuro/history/seasons/2020/statistics/players/goals/
14,YaremchukUkraine - Forward,2,1,0,1,0,2,0,0,5,https://www.uefa.com/uefaeuro/history/seasons/2020/statistics/players/goals/
14,DumfriesNetherlands - Defender,2,1,0,1,0,2,0,0,4,https://www.uefa.com/uefaeuro/history/seasons/2020/statistics/players/goals/
14,HavertzGermany - Midfielder,2,1,0,1,0,2,0,0,4,https://www.uefa.com/uefaeuro/history/seasons/2020/statistics/players/goals/
14,PerišićCroatia - Midfielder,2,1,0,1,0,2,0,0,3,https://www.uefa.com/uefaeuro/history/seasons/2020/statistics/players/goals/
14,SarabiaSpain - Forward,2,0,2,0,0,2,0,0,5,https://www.uefa.com/uefaeuro/history/seasons/2020/statistics/players/goals/
31,DzyubaRussia - Forward,1,1,0,0,0,1,0,1,3,https://www.uefa.com/uefaeuro/history/seasons/2020/statistics/players/goals/
31,BarellaItaly - Midfielder,1,1,0,0,0,1,0,0,6,https://www.uefa.com/uefaeuro/history/seasons/2020/statistics/players/goals/
31,GavranovićSwitzerland - Forward,1,1,0,0,0,1,0,0,5,https://www.uefa.com/uefaeuro/history/seasons/2020/statistics/players/goals/
31,RobertsWales - Defender,1,1,0,0,0,1,0,0,4,https://www.uefa.com/uefaeuro/history/seasons/2020/statistics/players/goals/
31,BaumgartnerAustria - Midfielder,1,1,0,0,0,1,0,0,4,https://www.uefa.com/uefaeuro/history/seasons/2020/statistics/players/goals/
31,Diogo JotaPortugal - Forward,1,1,0,0,0,1,0,0,4,https://www.uefa.com/uefaeuro/history/seasons/2020/statistics/players/goals/
31,WeghorstNetherlands - Forward,1,1,0,0,0,1,0,0,4,https://www.uefa.com/uefaeuro/history/seasons/2020/statistics/players/goals/
31,ClaessonSweden - Midfielder,1,1,0,0,0,1,0,0,4,https://www.uefa.com/uefaeuro/history/seasons/2020/statistics/players/goals/
31,LainerAustria - Defender,1,1,0,0,0,1,0,0,4,https://www.uefa.com/uefaeuro/history/seasons/2020/statistics/players/goals/
31,RamseyWales - Midfielder,1,1,0,0,0,1,0,0,4,https://www.uefa.com/uefaeuro/history/seasons/2020/statistics/players/goals/
31,GoretzkaGermany - Midfielder,1,1,0,0,0,1,0,0,3,https://www.uefa.com/uefaeuro/history/seasons/2020/statistics/players/goals/
31,ŠkriniarSlovakia - Defender,1,1,0,0,0,1,0,0,3,https://www.uefa.com/uefaeuro/history/seasons/2020/statistics/players/goals/
31,FiolaHungary - Defender,1,1,0,0,0,1,0,0,3,https://www.uefa.com/uefaeuro/history/seasons/2020/statistics/players/goals/
31,GregoritschAustria - Forward,1,1,0,0,0,1,0,0,3,https://www.uefa.com/uefaeuro/history/seasons/2020/statistics/players/goals/
31,ArnautovićAustria - Forward,1,1,0,0,0,1,0,0,3,https://www.uefa.com/uefaeuro/history/seasons/2020/statistics/players/goals/
31,OršićCroatia - Forward,1,1,0,0,0,1,0,0,1,https://www.uefa.com/uefaeuro/history/seasons/2020/statistics/players/goals/
31,ChristensenDenmark - Defender,1,1,0,0,0,0,1,0,6,https://www.uefa.com/uefaeuro/history/seasons/2020/statistics/players/goals/
31,ModrićCroatia - Midfielder,1,1,0,0,0,0,1,0,4,https://www.uefa.com/uefaeuro/history/seasons/2020/statistics/players/goals/
31,PogbaFrance - Midfielder,1,1,0,0,0,0,1,0,4,https://www.uefa.com/uefaeuro/history/seasons/2020/statistics/players/goals/
31,McGregorScotland - Midfielder,1,1,0,0,0,0,1,0,3,https://www.uefa.com/uefaeuro/history/seasons/2020/statistics/players/goals/
31,BonucciItaly - Defender,1,0,1,0,0,1,0,0,7,https://www.uefa.com/uefaeuro/history/seasons/2020/statistics/players/goals/
31,OyarzabalSpain - Forward,1,0,1,0,0,1,0,0,6,https://www.uefa.com/uefaeuro/history/seasons/2020/statistics/players/goals/
31,ShawEngland - Defender,1,0,1,0,0,1,0,0,6,https://www.uefa.com/uefaeuro/history/seasons/2020/statistics/players/goals/
31,BraithwaiteDenmark - Forward,1,0,1,0,0,1,0,0,6,https://www.uefa.com/uefaeuro/history/seasons/2020/statistics/players/goals/
31,ZinchenkoUkraine - Defender,1,0,1,0,0,1,0,0,5,https://www.uefa.com/uefaeuro/history/seasons/2020/statistics/players/goals/
31,MeunierBelgium - Defender,1,0,1,0,0,1,0,0,5,https://www.uefa.com/uefaeuro/history/seasons/2020/statistics/players/goals/
31,GuerreiroPortugal - Defender,1,0,1,0,0,1,0,0,4,https://www.uefa.com/uefaeuro/history/seasons/2020/statistics/players/goals/
31,VlašićCroatia - Midfielder,1,0,1,0,0,1,0,0,4,https://www.uefa.com/uefaeuro/history/seasons/2020/statistics/players/goals/
31,GriezmannFrance - Forward,1,0,1,0,0,1,0,0,4,https://www.uefa.com/uefaeuro/history/seasons/2020/statistics/players/goals/
31,PandevNorth Macedonia - Forward,1,0,1,0,0,1,0,0,3,https://www.uefa.com/uefaeuro/history/seasons/2020/statistics/players/goals/
31,Al. MiranchukRussia - Forward,1,0,1,0,0,1,0,0,3,https://www.uefa.com/uefaeuro/history/seasons/2020/statistics/players/goals/
31,AlioskiNorth Macedonia - Defender,1,0,1,0,0,1,0,0,3,https://www.uefa.com/uefaeuro/history/seasons/2020/statistics/players/goals/
31,LinettyPoland - Midfielder,1,0,1,0,0,1,0,0,2,https://www.uefa.com/uefaeuro/history/seasons/2020/statistics/players/goals/
31,De BruyneBelgium - Midfielder,1,0,1,0,0,0,1,0,4,https://www.uefa.com/uefaeuro/history/seasons/2020/statistics/players/goals/
31,İrfan Can KahveciTürkiye - Midfielder,1,0,1,0,0,0,1,0,3,https://www.uefa.com/uefaeuro/history/seasons/2020/statistics/players/goals/
31,LaporteSpain - Defender,1,0,0,1,0,1,0,0,6,https://www.uefa.com/uefaeuro/history/seasons/2020/statistics/players/goals/
31,DelaneyDenmark - Midfielder,1,0,0,1,0,1,0,0,6,https://www.uefa.com/uefaeuro/history/seasons/2020/statistics/players/goals/
31,MaguireEngland - Defender,1,0,0,1,0,1,0,0,5,https://www.uefa.com/uefaeuro/history/seasons/2020/statistics/players/goals/
31,EmboloSwitzerland - Forward,1,0,0,1,0,1,0,0,5,https://www.uefa.com/uefaeuro/history/seasons/2020/statistics/players/goals/
31,HolešCzechia - Midfielder,1,0,0,1,0,1,0,0,5,https://www.uefa.com/uefaeuro/history/seasons/2020/statistics/players/goals/
31,HendersonEngland - Midfielder,1,0,0,1,0,1,0,0,5,https://www.uefa.com/uefaeuro/history/seasons/2020/statistics/players/goals/
31,MooreWales - Forward,1,0,0,1,0,1,0,0,4,https://www.uefa.com/uefaeuro/history/seasons/2020/statistics/players/goals/
31,KalajdzicAustria - Forward,1,0,0,1,0,1,0,0,4,https://www.uefa.com/uefaeuro/history/seasons/2020/statistics/players/goals/
31,GosensGermany - Defender,1,0,0,1,0,1,0,0,4,https://www.uefa.com/uefaeuro/history/seasons/2020/statistics/players/goals/
31,AzpilicuetaSpain - Defender,1,0,0,1,0,1,0,0,4,https://www.uefa.com/uefaeuro/history/seasons/2020/statistics/players/goals/
31,Ad. SzalaiHungary - Forward,1,0,0,1,0,1,0,0,3,https://www.uefa.com/uefaeuro/history/seasons/2020/statistics/players/goals/
31,SchäferHungary - Midfielder,1,0,0,1,0,1,0,0,3,https://www.uefa.com/uefaeuro/history/seasons/2020/statistics/players/goals/
31,PohjanpaloFinland - Forward,1,0,0,1,0,1,0,0,3,https://www.uefa.com/uefaeuro/history/seasons/2020/statistics/players/goals/
31,Mario PašalićCroatia - Midfielder,1,0,0,1,0,1,0,0,2,https://www.uefa.com/uefaeuro/history/seasons/2020/statistics/players/goals/
31,DovbykUkraine - Forward,1,0,0,1,0,1,0,0,1,https://www.uefa.com/uefaeuro/history/seasons/2020/statistics/players/goals/
81,PhillipsEngland - Midfielder,0,0,0,0,0,0,0,0,7,https://www.uefa.com/uefaeuro/history/seasons/2020/statistics/players/goals/
81,RiceEngland - Midfielder,0,0,0,0,0,0,0,0,7,https://www.uefa.com/uefaeuro/history/seasons/2020/statistics/players/goals/
81,DonnarummaItaly - Goalkeeper,0,0,0,0,0,0,0,0,7,https://www.uefa.com/uefaeuro/history/seasons/2020/statistics/players/goals/
81,JorginhoItaly - Midfielder,0,0,0,0,0,0,0,0,7,https://www.uefa.com/uefaeuro/history/seasons/2020/statistics/players/goals/
81,StonesEngland - Defender,0,0,0,0,0,0,0,0,7,https://www.uefa.com/uefaeuro/history/seasons/2020/statistics/players/goals/
81,PickfordEngland - Goalkeeper,0,0,0,0,0,0,0,0,7,https://www.uefa.com/uefaeuro/history/seasons/2020/statistics/players/goals/
81,SchmeichelDenmark - Goalkeeper,0,0,0,0,0,0,0,0,6,https://www.uefa.com/uefaeuro/history/seasons/2020/statistics/players/goals/
81,PedriSpain - Midfielder,0,0,0,0,0,0,0,0,6,https://www.uefa.com/uefaeuro/history/seasons/2020/statistics/players/goals/
81,Pau TorresSpain - Defender,0,0,0,0,0,0,0,0,6,https://www.uefa.com/uefaeuro/history/seasons/2020/statistics/players/goals/
81,JensenDenmark - Midfielder,0,0,0,0,0,0,0,0,6,https://www.uefa.com/uefaeuro/history/seasons/2020/statistics/players/goals/
81,Unai SimónSpain - Goalkeeper,0,0,0,0,0,0,0,0,6,https://www.uefa.com/uefaeuro/history/seasons/2020/statistics/players/goals/
81,Di LorenzoItaly - Defender,0,0,0,0,0,0,0,0,6,https://www.uefa.com/uefaeuro/history/seasons/2020/statistics/players/goals/
81,BerardiItaly - Forward,0,0,0,0,0,0,0,0,6,https://www.uefa.com/uefaeuro/history/seasons/2020/statistics/players/goals/
81,BelottiItaly - Forward,0,0,0,0,0,0,0,0,6,https://www.uefa.com/uefaeuro/history/seasons/2020/statistics/players/goals/
81,CristanteItaly - Midfielder,0,0,0,0,0,0,0,0,6,https://www.uefa.com/uefaeuro/history/seasons/2020/statistics/players/goals/
81,HøjbjergDenmark - Midfielder,0,0,0,0,0,0,0,0,6,https://www.uefa.com/uefaeuro/history/seasons/2020/statistics/players/goals/
81,VestergaardDenmark - Defender,0,0,0,0,0,0,0,0,6,https://www.uefa.com/uefaeuro/history/seasons/2020/statistics/players/goals/
81,WalkerEngland - Defender,0,0,0,0,0,0,0,0,6,https://www.uefa.com/uefaeuro/history/seasons/2020/statistics/players/goals/
81,Jordi AlbaSpain - Defender,0,0,0,0,0,0,0,0,6,https://www.uefa.com/uefaeuro/history/seasons/2020/statistics/players/goals/
81,KokeSpain - Midfielder,0,0,0,0,0,0,0,0,6,https://www.uefa.com/uefaeuro/history/seasons/2020/statistics/players/goals/
81,StrygerDenmark - Defender,0,0,0,0,0,0,0,0,6,https://www.uefa.com/uefaeuro/history/seasons/2020/statistics/players/goals/
81,KjærDenmark - Defender,0,0,0,0,0,0,0,0,6,https://www.uefa.com/uefaeuro/history/seasons/2020/statistics/players/goals/
81,SommerSwitzerland - Goalkeeper,0,0,0,0,0,0,0,0,5,https://www.uefa.com/uefaeuro/history/seasons/2020/statistics/players/goals/
81,VermaelenBelgium - Defender,0,0,0,0,0,0,0,0,5,https://www.uefa.com/uefaeuro/history/seasons/2020/statistics/players/goals/
81,ChielliniItaly - Defender,0,0,0,0,0,0,0,0,5,https://www.uefa.com/uefaeuro/history/seasons/2020/statistics/players/goals/
81,ZabarnyiUkraine - Defender,0,0,0,0,0,0,0,0,5,https://www.uefa.com/uefaeuro/history/seasons/2020/statistics/players/goals/
81,RashfordEngland - Forward,0,0,0,0,0,0,0,0,5,https://www.uefa.com/uefaeuro/history/seasons/2020/statistics/players/goals/
81,ShaparenkoUkraine - Midfielder,0,0,0,0,0,0,0,0,5,https://www.uefa.com/uefaeuro/history/seasons/2020/statistics/players/goals/
81,AkanjiSwitzerland - Defender,0,0,0,0,0,0,0,0,5,https://www.uefa.com/uefaeuro/history/seasons/2020/statistics/players/goals/
81,RodriSpain - Midfielder,0,0,0,0,0,0,0,0,5,https://www.uefa.com/uefaeuro/history/seasons/2020/statistics/players/goals/
81,JanktoCzechia - Midfielder,0,0,0,0,0,0,0,0,5,https://www.uefa.com/uefaeuro/history/seasons/2020/statistics/players/goals/
81,OlmoSpain - Forward,0,0,0,0,0,0,0,0,5,https://www.uefa.com/uefaeuro/history/seasons/2020/statistics/players/goals/
81,MountEngland - Midfielder,0,0,0,0,0,0,0,0,5,https://www.uefa.com/uefaeuro/history/seasons/2020/statistics/players/goals/
81,Gerard MorenoSpain - Forward,0,0,0,0,0,0,0,0,5,https://www.uefa.com/uefaeuro/history/seasons/2020/statistics/players/goals/
81,SoučekCzechia - Midfielder,0,0,0,0,0,0,0,0,5,https://www.uefa.com/uefaeuro/history/seasons/2020/statistics/players/goals/
81,MatviyenkoUkraine - Defender,0,0,0,0,0,0,0,0,5,https://www.uefa.com/uefaeuro/history/seasons/2020/statistics/players/goals/
81,CoufalCzechia - Defender,0,0,0,0,0,0,0,0,5,https://www.uefa.com/uefaeuro/history/seasons/2020/statistics/players/goals/
81,ŠevčíkCzechia - Midfielder,0,0,0,0,0,0,0,0,5,https://www.uefa.com/uefaeuro/history/seasons/2020/statistics/players/goals/
81,ElvediSwitzerland - Defender,0,0,0,0,0,0,0,0,5,https://www.uefa.com/uefaeuro/history/seasons/2020/statistics/players/goals/
81,MbabuSwitzerland - Defender,0,0,0,0,0,0,0,0,5,https://www.uefa.com/uefaeuro/history/seasons/2020/statistics/players/goals/
81,GrealishEngland - Midfielder,0,0,0,0,0,0,0,0,5,https://www.uefa.com/uefaeuro/history/seasons/2020/statistics/players/goals/
81,BushchanUkraine - Goalkeeper,0,0,0,0,0,0,0,0,5,https://www.uefa.com/uefaeuro/history/seasons/2020/statistics/players/goals/
81,FreulerSwitzerland - Midfielder,0,0,0,0,0,0,0,0,5,https://www.uefa.com/uefaeuro/history/seasons/2020/statistics/players/goals/
81,NørgaardDenmark - Midfielder,0,0,0,0,0,0,0,0,5,https://www.uefa.com/uefaeuro/history/seasons/2020/statistics/players/goals/
81,KalasCzechia - Defender,0,0,0,0,0,0,0,0,5,https://www.uefa.com/uefaeuro/history/seasons/2020/statistics/players/goals/
81,CourtoisBelgium - Goalkeeper,0,0,0,0,0,0,0,0,5,https://www.uefa.com/uefaeuro/history/seasons/2020/statistics/players/goals/
81,RodríguezSwitzerland - Defender,0,0,0,0,0,0,0,0,5,https://www.uefa.com/uefaeuro/history/seasons/2020/statistics/players/goals/
81,SydorchukUkraine - Midfielder,0,0,0,0,0,0,0,0,5,https://www.uefa.com/uefaeuro/history/seasons/2020/statistics/players/goals/
81,VerrattiItaly - Midfielder,0,0,0,0,0,0,0,0,5,https://www.uefa.com/uefaeuro/history/seasons/2020/statistics/players/goals/
81,KaravaievUkraine - Defender,0,0,0,0,0,0,0,0,5,https://www.uefa.com/uefaeuro/history/seasons/2020/statistics/players/goals/
81,TrippierEngland - Defender,0,0,0,0,0,0,0,0,5,https://www.uefa.com/uefaeuro/history/seasons/2020/statistics/players/goals/
81,ČelůstkaCzechia - Defender,0,0,0,0,0,0,0,0,5,https://www.uefa.com/uefaeuro/history/seasons/2020/statistics/players/goals/
81,VaclíkCzechia - Goalkeeper,0,0,0,0,0,0,0,0,5,https://www.uefa.com/uefaeuro/history/seasons/2020/statistics/players/goals/
81,MasopustCzechia - Midfielder,0,0,0,0,0,0,0,0,5,https://www.uefa.com/uefaeuro/history/seasons/2020/statistics/players/goals/
81,WassDenmark - Midfielder,0,0,0,0,0,0,0,0,5,https://www.uefa.com/uefaeuro/history/seasons/2020/statistics/players/goals/
81,NeuerGermany - Goalkeeper,0,0,0,0,0,0,0,0,4,https://www.uefa.com/uefaeuro/history/seasons/2020/statistics/players/goals/
81,BergSweden - Forward,0,0,0,0,0,0,0,0,4,https://www.uefa.com/uefaeuro/history/seasons/2020/statistics/players/goals/
81,LustigSweden - Defender,0,0,0,0,0,0,0,0,4,https://www.uefa.com/uefaeuro/history/seasons/2020/statistics/players/goals/
81,PepePortugal - Defender,0,0,0,0,0,0,0,0,4,https://www.uefa.com/uefaeuro/history/seasons/2020/statistics/players/goals/
81,LlorisFrance - Goalkeeper,0,0,0,0,0,0,0,0,4,https://www.uefa.com/uefaeuro/history/seasons/2020/statistics/players/goals/
81,Rui PatrícioPortugal - Goalkeeper,0,0,0,0,0,0,0,0,4,https://www.uefa.com/uefaeuro/history/seasons/2020/statistics/players/goals/
81,João MoutinhoPortugal - Midfielder,0,0,0,0,0,0,0,0,4,https://www.uefa.com/uefaeuro/history/seasons/2020/statistics/players/goals/
81,S. LarssonSweden - Midfielder,0,0,0,0,0,0,0,0,4,https://www.uefa.com/uefaeuro/history/seasons/2020/statistics/players/goals/
81,GvardiolCroatia - Defender,0,0,0,0,0,0,0,0,4,https://www.uefa.com/uefaeuro/history/seasons/2020/statistics/players/goals/
81,HložekCzechia - Forward,0,0,0,0,0,0,0,0,4,https://www.uefa.com/uefaeuro/history/seasons/2020/statistics/players/goals/
81,TolóiItaly - Defender,0,0,0,0,0,0,0,0,4,https://www.uefa.com/uefaeuro/history/seasons/2020/statistics/players/goals/
81,VargasSwitzerland - Midfielder,0,0,0,0,0,0,0,0,4,https://www.uefa.com/uefaeuro/history/seasons/2020/statistics/players/goals/
81,SakaEngland - Forward,0,0,0,0,0,0,0,0,4,https://www.uefa.com/uefaeuro/history/seasons/2020/statistics/players/goals/
81,RodonWales - Defender,0,0,0,0,0,0,0,0,4,https://www.uefa.com/uefaeuro/history/seasons/2020/statistics/players/goals/
81,EmersonItaly - Defender,0,0,0,0,0,0,0,0,4,https://www.uefa.com/uefaeuro/history/seasons/2020/statistics/players/goals/
81,KantéFrance - Midfielder,0,0,0,0,0,0,0,0,4,https://www.uefa.com/uefaeuro/history/seasons/2020/statistics/players/goals/
81,MykolenkoUkraine - Defender,0,0,0,0,0,0,0,0,4,https://www.uefa.com/uefaeuro/history/seasons/2020/statistics/players/goals/
81,IsakSweden - Forward,0,0,0,0,0,0,0,0,4,https://www.uefa.com/uefaeuro/history/seasons/2020/statistics/players/goals/
81,F. de JongNetherlands - Midfielder,0,0,0,0,0,0,0,0,4,https://www.uefa.com/uefaeuro/history/seasons/2020/statistics/players/goals/
81,MalenNetherlands - Forward,0,0,0,0,0,0,0,0,4,https://www.uefa.com/uefaeuro/history/seasons/2020/statistics/players/goals/
81,StekelenburgNetherlands - Goalkeeper,0,0,0,0,0,0,0,0,4,https://www.uefa.com/uefaeuro/history/seasons/2020/statistics/players/goals/
81,Marcos LlorenteSpain - Midfielder,0,0,0,0,0,0,0,0,4,https://www.uefa.com/uefaeuro/history/seasons/2020/statistics/players/goals/
81,Bruno FernandesPortugal - Midfielder,0,0,0,0,0,0,0,0,4,https://www.uefa.com/uefaeuro/history/seasons/2020/statistics/players/goals/
81,KrálCzechia - Midfielder,0,0,0,0,0,0,0,0,4,https://www.uefa.com/uefaeuro/history/seasons/2020/statistics/players/goals/
81,MbappéFrance - Forward,0,0,0,0,0,0,0,0,4,https://www.uefa.com/uefaeuro/history/seasons/2020/statistics/players/goals/
81,KimmichGermany - Defender,0,0,0,0,0,0,0,0,4,https://www.uefa.com/uefaeuro/history/seasons/2020/statistics/players/goals/
81,LaimerAustria - Midfielder,0,0,0,0,0,0,0,0,4,https://www.uefa.com/uefaeuro/history/seasons/2020/statistics/players/goals/
81,X. SchlagerAustria - Midfielder,0,0,0,0,0,0,0,0,4,https://www.uefa.com/uefaeuro/history/seasons/2020/statistics/players/goals/
81,D. JamesWales - Midfielder,0,0,0,0,0,0,0,0,4,https://www.uefa.com/uefaeuro/history/seasons/2020/statistics/players/goals/
81,MorrellWales - Midfielder,0,0,0,0,0,0,0,0,4,https://www.uefa.com/uefaeuro/history/seasons/2020/statistics/players/goals/
81,KimpembeFrance - Defender,0,0,0,0,0,0,0,0,4,https://www.uefa.com/uefaeuro/history/seasons/2020/statistics/players/goals/
81,TielemansBelgium - Midfielder,0,0,0,0,0,0,0,0,4,https://www.uefa.com/uefaeuro/history/seasons/2020/statistics/players/goals/
81,SanéGermany - Midfielder,0,0,0,0,0,0,0,0,4,https://www.uefa.com/uefaeuro/history/seasons/2020/statistics/players/goals/
81,PetkovićCroatia - Forward,0,0,0,0,0,0,0,0,4,https://www.uefa.com/uefaeuro/history/seasons/2020/statistics/players/goals/
81,BernardeschiItaly - Midfielder,0,0,0,0,0,0,0,0,4,https://www.uefa.com/uefaeuro/history/seasons/2020/statistics/players/goals/
81,Bernardo SilvaPortugal - Midfielder,0,0,0,0,0,0,0,0,4,https://www.uefa.com/uefaeuro/history/seasons/2020/statistics/players/goals/
81,TsygankovUkraine - Midfielder,0,0,0,0,0,0,0,0,4,https://www.uefa.com/uefaeuro/history/seasons/2020/statistics/players/goals/
81,Rúben DiasPortugal - Defender,0,0,0,0,0,0,0,0,4,https://www.uefa.com/uefaeuro/history/seasons/2020/statistics/players/goals/
81,Renato SanchesPortugal - Midfielder,0,0,0,0,0,0,0,0,4,https://www.uefa.com/uefaeuro/history/seasons/2020/statistics/players/goals/
81,BachmannAustria - Goalkeeper,0,0,0,0,0,0,0,0,4,https://www.uefa.com/uefaeuro/history/seasons/2020/statistics/players/goals/
81,GinterGermany - Defender,0,0,0,0,0,0,0,0,4,https://www.uefa.com/uefaeuro/history/seasons/2020/statistics/players/goals/
81,LindelöfSweden - Defender,0,0,0,0,0,0,0,0,4,https://www.uefa.com/uefaeuro/history/seasons/2020/statistics/players/goals/
81,RabiotFrance - Midfielder,0,0,0,0,0,0,0,0,4,https://www.uefa.com/uefaeuro/history/seasons/2020/statistics/players/goals/
81,QuaisonSweden - Midfielder,0,0,0,0,0,0,0,0,4,https://www.uefa.com/uefaeuro/history/seasons/2020/statistics/players/goals/
81,SchärSwitzerland - Defender,0,0,0,0,0,0,0,0,4,https://www.uefa.com/uefaeuro/history/seasons/2020/statistics/players/goals/
81,KrafthSweden - Defender,0,0,0,0,0,0,0,0,4,https://www.uefa.com/uefaeuro/history/seasons/2020/statistics/players/goals/
81,OlsenSweden - Goalkeeper,0,0,0,0,0,0,0,0,4,https://www.uefa.com/uefaeuro/history/seasons/2020/statistics/players/goals/
81,MalinovskyiUkraine - Midfielder,0,0,0,0,0,0,0,0,4,https://www.uefa.com/uefaeuro/history/seasons/2020/statistics/players/goals/
81,WidmerSwitzerland - Defender,0,0,0,0,0,0,0,0,4,https://www.uefa.com/uefaeuro/history/seasons/2020/statistics/players/goals/
81,LivakovićCroatia - Goalkeeper,0,0,0,0,0,0,0,0,4,https://www.uefa.com/uefaeuro/history/seasons/2020/statistics/players/goals/
81,GnabryGermany - Forward,0,0,0,0,0,0,0,0,4,https://www.uefa.com/uefaeuro/history/seasons/2020/statistics/players/goals/
81,CorneliusDenmark - Forward,0,0,0,0,0,0,0,0,4,https://www.uefa.com/uefaeuro/history/seasons/2020/statistics/players/goals/
81,K. OlssonSweden - Midfielder,0,0,0,0,0,0,0,0,4,https://www.uefa.com/uefaeuro/history/seasons/2020/statistics/players/goals/
81,BrozovićCroatia - Midfielder,0,0,0,0,0,0,0,0,4,https://www.uefa.com/uefaeuro/history/seasons/2020/statistics/players/goals/
81,DaridaCzechia - Midfielder,0,0,0,0,0,0,0,0,4,https://www.uefa.com/uefaeuro/history/seasons/2020/statistics/players/goals/
81,RebićCroatia - Forward,0,0,0,0,0,0,0,0,4,https://www.uefa.com/uefaeuro/history/seasons/2020/statistics/players/goals/
81,KrmenčíkCzechia - Forward,0,0,0,0,0,0,0,0,4,https://www.uefa.com/uefaeuro/history/seasons/2020/statistics/players/goals/
81,RüdigerGermany - Defender,0,0,0,0,0,0,0,0,4,https://www.uefa.com/uefaeuro/history/seasons/2020/statistics/players/goals/
81,VaraneFrance - Defender,0,0,0,0,0,0,0,0,4,https://www.uefa.com/uefaeuro/history/seasons/2020/statistics/players/goals/
81,AugustinssonSweden - Defender,0,0,0,0,0,0,0,0,4,https://www.uefa.com/uefaeuro/history/seasons/2020/statistics/players/goals/
81,SabitzerAustria - Midfielder,0,0,0,0,0,0,0,0,4,https://www.uefa.com/uefaeuro/history/seasons/2020/statistics/players/goals/
81,KovačićCroatia - Midfielder,0,0,0,0,0,0,0,0,4,https://www.uefa.com/uefaeuro/history/seasons/2020/statistics/players/goals/
81,SpinazzolaItaly - Defender,0,0,0,0,0,0,0,0,4,https://www.uefa.com/uefaeuro/history/seasons/2020/statistics/players/goals/
81,HintereggerAustria - Defender,0,0,0,0,0,0,0,0,4,https://www.uefa.com/uefaeuro/history/seasons/2020/statistics/players/goals/
81,MertensBelgium - Forward,0,0,0,0,0,0,0,0,4,https://www.uefa.com/uefaeuro/history/seasons/2020/statistics/players/goals/
81,DaniloPortugal - Midfielder,0,0,0,0,0,0,0,0,4,https://www.uefa.com/uefaeuro/history/seasons/2020/statistics/players/goals/
81,DaviesWales - Defender,0,0,0,0,0,0,0,0,4,https://www.uefa.com/uefaeuro/history/seasons/2020/statistics/players/goals/
81,WardWales - Goalkeeper,0,0,0,0,0,0,0,0,4,https://www.uefa.com/uefaeuro/history/seasons/2020/statistics/players/goals/
81,De VrijNetherlands - Defender,0,0,0,0,0,0,0,0,4,https://www.uefa.com/uefaeuro/history/seasons/2020/statistics/players/goals/
81,XhakaSwitzerland - Midfielder,0,0,0,0,0,0,0,0,4,https://www.uefa.com/uefaeuro/history/seasons/2020/statistics/players/goals/
81,MüllerGermany - Forward,0,0,0,0,0,0,0,0,4,https://www.uefa.com/uefaeuro/history/seasons/2020/statistics/players/goals/
81,Sergio BusquetsSpain - Midfielder,0,0,0,0,0,0,0,0,4,https://www.uefa.com/uefaeuro/history/seasons/2020/statistics/players/goals/
81,DragovićAustria - Defender,0,0,0,0,0,0,0,0,4,https://www.uefa.com/uefaeuro/history/seasons/2020/statistics/players/goals/
81,DanielsonSweden - Defender,0,0,0,0,0,0,0,0,4,https://www.uefa.com/uefaeuro/history/seasons/2020/statistics/players/goals/
81,BořilCzechia - Defender,0,0,0,0,0,0,0,0,4,https://www.uefa.com/uefaeuro/history/seasons/2020/statistics/players/goals/
81,Thiago AlcántaraSpain - Midfielder,0,0,0,0,0,0,0,0,4,https://www.uefa.com/uefaeuro/history/seasons/2020/statistics/players/goals/
81,AlabaAustria - Defender,0,0,0,0,0,0,0,0,4,https://www.uefa.com/uefaeuro/history/seasons/2020/statistics/players/goals/
81,KramarićCroatia - Forward,0,0,0,0,0,0,0,0,4,https://www.uefa.com/uefaeuro/history/seasons/2020/statistics/players/goals/
81,ZuberSwitzerland - Midfielder,0,0,0,0,0,0,0,0,4,https://www.uefa.com/uefaeuro/history/seasons/2020/statistics/players/goals/
81,E. HazardBelgium - Forward,0,0,0,0,0,0,0,0,4,https://www.uefa.com/uefaeuro/history/seasons/2020/statistics/players/goals/
81,Van AanholtNetherlands - Defender,0,0,0,0,0,0,0,0,4,https://www.uefa.com/uefaeuro/history/seasons/2020/statistics/players/goals/
81,BlindNetherlands - Defender,0,0,0,0,0,0,0,0,4,https://www.uefa.com/uefaeuro/history/seasons/2020/statistics/players/goals/
81,VidaCroatia - Defender,0,0,0,0,0,0,0,0,4,https://www.uefa.com/uefaeuro/history/seasons/2020/statistics/players/goals/
81,AllenWales - Midfielder,0,0,0,0,0,0,0,0,4,https://www.uefa.com/uefaeuro/history/seasons/2020/statistics/players/goals/
81,HummelsGermany - Defender,0,0,0,0,0,0,0,0,4,https://www.uefa.com/uefaeuro/history/seasons/2020/statistics/players/goals/
81,VertonghenBelgium - Defender,0,0,0,0,0,0,0,0,4,https://www.uefa.com/uefaeuro/history/seasons/2020/statistics/players/goals/
81,WitselBelgium - Midfielder,0,0,0,0,0,0,0,0,4,https://www.uefa.com/uefaeuro/history/seasons/2020/statistics/players/goals/
81,AlderweireldBelgium - Defender,0,0,0,0,0,0,0,0,4,https://www.uefa.com/uefaeuro/history/seasons/2020/statistics/players/goals/
81,KroosGermany - Midfielder,0,0,0,0,0,0,0,0,4,https://www.uefa.com/uefaeuro/history/seasons/2020/statistics/players/goals/
81,EkdalSweden - Midfielder,0,0,0,0,0,0,0,0,4,https://www.uefa.com/uefaeuro/history/seasons/2020/statistics/players/goals/
81,BaleWales - Forward,0,0,0,0,0,0,0,0,4,https://www.uefa.com/uefaeuro/history/seasons/2020/statistics/players/goals/
81,RaitalaFinland - Defender,0,0,0,0,0,0,0,0,3,https://www.uefa.com/uefaeuro/history/seasons/2020/statistics/players/goals/
81,HubočanSlovakia - Defender,0,0,0,0,0,0,0,0,3,https://www.uefa.com/uefaeuro/history/seasons/2020/statistics/players/goals/
81,HamšíkSlovakia - Midfielder,0,0,0,0,0,0,0,0,3,https://www.uefa.com/uefaeuro/history/seasons/2020/statistics/players/goals/
81,TričkovskiNorth Macedonia - Forward,0,0,0,0,0,0,0,0,3,https://www.uefa.com/uefaeuro/history/seasons/2020/statistics/players/goals/
81,ToivioFinland - Defender,0,0,0,0,0,0,0,0,3,https://www.uefa.com/uefaeuro/history/seasons/2020/statistics/players/goals/
81,PekaríkSlovakia - Defender,0,0,0,0,0,0,0,0,3,https://www.uefa.com/uefaeuro/history/seasons/2020/statistics/players/goals/
81,MarshallScotland - Goalkeeper,0,0,0,0,0,0,0,0,3,https://www.uefa.com/uefaeuro/history/seasons/2020/statistics/players/goals/
81,Burak YılmazTürkiye,0,0,0,0,0,0,0,0,3,https://www.uefa.com/uefaeuro/history/seasons/2020/statistics/players/goals/
81,AdamsScotland - Forward,0,0,0,0,0,0,0,0,3,https://www.uefa.com/uefaeuro/history/seasons/2020/statistics/players/goals/
81,NisbetScotland - Forward,0,0,0,0,0,0,0,0,3,https://www.uefa.com/uefaeuro/history/seasons/2020/statistics/players/goals/
81,DykesScotland - Forward,0,0,0,0,0,0,0,0,3,https://www.uefa.com/uefaeuro/history/seasons/2020/statistics/players/goals/
81,MukhinRussia - Midfielder,0,0,0,0,0,0,0,0,3,https://www.uefa.com/uefaeuro/history/seasons/2020/statistics/players/goals/
81,MingsEngland - Defender,0,0,0,0,0,0,0,0,3,https://www.uefa.com/uefaeuro/history/seasons/2020/statistics/players/goals/
81,BellinghamEngland - Midfielder,0,0,0,0,0,0,0,0,3,https://www.uefa.com/uefaeuro/history/seasons/2020/statistics/players/goals/
81,DiveevRussia - Defender,0,0,0,0,0,0,0,0,3,https://www.uefa.com/uefaeuro/history/seasons/2020/statistics/players/goals/
81,Fabián RuizSpain - Midfielder,0,0,0,0,0,0,0,0,3,https://www.uefa.com/uefaeuro/history/seasons/2020/statistics/players/goals/
81,N. WilliamsWales - Defender,0,0,0,0,0,0,0,0,3,https://www.uefa.com/uefaeuro/history/seasons/2020/statistics/players/goals/
81,MephamWales - Defender,0,0,0,0,0,0,0,0,3,https://www.uefa.com/uefaeuro/history/seasons/2020/statistics/players/goals/
81,KuzyaevRussia - Midfielder,0,0,0,0,0,0,0,0,3,https://www.uefa.com/uefaeuro/history/seasons/2020/statistics/players/goals/
81,DzhikiyaRussia - Defender,0,0,0,0,0,0,0,0,3,https://www.uefa.com/uefaeuro/history/seasons/2020/statistics/players/goals/
81,Eric GarcíaSpain - Defender,0,0,0,0,0,0,0,0,3,https://www.uefa.com/uefaeuro/history/seasons/2020/statistics/players/goals/
81,SanchoEngland - Midfielder,0,0,0,0,0,0,0,0,3,https://www.uefa.com/uefaeuro/history/seasons/2020/statistics/players/goals/
81,TimberNetherlands - Defender,0,0,0,0,0,0,0,0,3,https://www.uefa.com/uefaeuro/history/seasons/2020/statistics/players/goals/
81,FodenEngland - Midfielder,0,0,0,0,0,0,0,0,3,https://www.uefa.com/uefaeuro/history/seasons/2020/statistics/players/goals/
81,IvanušecCroatia - Forward,0,0,0,0,0,0,0,0,3,https://www.uefa.com/uefaeuro/history/seasons/2020/statistics/players/goals/
81,Yusuf YazıcıTürkiye - Midfielder,0,0,0,0,0,0,0,0,3,https://www.uefa.com/uefaeuro/history/seasons/2020/statistics/players/goals/
81,AmpaduWales - Defender,0,0,0,0,0,0,0,0,3,https://www.uefa.com/uefaeuro/history/seasons/2020/statistics/players/goals/
81,BarákCzechia - Midfielder,0,0,0,0,0,0,0,0,3,https://www.uefa.com/uefaeuro/history/seasons/2020/statistics/players/goals/
81,ElmasNorth Macedonia - Midfielder,0,0,0,0,0,0,0,0,3,https://www.uefa.com/uefaeuro/history/seasons/2020/statistics/players/goals/
81,PuchaczPoland - Defender,0,0,0,0,0,0,0,0,3,https://www.uefa.com/uefaeuro/history/seasons/2020/statistics/players/goals/
81,McTominayScotland - Midfielder,0,0,0,0,0,0,0,0,3,https://www.uefa.com/uefaeuro/history/seasons/2020/statistics/players/goals/
81,Nélson SemedoPortugal - Defender,0,0,0,0,0,0,0,0,3,https://www.uefa.com/uefaeuro/history/seasons/2020/statistics/players/goals/
81,ŚwiderskiPoland - Forward,0,0,0,0,0,0,0,0,3,https://www.uefa.com/uefaeuro/history/seasons/2020/statistics/players/goals/
81,Á. NagyHungary - Midfielder,0,0,0,0,0,0,0,0,3,https://www.uefa.com/uefaeuro/history/seasons/2020/statistics/players/goals/
81,Cengiz ÜnderTürkiye - Forward,0,0,0,0,0,0,0,0,3,https://www.uefa.com/uefaeuro/history/seasons/2020/statistics/players/goals/
81,Çağlar SöyüncüTürkiye - Defender,0,0,0,0,0,0,0,0,3,https://www.uefa.com/uefaeuro/history/seasons/2020/statistics/players/goals/
81,PavardFrance - Defender,0,0,0,0,0,0,0,0,3,https://www.uefa.com/uefaeuro/history/seasons/2020/statistics/players/goals/
81,De LigtNetherlands - Defender,0,0,0,0,0,0,0,0,3,https://www.uefa.com/uefaeuro/history/seasons/2020/statistics/players/goals/
81,JóźwiakPoland - Midfielder,0,0,0,0,0,0,0,0,3,https://www.uefa.com/uefaeuro/history/seasons/2020/statistics/players/goals/
81,A. SzalaiHungary - Defender,0,0,0,0,0,0,0,0,3,https://www.uefa.com/uefaeuro/history/seasons/2020/statistics/players/goals/
81,Uğurcan ÇakırTürkiye - Goalkeeper,0,0,0,0,0,0,0,0,3,https://www.uefa.com/uefaeuro/history/seasons/2020/statistics/players/goals/
81,Merih DemiralTürkiye - Defender,0,0,0,0,0,0,0,0,3,https://www.uefa.com/uefaeuro/history/seasons/2020/statistics/players/goals/
81,BrooksWales - Midfielder,0,0,0,0,0,0,0,0,3,https://www.uefa.com/uefaeuro/history/seasons/2020/statistics/players/goals/
81,AndersenDenmark - Defender,0,0,0,0,0,0,0,0,3,https://www.uefa.com/uefaeuro/history/seasons/2020/statistics/players/goals/
81,BesedinUkraine - Forward,0,0,0,0,0,0,0,0,3,https://www.uefa.com/uefaeuro/history/seasons/2020/statistics/players/goals/
81,Zeki ÇelikTürkiye - Defender,0,0,0,0,0,0,0,0,3,https://www.uefa.com/uefaeuro/history/seasons/2020/statistics/players/goals/
81,FrankowskiPoland - Defender,0,0,0,0,0,0,0,0,3,https://www.uefa.com/uefaeuro/history/seasons/2020/statistics/players/goals/
81,RobertsonScotland - Defender,0,0,0,0,0,0,0,0,3,https://www.uefa.com/uefaeuro/history/seasons/2020/statistics/players/goals/
81,BrekaloCroatia - Forward,0,0,0,0,0,0,0,0,3,https://www.uefa.com/uefaeuro/history/seasons/2020/statistics/players/goals/
81,WilsonWales - Midfielder,0,0,0,0,0,0,0,0,3,https://www.uefa.com/uefaeuro/history/seasons/2020/statistics/players/goals/
81,SallaiHungary - Forward,0,0,0,0,0,0,0,0,3,https://www.uefa.com/uefaeuro/history/seasons/2020/statistics/players/goals/
81,BardhiNorth Macedonia - Midfielder,0,0,0,0,0,0,0,0,3,https://www.uefa.com/uefaeuro/history/seasons/2020/statistics/players/goals/
81,McGinnScotland - Midfielder,0,0,0,0,0,0,0,0,3,https://www.uefa.com/uefaeuro/history/seasons/2020/statistics/players/goals/
81,HaraslínSlovakia - Midfielder,0,0,0,0,0,0,0,0,3,https://www.uefa.com/uefaeuro/history/seasons/2020/statistics/players/goals/
81,GolovinRussia - Midfielder,0,0,0,0,0,0,0,0,3,https://www.uefa.com/uefaeuro/history/seasons/2020/statistics/players/goals/
81,KamaraFinland - Midfielder,0,0,0,0,0,0,0,0,3,https://www.uefa.com/uefaeuro/history/seasons/2020/statistics/players/goals/
81,BednarekPoland - Defender,0,0,0,0,0,0,0,0,3,https://www.uefa.com/uefaeuro/history/seasons/2020/statistics/players/goals/
81,DudaSlovakia - Midfielder,0,0,0,0,0,0,0,0,3,https://www.uefa.com/uefaeuro/history/seasons/2020/statistics/players/goals/
81,TolissoFrance - Midfielder,0,0,0,0,0,0,0,0,3,https://www.uefa.com/uefaeuro/history/seasons/2020/statistics/players/goals/
81,Ozan TufanTürkiye - Midfielder,0,0,0,0,0,0,0,0,3,https://www.uefa.com/uefaeuro/history/seasons/2020/statistics/players/goals/
81,Mário FernandesRussia - Defender,0,0,0,0,0,0,0,0,3,https://www.uefa.com/uefaeuro/history/seasons/2020/statistics/players/goals/
81,AcerbiItaly - Defender,0,0,0,0,0,0,0,0,3,https://www.uefa.com/uefaeuro/history/seasons/2020/statistics/players/goals/
81,LovrencsicsHungary - Defender,0,0,0,0,0,0,0,0,3,https://www.uefa.com/uefaeuro/history/seasons/2020/statistics/players/goals/
81,OrbánHungary - Defender,0,0,0,0,0,0,0,0,3,https://www.uefa.com/uefaeuro/history/seasons/2020/statistics/players/goals/
81,Kenan KaramanTürkiye - Forward,0,0,0,0,0,0,0,0,3,https://www.uefa.com/uefaeuro/history/seasons/2020/statistics/players/goals/
81,WernerGermany - Forward,0,0,0,0,0,0,0,0,3,https://www.uefa.com/uefaeuro/history/seasons/2020/statistics/players/goals/
81,NikolovNorth Macedonia - Midfielder,0,0,0,0,0,0,0,0,3,https://www.uefa.com/uefaeuro/history/seasons/2020/statistics/players/goals/
81,LodFinland - Midfielder,0,0,0,0,0,0,0,0,3,https://www.uefa.com/uefaeuro/history/seasons/2020/statistics/players/goals/
81,DendonckerBelgium - Midfielder,0,0,0,0,0,0,0,0,3,https://www.uefa.com/uefaeuro/history/seasons/2020/statistics/players/goals/
81,KaravaevRussia - Defender,0,0,0,0,0,0,0,0,3,https://www.uefa.com/uefaeuro/history/seasons/2020/statistics/players/goals/
81,André SilvaPortugal - Forward,0,0,0,0,0,0,0,0,3,https://www.uefa.com/uefaeuro/history/seasons/2020/statistics/players/goals/
81,GrillitschAustria - Midfielder,0,0,0,0,0,0,0,0,3,https://www.uefa.com/uefaeuro/history/seasons/2020/statistics/players/goals/
81,ŠatkaSlovakia - Defender,0,0,0,0,0,0,0,0,3,https://www.uefa.com/uefaeuro/history/seasons/2020/statistics/players/goals/
81,CarrascoBelgium - Forward,0,0,0,0,0,0,0,0,3,https://www.uefa.com/uefaeuro/history/seasons/2020/statistics/players/goals/
81,TrajkovskiNorth Macedonia - Forward,0,0,0,0,0,0,0,0,3,https://www.uefa.com/uefaeuro/history/seasons/2020/statistics/players/goals/
81,D. VelkovskiNorth Macedonia - Defender,0,0,0,0,0,0,0,0,3,https://www.uefa.com/uefaeuro/history/seasons/2020/statistics/players/goals/
81,ZobninRussia - Midfielder,0,0,0,0,0,0,0,0,3,https://www.uefa.com/uefaeuro/history/seasons/2020/statistics/players/goals/
81,ZielińskiPoland - Midfielder,0,0,0,0,0,0,0,0,3,https://www.uefa.com/uefaeuro/history/seasons/2020/statistics/players/goals/
81,O'ShaughnessyFinland - Defender,0,0,0,0,0,0,0,0,3,https://www.uefa.com/uefaeuro/history/seasons/2020/statistics/players/goals/
81,Kaan AyhanTürkiye - Defender,0,0,0,0,0,0,0,0,3,https://www.uefa.com/uefaeuro/history/seasons/2020/statistics/players/goals/
81,KleinheislerHungary - Midfielder,0,0,0,0,0,0,0,0,3,https://www.uefa.com/uefaeuro/history/seasons/2020/statistics/players/goals/
81,MusliuNorth Macedonia - Defender,0,0,0,0,0,0,0,0,3,https://www.uefa.com/uefaeuro/history/seasons/2020/statistics/players/goals/
81,BotkaHungary - Defender,0,0,0,0,0,0,0,0,3,https://www.uefa.com/uefaeuro/history/seasons/2020/statistics/players/goals/
81,Hakan ÇalhanoğluTürkiye - Midfielder,0,0,0,0,0,0,0,0,3,https://www.uefa.com/uefaeuro/history/seasons/2020/statistics/players/goals/
81,OzdoevRussia - Midfielder,0,0,0,0,0,0,0,0,3,https://www.uefa.com/uefaeuro/history/seasons/2020/statistics/players/goals/
81,BereszyńskiPoland - Defender,0,0,0,0,0,0,0,0,3,https://www.uefa.com/uefaeuro/history/seasons/2020/statistics/players/goals/
81,UronenFinland - Defender,0,0,0,0,0,0,0,0,3,https://www.uefa.com/uefaeuro/history/seasons/2020/statistics/players/goals/
81,ArmstrongScotland - Midfielder,0,0,0,0,0,0,0,0,3,https://www.uefa.com/uefaeuro/history/seasons/2020/statistics/players/goals/
81,CanGermany - Defender,0,0,0,0,0,0,0,0,3,https://www.uefa.com/uefaeuro/history/seasons/2020/statistics/players/goals/
81,De RoonNetherlands - Midfielder,0,0,0,0,0,0,0,0,3,https://www.uefa.com/uefaeuro/history/seasons/2020/statistics/players/goals/
81,DimitrievskiNorth Macedonia - Goalkeeper,0,0,0,0,0,0,0,0,3,https://www.uefa.com/uefaeuro/history/seasons/2020/statistics/players/goals/
81,Okay YokuşluTürkiye - Midfielder,0,0,0,0,0,0,0,0,3,https://www.uefa.com/uefaeuro/history/seasons/2020/statistics/players/goals/
81,HanleyScotland - Defender,0,0,0,0,0,0,0,0,3,https://www.uefa.com/uefaeuro/history/seasons/2020/statistics/players/goals/
81,O'DonnellScotland - Defender,0,0,0,0,0,0,0,0,3,https://www.uefa.com/uefaeuro/history/seasons/2020/statistics/players/goals/
81,KlichPoland - Midfielder,0,0,0,0,0,0,0,0,3,https://www.uefa.com/uefaeuro/history/seasons/2020/statistics/players/goals/
81,ArajuuriFinland - Defender,0,0,0,0,0,0,0,0,3,https://www.uefa.com/uefaeuro/history/seasons/2020/statistics/players/goals/
81,GündoğanGermany - Midfielder,0,0,0,0,0,0,0,0,3,https://www.uefa.com/uefaeuro/history/seasons/2020/statistics/players/goals/
81,AdemiNorth Macedonia - Midfielder,0,0,0,0,0,0,0,0,3,https://www.uefa.com/uefaeuro/history/seasons/2020/statistics/players/goals/
81,S. RistovskiNorth Macedonia - Defender,0,0,0,0,0,0,0,0,3,https://www.uefa.com/uefaeuro/history/seasons/2020/statistics/players/goals/
81,VydraCzechia - Forward,0,0,0,0,0,0,0,0,3,https://www.uefa.com/uefaeuro/history/seasons/2020/statistics/players/goals/
81,NégoHungary - Defender,0,0,0,0,0,0,0,0,3,https://www.uefa.com/uefaeuro/history/seasons/2020/statistics/players/goals/
81,HradeckyFinland - Goalkeeper,0,0,0,0,0,0,0,0,3,https://www.uefa.com/uefaeuro/history/seasons/2020/statistics/players/goals/
81,SchüllerFinland - Midfielder,0,0,0,0,0,0,0,0,3,https://www.uefa.com/uefaeuro/history/seasons/2020/statistics/players/goals/
81,KuckaSlovakia - Midfielder,0,0,0,0,0,0,0,0,3,https://www.uefa.com/uefaeuro/history/seasons/2020/statistics/players/goals/
81,Neurath BengtssonSweden - Defender,0,0,0,0,0,0,0,0,3,https://www.uefa.com/uefaeuro/history/seasons/2020/statistics/players/goals/
81,DúbravkaSlovakia - Goalkeeper,0,0,0,0,0,0,0,0,3,https://www.uefa.com/uefaeuro/history/seasons/2020/statistics/players/goals/
81,GlikPoland - Defender,0,0,0,0,0,0,0,0,3,https://www.uefa.com/uefaeuro/history/seasons/2020/statistics/players/goals/
81,SzczęsnyPoland - Goalkeeper,0,0,0,0,0,0,0,0,3,https://www.uefa.com/uefaeuro/history/seasons/2020/statistics/players/goals/
81,KaukoFinland - Midfielder,0,0,0,0,0,0,0,0,3,https://www.uefa.com/uefaeuro/history/seasons/2020/statistics/players/goals/
81,ĎurišSlovakia - Forward,0,0,0,0,0,0,0,0,3,https://www.uefa.com/uefaeuro/history/seasons/2020/statistics/players/goals/
81,MakSlovakia - Midfielder,0,0,0,0,0,0,0,0,3,https://www.uefa.com/uefaeuro/history/seasons/2020/statistics/players/goals/
81,PukkiFinland - Forward,0,0,0,0,0,0,0,0,3,https://www.uefa.com/uefaeuro/history/seasons/2020/statistics/players/goals/
81,IlsankerAustria - Midfielder,0,0,0,0,0,0,0,0,3,https://www.uefa.com/uefaeuro/history/seasons/2020/statistics/players/goals/
81,GulácsiHungary - Goalkeeper,0,0,0,0,0,0,0,0,3,https://www.uefa.com/uefaeuro/history/seasons/2020/statistics/players/goals/
81,LovrenCroatia - Defender,0,0,0,0,0,0,0,0,2,https://www.uefa.com/uefaeuro/history/seasons/2020/statistics/players/goals/
81,SparvFinland - Midfielder,0,0,0,0,0,0,0,0,2,https://www.uefa.com/uefaeuro/history/seasons/2020/statistics/players/goals/
81,KoscelníkSlovakia - Defender,0,0,0,0,0,0,0,0,2,https://www.uefa.com/uefaeuro/history/seasons/2020/statistics/players/goals/
81,KozłowskiPoland - Midfielder,0,0,0,0,0,0,0,0,2,https://www.uefa.com/uefaeuro/history/seasons/2020/statistics/players/goals/
81,MusialaGermany - Midfielder,0,0,0,0,0,0,0,0,2,https://www.uefa.com/uefaeuro/history/seasons/2020/statistics/players/goals/
81,SobolevRussia - Forward,0,0,0,0,0,0,0,0,2,https://www.uefa.com/uefaeuro/history/seasons/2020/statistics/players/goals/
81,K. VargaHungary - Midfielder,0,0,0,0,0,0,0,0,2,https://www.uefa.com/uefaeuro/history/seasons/2020/statistics/players/goals/
81,Halil DervişoğluTürkiye - Forward,0,0,0,0,0,0,0,0,2,https://www.uefa.com/uefaeuro/history/seasons/2020/statistics/players/goals/
81,SuslovSlovakia - Midfielder,0,0,0,0,0,0,0,0,2,https://www.uefa.com/uefaeuro/history/seasons/2020/statistics/players/goals/
81,DokuBelgium - Forward,0,0,0,0,0,0,0,0,2,https://www.uefa.com/uefaeuro/history/seasons/2020/statistics/players/goals/
81,GravenberchNetherlands - Midfielder,0,0,0,0,0,0,0,0,2,https://www.uefa.com/uefaeuro/history/seasons/2020/statistics/players/goals/
81,ForssFinland - Forward,0,0,0,0,0,0,0,0,2,https://www.uefa.com/uefaeuro/history/seasons/2020/statistics/players/goals/
81,Calvert-LewinEngland - Forward,0,0,0,0,0,0,0,0,2,https://www.uefa.com/uefaeuro/history/seasons/2020/statistics/players/goals/
81,FassnachtSwitzerland - Midfielder,0,0,0,0,0,0,0,0,2,https://www.uefa.com/uefaeuro/history/seasons/2020/statistics/players/goals/
81,ChurlinovNorth Macedonia - Midfielder,0,0,0,0,0,0,0,0,2,https://www.uefa.com/uefaeuro/history/seasons/2020/statistics/players/goals/
81,SchönHungary - Forward,0,0,0,0,0,0,0,0,2,https://www.uefa.com/uefaeuro/history/seasons/2020/statistics/players/goals/
81,KulusevskiSweden - Midfielder,0,0,0,0,0,0,0,0,2,https://www.uefa.com/uefaeuro/history/seasons/2020/statistics/players/goals/
81,Skov OlsenDenmark - Forward,0,0,0,0,0,0,0,0,2,https://www.uefa.com/uefaeuro/history/seasons/2020/statistics/players/goals/
81,Umut MeraşTürkiye - Defender,0,0,0,0,0,0,0,0,2,https://www.uefa.com/uefaeuro/history/seasons/2020/statistics/players/goals/
81,WijndalNetherlands - Defender,0,0,0,0,0,0,0,0,2,https://www.uefa.com/uefaeuro/history/seasons/2020/statistics/players/goals/
81,Mert MüldürTürkiye - Defender,0,0,0,0,0,0,0,0,2,https://www.uefa.com/uefaeuro/history/seasons/2020/statistics/players/goals/
81,ModerPoland - Midfielder,0,0,0,0,0,0,0,0,2,https://www.uefa.com/uefaeuro/history/seasons/2020/statistics/players/goals/
81,SafonovRussia - Goalkeeper,0,0,0,0,0,0,0,0,2,https://www.uefa.com/uefaeuro/history/seasons/2020/statistics/players/goals/
81,WindDenmark - Forward,0,0,0,0,0,0,0,0,2,https://www.uefa.com/uefaeuro/history/seasons/2020/statistics/players/goals/
81,DalotPortugal - Defender,0,0,0,0,0,0,0,0,2,https://www.uefa.com/uefaeuro/history/seasons/2020/statistics/players/goals/
81,ZakariaSwitzerland - Midfielder,0,0,0,0,0,0,0,0,2,https://www.uefa.com/uefaeuro/history/seasons/2020/statistics/players/goals/
81,JuranovićCroatia - Defender,0,0,0,0,0,0,0,0,2,https://www.uefa.com/uefaeuro/history/seasons/2020/statistics/players/goals/
81,LienhartAustria - Defender,0,0,0,0,0,0,0,0,2,https://www.uefa.com/uefaeuro/history/seasons/2020/statistics/players/goals/
81,TierneyScotland - Defender,0,0,0,0,0,0,0,0,2,https://www.uefa.com/uefaeuro/history/seasons/2020/statistics/players/goals/
81,João PalhinhaPortugal - Midfielder,0,0,0,0,0,0,0,0,2,https://www.uefa.com/uefaeuro/history/seasons/2020/statistics/players/goals/
81,DembéléFrance - Forward,0,0,0,0,0,0,0,0,2,https://www.uefa.com/uefaeuro/history/seasons/2020/statistics/players/goals/
81,F. JensenFinland - Midfielder,0,0,0,0,0,0,0,0,2,https://www.uefa.com/uefaeuro/history/seasons/2020/statistics/players/goals/
81,SowSwitzerland - Midfielder,0,0,0,0,0,0,0,0,2,https://www.uefa.com/uefaeuro/history/seasons/2020/statistics/players/goals/
81,BénesSlovakia - Midfielder,0,0,0,0,0,0,0,0,2,https://www.uefa.com/uefaeuro/history/seasons/2020/statistics/players/goals/
81,DenayerBelgium - Defender,0,0,0,0,0,0,0,0,2,https://www.uefa.com/uefaeuro/history/seasons/2020/statistics/players/goals/
81,HromadaSlovakia - Midfielder,0,0,0,0,0,0,0,0,2,https://www.uefa.com/uefaeuro/history/seasons/2020/statistics/players/goals/
81,L. HernándezFrance - Defender,0,0,0,0,0,0,0,0,2,https://www.uefa.com/uefaeuro/history/seasons/2020/statistics/players/goals/
81,Rafa SilvaPortugal - Forward,0,0,0,0,0,0,0,0,2,https://www.uefa.com/uefaeuro/history/seasons/2020/statistics/players/goals/
81,MakarenkoUkraine - Midfielder,0,0,0,0,0,0,0,0,2,https://www.uefa.com/uefaeuro/history/seasons/2020/statistics/players/goals/
81,ZhemaletdinovRussia - Midfielder,0,0,0,0,0,0,0,0,2,https://www.uefa.com/uefaeuro/history/seasons/2020/statistics/players/goals/
81,BarinovRussia - Midfielder,0,0,0,0,0,0,0,0,2,https://www.uefa.com/uefaeuro/history/seasons/2020/statistics/players/goals/
81,Ćaleta-CarCroatia - Defender,0,0,0,0,0,0,0,0,2,https://www.uefa.com/uefaeuro/history/seasons/2020/statistics/players/goals/
81,FraserScotland - Midfielder,0,0,0,0,0,0,0,0,2,https://www.uefa.com/uefaeuro/history/seasons/2020/statistics/players/goals/
81,KostadinovNorth Macedonia - Midfielder,0,0,0,0,0,0,0,0,2,https://www.uefa.com/uefaeuro/history/seasons/2020/statistics/players/goals/
81,ComanFrance - Forward,0,0,0,0,0,0,0,0,2,https://www.uefa.com/uefaeuro/history/seasons/2020/statistics/players/goals/
81,SchöpfAustria - Midfielder,0,0,0,0,0,0,0,0,2,https://www.uefa.com/uefaeuro/history/seasons/2020/statistics/players/goals/
81,MarlosUkraine - Midfielder,0,0,0,0,0,0,0,0,2,https://www.uefa.com/uefaeuro/history/seasons/2020/statistics/players/goals/
81,HrošovskýSlovakia - Midfielder,0,0,0,0,0,0,0,0,2,https://www.uefa.com/uefaeuro/history/seasons/2020/statistics/players/goals/
81,PromesNetherlands - Forward,0,0,0,0,0,0,0,0,2,https://www.uefa.com/uefaeuro/history/seasons/2020/statistics/players/goals/
81,AkéNetherlands - Defender,0,0,0,0,0,0,0,0,2,https://www.uefa.com/uefaeuro/history/seasons/2020/statistics/players/goals/
81,FlorenziItaly - Defender,0,0,0,0,0,0,0,0,2,https://www.uefa.com/uefaeuro/history/seasons/2020/statistics/players/goals/
81,VollandGermany - Forward,0,0,0,0,0,0,0,0,2,https://www.uefa.com/uefaeuro/history/seasons/2020/statistics/players/goals/
81,PraetBelgium - Midfielder,0,0,0,0,0,0,0,0,2,https://www.uefa.com/uefaeuro/history/seasons/2020/statistics/players/goals/
81,ChadliBelgium - Midfielder,0,0,0,0,0,0,0,0,2,https://www.uefa.com/uefaeuro/history/seasons/2020/statistics/players/goals/
81,GiroudFrance - Forward,0,0,0,0,0,0,0,0,2,https://www.uefa.com/uefaeuro/history/seasons/2020/statistics/players/goals/
81,NikolićHungary - Forward,0,0,0,0,0,0,0,0,2,https://www.uefa.com/uefaeuro/history/seasons/2020/statistics/players/goals/
81,BerghuisNetherlands - Forward,0,0,0,0,0,0,0,0,2,https://www.uefa.com/uefaeuro/history/seasons/2020/statistics/players/goals/
81,DigneFrance - Defender,0,0,0,0,0,0,0,0,2,https://www.uefa.com/uefaeuro/history/seasons/2020/statistics/players/goals/
81,L. de JongNetherlands - Forward,0,0,0,0,0,0,0,0,2,https://www.uefa.com/uefaeuro/history/seasons/2020/statistics/players/goals/
81,BoyataBelgium - Defender,0,0,0,0,0,0,0,0,2,https://www.uefa.com/uefaeuro/history/seasons/2020/statistics/players/goals/
81,Sérgio OliveiraPortugal - Midfielder,0,0,0,0,0,0,0,0,2,https://www.uefa.com/uefaeuro/history/seasons/2020/statistics/players/goals/
81,William CarvalhoPortugal - Midfielder,0,0,0,0,0,0,0,0,2,https://www.uefa.com/uefaeuro/history/seasons/2020/statistics/players/goals/
81,VrsaljkoCroatia - Defender,0,0,0,0,0,0,0,0,2,https://www.uefa.com/uefaeuro/history/seasons/2020/statistics/players/goals/
81,MehmediSwitzerland - Forward,0,0,0,0,0,0,0,0,2,https://www.uefa.com/uefaeuro/history/seasons/2020/statistics/players/goals/
81,StepanenkoUkraine - Midfielder,0,0,0,0,0,0,0,0,2,https://www.uefa.com/uefaeuro/history/seasons/2020/statistics/players/goals/
81,KryvtsovUkraine - Defender,0,0,0,0,0,0,0,0,2,https://www.uefa.com/uefaeuro/history/seasons/2020/statistics/players/goals/
81,SissokoFrance - Midfielder,0,0,0,0,0,0,0,0,2,https://www.uefa.com/uefaeuro/history/seasons/2020/statistics/players/goals/
81,WeissSlovakia - Midfielder,0,0,0,0,0,0,0,0,2,https://www.uefa.com/uefaeuro/history/seasons/2020/statistics/players/goals/
81,KrychowiakPoland - Midfielder,0,0,0,0,0,0,0,0,2,https://www.uefa.com/uefaeuro/history/seasons/2020/statistics/players/goals/
81,UlmerAustria - Defender,0,0,0,0,0,0,0,0,2,https://www.uefa.com/uefaeuro/history/seasons/2020/statistics/players/goals/
81,SvenssonSweden - Midfielder,0,0,0,0,0,0,0,0,1,https://www.uefa.com/uefaeuro/history/seasons/2020/statistics/players/goals/
81,BaumgartlingerAustria - Midfielder,0,0,0,0,0,0,0,0,1,https://www.uefa.com/uefaeuro/history/seasons/2020/statistics/players/goals/
81,ZhirkovRussia - Midfielder,0,0,0,0,0,0,0,0,1,https://www.uefa.com/uefaeuro/history/seasons/2020/statistics/players/goals/
81,CseriHungary - Midfielder,0,0,0,0,0,0,0,0,1,https://www.uefa.com/uefaeuro/history/seasons/2020/statistics/players/goals/
81,CastrovilliItaly - Midfielder,0,0,0,0,0,0,0,0,1,https://www.uefa.com/uefaeuro/history/seasons/2020/statistics/players/goals/
81,CajusteSweden - Midfielder,0,0,0,0,0,0,0,0,1,https://www.uefa.com/uefaeuro/history/seasons/2020/statistics/players/goals/
81,HendryScotland - Defender,0,0,0,0,0,0,0,0,1,https://www.uefa.com/uefaeuro/history/seasons/2020/statistics/players/goals/
81,StojanovskiNorth Macedonia - Forward,0,0,0,0,0,0,0,0,1,https://www.uefa.com/uefaeuro/history/seasons/2020/statistics/players/goals/
81,Orkun KökçüTürkiye - Midfielder,0,0,0,0,0,0,0,0,1,https://www.uefa.com/uefaeuro/history/seasons/2020/statistics/players/goals/
81,Dorukhan ToközTürkiye - Midfielder,0,0,0,0,0,0,0,0,1,https://www.uefa.com/uefaeuro/history/seasons/2020/statistics/players/goals/
81,JamesEngland - Defender,0,0,0,0,0,0,0,0,1,https://www.uefa.com/uefaeuro/history/seasons/2020/statistics/players/goals/
81,PłachetaPoland - Midfielder,0,0,0,0,0,0,0,0,1,https://www.uefa.com/uefaeuro/history/seasons/2020/statistics/players/goals/
81,PattersonScotland - Defender,0,0,0,0,0,0,0,0,1,https://www.uefa.com/uefaeuro/history/seasons/2020/statistics/players/goals/
81,GilmourScotland - Midfielder,0,0,0,0,0,0,0,0,1,https://www.uefa.com/uefaeuro/history/seasons/2020/statistics/players/goals/
81,RaspadoriItaly - Forward,0,0,0,0,0,0,0,0,1,https://www.uefa.com/uefaeuro/history/seasons/2020/statistics/players/goals/
81,LevittWales - Midfielder,0,0,0,0,0,0,0,0,1,https://www.uefa.com/uefaeuro/history/seasons/2020/statistics/players/goals/
81,João FélixPortugal - Forward,0,0,0,0,0,0,0,0,1,https://www.uefa.com/uefaeuro/history/seasons/2020/statistics/players/goals/
81,GakpoNetherlands - Forward,0,0,0,0,0,0,0,0,1,https://www.uefa.com/uefaeuro/history/seasons/2020/statistics/players/goals/
81,KoundéFrance - Defender,0,0,0,0,0,0,0,0,1,https://www.uefa.com/uefaeuro/history/seasons/2020/statistics/players/goals/
81,HanckoSlovakia - Defender,0,0,0,0,0,0,0,0,1,https://www.uefa.com/uefaeuro/history/seasons/2020/statistics/players/goals/
81,BastoniItaly - Defender,0,0,0,0,0,0,0,0,1,https://www.uefa.com/uefaeuro/history/seasons/2020/statistics/players/goals/
81,LappalainenFinland - Forward,0,0,0,0,0,0,0,0,1,https://www.uefa.com/uefaeuro/history/seasons/2020/statistics/players/goals/
81,L. VäisänenFinland - Defender,0,0,0,0,0,0,0,0,1,https://www.uefa.com/uefaeuro/history/seasons/2020/statistics/players/goals/
81,BarišićCroatia - Defender,0,0,0,0,0,0,0,0,1,https://www.uefa.com/uefaeuro/history/seasons/2020/statistics/players/goals/
81,T. RobertsWales - Forward,0,0,0,0,0,0,0,0,1,https://www.uefa.com/uefaeuro/history/seasons/2020/statistics/players/goals/
81,M. SadílekCzechia - Midfielder,0,0,0,0,0,0,0,0,1,https://www.uefa.com/uefaeuro/history/seasons/2020/statistics/players/goals/
81,ChristieScotland - Forward,0,0,0,0,0,0,0,0,1,https://www.uefa.com/uefaeuro/history/seasons/2020/statistics/players/goals/
81,OnisiwoAustria - Midfielder,0,0,0,0,0,0,0,0,1,https://www.uefa.com/uefaeuro/history/seasons/2020/statistics/players/goals/
81,M. RistovskiNorth Macedonia - Forward,0,0,0,0,0,0,0,0,1,https://www.uefa.com/uefaeuro/history/seasons/2020/statistics/players/goals/
81,DawidowiczPoland - Midfielder,0,0,0,0,0,0,0,0,1,https://www.uefa.com/uefaeuro/history/seasons/2020/statistics/players/goals/
81,SemenovRussia - Defender,0,0,0,0,0,0,0,0,1,https://www.uefa.com/uefaeuro/history/seasons/2020/statistics/players/goals/
81,M. ThuramFrance - Forward,0,0,0,0,0,0,0,0,1,https://www.uefa.com/uefaeuro/history/seasons/2020/statistics/players/goals/
81,McKennaScotland - Defender,0,0,0,0,0,0,0,0,1,https://www.uefa.com/uefaeuro/history/seasons/2020/statistics/players/goals/
81,ZubkovUkraine - Midfielder,0,0,0,0,0,0,0,0,1,https://www.uefa.com/uefaeuro/history/seasons/2020/statistics/players/goals/
81,VanakenBelgium - Midfielder,0,0,0,0,0,0,0,0,1,https://www.uefa.com/uefaeuro/history/seasons/2020/statistics/players/goals/
81,CastagneBelgium - Defender,0,0,0,0,0,0,0,0,1,https://www.uefa.com/uefaeuro/history/seasons/2020/statistics/players/goals/
81,HalstenbergGermany - Defender,0,0,0,0,0,0,0,0,1,https://www.uefa.com/uefaeuro/history/seasons/2020/statistics/players/goals/
81,TraoréSpain - Forward,0,0,0,0,0,0,0,0,1,https://www.uefa.com/uefaeuro/history/seasons/2020/statistics/players/goals/
81,BejtulaiNorth Macedonia - Defender,0,0,0,0,0,0,0,0,1,https://www.uefa.com/uefaeuro/history/seasons/2020/statistics/players/goals/
81,LobotkaSlovakia - Midfielder,0,0,0,0,0,0,0,0,1,https://www.uefa.com/uefaeuro/history/seasons/2020/statistics/players/goals/
81,Rúben NevesPortugal - Midfielder,0,0,0,0,0,0,0,0,1,https://www.uefa.com/uefaeuro/history/seasons/2020/statistics/players/goals/
81,BudimirCroatia - Midfielder,0,0,0,0,0,0,0,0,1,https://www.uefa.com/uefaeuro/history/seasons/2020/statistics/players/goals/
81,LázaroAustria - Midfielder,0,0,0,0,0,0,0,0,1,https://www.uefa.com/uefaeuro/history/seasons/2020/statistics/players/goals/
81,SoiriFinland - Midfielder,0,0,0,0,0,0,0,0,1,https://www.uefa.com/uefaeuro/history/seasons/2020/statistics/players/goals/
81,ŚwierczokPoland - Forward,0,0,0,0,0,0,0,0,1,https://www.uefa.com/uefaeuro/history/seasons/2020/statistics/players/goals/
81,GayàSpain - Defender,0,0,0,0,0,0,0,0,1,https://www.uefa.com/uefaeuro/history/seasons/2020/statistics/players/goals/
81,LengletFrance - Defender,0,0,0,0,0,0,0,0,1,https://www.uefa.com/uefaeuro/history/seasons/2020/statistics/players/goals/
81,LemarFrance - Midfielder,0,0,0,0,0,0,0,0,1,https://www.uefa.com/uefaeuro/history/seasons/2020/statistics/players/goals/
81,SobolUkraine - Defender,0,0,0,0,0,0,0,0,1,https://www.uefa.com/uefaeuro/history/seasons/2020/statistics/players/goals/
81,SüleGermany - Defender,0,0,0,0,0,0,0,0,1,https://www.uefa.com/uefaeuro/history/seasons/2020/statistics/players/goals/
81,CheryshevRussia - Midfielder,0,0,0,0,0,0,0,0,1,https://www.uefa.com/uefaeuro/history/seasons/2020/statistics/players/goals/
81,BatshuayiBelgium - Forward,0,0,0,0,0,0,0,0,1,https://www.uefa.com/uefaeuro/history/seasons/2020/statistics/players/goals/
81,HelanderSweden - Defender,0,0,0,0,0,0,0,0,1,https://www.uefa.com/uefaeuro/history/seasons/2020/statistics/players/goals/
81,AvramovskiNorth Macedonia - Forward,0,0,0,0,0,0,0,0,1,https://www.uefa.com/uefaeuro/history/seasons/2020/statistics/players/goals/
81,SigérHungary - Midfielder,0,0,0,0,0,0,0,0,1,https://www.uefa.com/uefaeuro/history/seasons/2020/statistics/players/goals/
81,SchaubAustria - Midfielder,0,0,0,0,0,0,0,0,1,https://www.uefa.com/uefaeuro/history/seasons/2020/statistics/players/goals/
81,TrossardBelgium - Midfielder,0,0,0,0,0,0,0,0,1,https://www.uefa.com/uefaeuro/history/seasons/2020/statistics/players/goals/
81,HasaniNorth Macedonia - Midfielder,0,0,0,0,0,0,0,0,1,https://www.uefa.com/uefaeuro/history/seasons/2020/statistics/players/goals/
81,BenitoSwitzerland - Defender,0,0,0,0,0,0,0,0,1,https://www.uefa.com/uefaeuro/history/seasons/2020/statistics/players/goals/
81,BrabecCzechia - Defender,0,0,0,0,0,0,0,0,1,https://www.uefa.com/uefaeuro/history/seasons/2020/statistics/players/goals/
81,TrimmelAustria - Defender,0,0,0,0,0,0,0,0,1,https://www.uefa.com/uefaeuro/history/seasons/2020/statistics/players/goals/
81,BezusUkraine - Forward,0,0,0,0,0,0,0,0,1,https://www.uefa.com/uefaeuro/history/seasons/2020/statistics/players/goals/
81,AlhoFinland - Midfielder,0,0,0,0,0,0,0,0,1,https://www.uefa.com/uefaeuro/history/seasons/2020/statistics/players/goals/
81,VeltmanNetherlands - Defender,0,0,0,0,0,0,0,0,1,https://www.uefa.com/uefaeuro/history/seasons/2020/statistics/players/goals/
81,KadeřábekCzechia - Defender,0,0,0,0,0,0,0,0,1,https://www.uefa.com/uefaeuro/history/seasons/2020/statistics/players/goals/
81,ForrestScotland - Midfielder,0,0,0,0,0,0,0,0,1,https://www.uefa.com/uefaeuro/history/seasons/2020/statistics/players/goals/
81,CooperScotland - Defender,0,0,0,0,0,0,0,0,1,https://www.uefa.com/uefaeuro/history/seasons/2020/statistics/players/goals/
81,GregušSlovakia - Midfielder,0,0,0,0,0,0,0,0,1,https://www.uefa.com/uefaeuro/history/seasons/2020/statistics/players/goals/
81,ShuninRussia - Goalkeeper,0,0,0,0,0,0,0,0,1,https://www.uefa.com/uefaeuro/history/seasons/2020/statistics/players/goals/
81,EriksenDenmark - Midfielder,0,0,0,0,0,0,0,0,1,https://www.uefa.com/uefaeuro/history/seasons/2020/statistics/players/goals/
81,BoilesenDenmark - Defender,0,0,0,0,0,0,0,0,1,https://www.uefa.com/uefaeuro/history/seasons/2020/statistics/players/goals/
81,BentekeBelgium - Forward,0,0,0,0,0,0,0,0,1,https://www.uefa.com/uefaeuro/history/seasons/2020/statistics/players/goals/
81,KudryashovRussia - Defender,0,0,0,0,0,0,0,0,1,https://www.uefa.com/uefaeuro/history/seasons/2020/statistics/players/goals/
81,SpirovskiNorth Macedonia - Midfielder,0,0,0,0,0,0,0,0,1,https://www.uefa.com/uefaeuro/history/seasons/2020/statistics/players/goals/
81,RistevskiNorth Macedonia - Defender,0,0,0,0,0,0,0,0,1,https://www.uefa.com/uefaeuro/history/seasons/2020/statistics/players/goals/
81,R. VargaHungary - Midfielder,0,0,0,0,0,0,0,0,1,https://www.uefa.com/uefaeuro/history/seasons/2020/statistics/players/goals/
81,SiriguItaly - Goalkeeper,0,0,0,0,0,0,0,0,1,https://www.uefa.com/uefaeuro/history/seasons/2020/statistics/players/goals/
81,RybusPoland - Defender,0,0,0,0,0,0,0,0,1,https://www.uefa.com/uefaeuro/history/seasons/2020/statistics/players/goals/
81,PekhartCzechia - Forward,0,0,0,0,0,0,0,0,1,https://www.uefa.com/uefaeuro/history/seasons/2020/statistics/players/goals/
81,GunterWales - Defender,0,0,0,0,0,0,0,0,1,https://www.uefa.com/uefaeuro/history/seasons/2020/statistics/players/goals/
81,MeretItaly - Goalkeeper,-,-,-,-,-,-,-,-,-,https://www.uefa.com/uefaeuro/history/seasons/2020/statistics/players/goals/
