rank,identifier,goals,goals_scored_with_right,goals_scored_with_left,goals_scored_head,goals_scored_other,goals_scored_inside_penalty_area,goals_scored_outside_penalty_area,penalty_scored,matches_appearance,url
01,KluivertNetherlands,5,5,-,-,-,-,-,-,5,https://www.uefa.com/uefaeuro/history/seasons/2000/statistics/players/goals/
01,MiloševićSerbia,5,5,-,-,-,-,-,-,4,https://www.uefa.com/uefaeuro/history/seasons/2000/statistics/players/goals/
03,Nuno GomesPortugal,4,4,-,-,-,-,-,-,5,https://www.uefa.com/uefaeuro/history/seasons/2000/statistics/players/goals/
04,HenryFrance - Forward,3,3,-,-,-,-,-,-,5,https://www.uefa.com/uefaeuro/history/seasons/2000/statistics/players/goals/
04,Sérgio ConceiçãoPortugal,3,3,-,-,-,-,-,-,5,https://www.uefa.com/uefaeuro/history/seasons/2000/statistics/players/goals/
04,ZahovičSlovenia,3,3,-,-,-,-,-,-,3,https://www.uefa.com/uefaeuro/history/seasons/2000/statistics/players/goals/
07,DjorkaeffFrance - Midfielder,2,2,-,-,-,-,-,-,5,https://www.uefa.com/uefaeuro/history/seasons/2000/statistics/players/goals/
07,WiltordFrance - Forward,2,2,-,-,-,-,-,-,5,https://www.uefa.com/uefaeuro/history/seasons/2000/statistics/players/goals/
07,ZendenNetherlands,2,2,-,-,-,-,-,-,5,https://www.uefa.com/uefaeuro/history/seasons/2000/statistics/players/goals/
07,TottiItaly - Forward,2,2,-,-,-,-,-,-,5,https://www.uefa.com/uefaeuro/history/seasons/2000/statistics/players/goals/
07,OvermarsNetherlands - Forward,2,2,-,-,-,-,-,-,5,https://www.uefa.com/uefaeuro/history/seasons/2000/statistics/players/goals/
07,Alfonso PérezSpain - Forward,2,2,-,-,-,-,-,-,4,https://www.uefa.com/uefaeuro/history/seasons/2000/statistics/players/goals/
07,Hakan ŞükürTürkiye - Forward,2,2,-,-,-,-,-,-,4,https://www.uefa.com/uefaeuro/history/seasons/2000/statistics/players/goals/
07,ŠmicerCzechia - Midfielder,2,2,-,-,-,-,-,-,3,https://www.uefa.com/uefaeuro/history/seasons/2000/statistics/players/goals/
07,TrezeguetFrance - Forward,2,2,-,-,-,-,-,-,3,https://www.uefa.com/uefaeuro/history/seasons/2000/statistics/players/goals/
07,F. de BoerNetherlands,2,1,-,-,-,-,-,1,5,https://www.uefa.com/uefaeuro/history/seasons/2000/statistics/players/goals/
07,ZidaneFrance,2,1,-,-,-,-,-,1,5,https://www.uefa.com/uefaeuro/history/seasons/2000/statistics/players/goals/
07,F. InzaghiItaly - Forward,2,1,-,-,-,-,-,1,4,https://www.uefa.com/uefaeuro/history/seasons/2000/statistics/players/goals/
07,ShearerEngland - Forward,2,1,-,-,-,-,-,1,3,https://www.uefa.com/uefaeuro/history/seasons/2000/statistics/players/goals/
07,MendietaSpain - Midfielder,2,-,-,-,-,-,-,2,4,https://www.uefa.com/uefaeuro/history/seasons/2000/statistics/players/goals/
21,FioreItaly - Midfielder,1,1,-,-,-,-,-,-,6,https://www.uefa.com/uefaeuro/history/seasons/2000/statistics/players/goals/
21,Del PieroItaly - Forward,1,1,-,-,-,-,-,-,6,https://www.uefa.com/uefaeuro/history/seasons/2000/statistics/players/goals/
21,BlancFrance - Defender,1,1,-,-,-,-,-,-,5,https://www.uefa.com/uefaeuro/history/seasons/2000/statistics/players/goals/
21,Okan BurukTürkiye - Midfielder,1,1,-,-,-,-,-,-,4,https://www.uefa.com/uefaeuro/history/seasons/2000/statistics/players/goals/
21,DrulovićSerbia - Forward,1,1,-,-,-,-,-,-,4,https://www.uefa.com/uefaeuro/history/seasons/2000/statistics/players/goals/
21,DugarryFrance - Forward,1,1,-,-,-,-,-,-,4,https://www.uefa.com/uefaeuro/history/seasons/2000/statistics/players/goals/
21,V MoldovanRomania - Forward,1,1,-,-,-,-,-,-,4,https://www.uefa.com/uefaeuro/history/seasons/2000/statistics/players/goals/
21,João PintoPortugal - Midfielder,1,1,-,-,-,-,-,-,4,https://www.uefa.com/uefaeuro/history/seasons/2000/statistics/players/goals/
21,D MunteanuRomania,1,1,-,-,-,-,-,-,4,https://www.uefa.com/uefaeuro/history/seasons/2000/statistics/players/goals/
21,ChivuRomania,1,1,-,-,-,-,-,-,4,https://www.uefa.com/uefaeuro/history/seasons/2000/statistics/players/goals/
21,CostinhaPortugal,1,1,-,-,-,-,-,-,4,https://www.uefa.com/uefaeuro/history/seasons/2000/statistics/players/goals/
21,Luís FigoPortugal - Midfielder,1,1,-,-,-,-,-,-,4,https://www.uefa.com/uefaeuro/history/seasons/2000/statistics/players/goals/
21,Di BiagioItaly - Midfielder,1,1,-,-,-,-,-,-,4,https://www.uefa.com/uefaeuro/history/seasons/2000/statistics/players/goals/
21,Raúl GonzálezSpain,1,1,-,-,-,-,-,-,4,https://www.uefa.com/uefaeuro/history/seasons/2000/statistics/players/goals/
21,EtxeberriaSpain,1,1,-,-,-,-,-,-,4,https://www.uefa.com/uefaeuro/history/seasons/2000/statistics/players/goals/
21,GovedaricaSerbia - Midfielder,1,1,-,-,-,-,-,-,3,https://www.uefa.com/uefaeuro/history/seasons/2000/statistics/players/goals/
21,GoorBelgium - Midfielder,1,1,-,-,-,-,-,-,3,https://www.uefa.com/uefaeuro/history/seasons/2000/statistics/players/goals/
21,Emile MpenzaBelgium - Forward,1,1,-,-,-,-,-,-,3,https://www.uefa.com/uefaeuro/history/seasons/2000/statistics/players/goals/
21,OwenEngland - Forward,1,1,-,-,-,-,-,-,3,https://www.uefa.com/uefaeuro/history/seasons/2000/statistics/players/goals/
21,IversenNorway - Forward,1,1,-,-,-,-,-,-,3,https://www.uefa.com/uefaeuro/history/seasons/2000/statistics/players/goals/
21,PavlinSlovenia - Midfielder,1,1,-,-,-,-,-,-,3,https://www.uefa.com/uefaeuro/history/seasons/2000/statistics/players/goals/
21,DelvecchioItaly - Forward,1,1,-,-,-,-,-,-,3,https://www.uefa.com/uefaeuro/history/seasons/2000/statistics/players/goals/
21,LarssonSweden,1,1,-,-,-,-,-,-,3,https://www.uefa.com/uefaeuro/history/seasons/2000/statistics/players/goals/
21,ConteItaly,1,1,-,-,-,-,-,-,3,https://www.uefa.com/uefaeuro/history/seasons/2000/statistics/players/goals/
21,MjällbySweden - Midfielder,1,1,-,-,-,-,-,-,3,https://www.uefa.com/uefaeuro/history/seasons/2000/statistics/players/goals/
21,ScholesEngland - Midfielder,1,1,-,-,-,-,-,-,3,https://www.uefa.com/uefaeuro/history/seasons/2000/statistics/players/goals/
21,KomljenovićSerbia - Defender,1,1,-,-,-,-,-,-,3,https://www.uefa.com/uefaeuro/history/seasons/2000/statistics/players/goals/
21,SchollGermany - Midfielder,1,1,-,-,-,-,-,-,3,https://www.uefa.com/uefaeuro/history/seasons/2000/statistics/players/goals/
21,R. de BoerNetherlands,1,1,-,-,-,-,-,-,3,https://www.uefa.com/uefaeuro/history/seasons/2000/statistics/players/goals/
21,MunitisSpain - Forward,1,1,-,-,-,-,-,-,2,https://www.uefa.com/uefaeuro/history/seasons/2000/statistics/players/goals/
21,McManamanEngland - Midfielder,1,1,-,-,-,-,-,-,1,https://www.uefa.com/uefaeuro/history/seasons/2000/statistics/players/goals/
21,I GaneaRomania - Forward,1,-,-,-,-,-,-,1,3,https://www.uefa.com/uefaeuro/history/seasons/2000/statistics/players/goals/
21,PoborskýCzechia - Midfielder,1,-,-,-,-,-,-,1,3,https://www.uefa.com/uefaeuro/history/seasons/2000/statistics/players/goals/
54,DeschampsFrance,-,-,-,-,-,-,-,-,6,https://www.uefa.com/uefaeuro/history/seasons/2000/statistics/players/goals/
54,MaldiniItaly - Defender,-,-,-,-,-,-,-,-,6,https://www.uefa.com/uefaeuro/history/seasons/2000/statistics/players/goals/
54,VieiraFrance,-,-,-,-,-,-,-,-,6,https://www.uefa.com/uefaeuro/history/seasons/2000/statistics/players/goals/
54,ToldoItaly - Goalkeeper,-,-,-,-,-,-,-,-,6,https://www.uefa.com/uefaeuro/history/seasons/2000/statistics/players/goals/
54,NestaItaly - Defender,-,-,-,-,-,-,-,-,6,https://www.uefa.com/uefaeuro/history/seasons/2000/statistics/players/goals/
54,IulianoItaly - Defender,-,-,-,-,-,-,-,-,6,https://www.uefa.com/uefaeuro/history/seasons/2000/statistics/players/goals/
54,DesaillyFrance - Defender,-,-,-,-,-,-,-,-,6,https://www.uefa.com/uefaeuro/history/seasons/2000/statistics/players/goals/
54,CannavaroItaly - Defender,-,-,-,-,-,-,-,-,6,https://www.uefa.com/uefaeuro/history/seasons/2000/statistics/players/goals/
54,Jorge CostaPortugal - Defender,-,-,-,-,-,-,-,-,5,https://www.uefa.com/uefaeuro/history/seasons/2000/statistics/players/goals/
54,DavidsNetherlands - Midfielder,-,-,-,-,-,-,-,-,5,https://www.uefa.com/uefaeuro/history/seasons/2000/statistics/players/goals/
54,AlbertiniItaly - Midfielder,-,-,-,-,-,-,-,-,5,https://www.uefa.com/uefaeuro/history/seasons/2000/statistics/players/goals/
54,ThuramFrance - Defender,-,-,-,-,-,-,-,-,5,https://www.uefa.com/uefaeuro/history/seasons/2000/statistics/players/goals/
54,Fernando CoutoPortugal - Defender,-,-,-,-,-,-,-,-,5,https://www.uefa.com/uefaeuro/history/seasons/2000/statistics/players/goals/
54,PessottoItaly,-,-,-,-,-,-,-,-,5,https://www.uefa.com/uefaeuro/history/seasons/2000/statistics/players/goals/
54,AnelkaFrance - Forward,-,-,-,-,-,-,-,-,5,https://www.uefa.com/uefaeuro/history/seasons/2000/statistics/players/goals/
54,BarthezFrance - Goalkeeper,-,-,-,-,-,-,-,-,5,https://www.uefa.com/uefaeuro/history/seasons/2000/statistics/players/goals/
54,BergkampNetherlands,-,-,-,-,-,-,-,-,5,https://www.uefa.com/uefaeuro/history/seasons/2000/statistics/players/goals/
54,CocuNetherlands,-,-,-,-,-,-,-,-,5,https://www.uefa.com/uefaeuro/history/seasons/2000/statistics/players/goals/
54,DimasPortugal - Defender,-,-,-,-,-,-,-,-,4,https://www.uefa.com/uefaeuro/history/seasons/2000/statistics/players/goals/
54,FilipescuRomania - Defender,-,-,-,-,-,-,-,-,4,https://www.uefa.com/uefaeuro/history/seasons/2000/statistics/players/goals/
54,KraljSerbia,-,-,-,-,-,-,-,-,4,https://www.uefa.com/uefaeuro/history/seasons/2000/statistics/players/goals/
54,DjukićSerbia,-,-,-,-,-,-,-,-,4,https://www.uefa.com/uefaeuro/history/seasons/2000/statistics/players/goals/
54,JugovićSerbia - Midfielder,-,-,-,-,-,-,-,-,4,https://www.uefa.com/uefaeuro/history/seasons/2000/statistics/players/goals/
54,MijatovićSerbia - Forward,-,-,-,-,-,-,-,-,4,https://www.uefa.com/uefaeuro/history/seasons/2000/statistics/players/goals/
54,Iván HelgueraSpain - Defender,-,-,-,-,-,-,-,-,4,https://www.uefa.com/uefaeuro/history/seasons/2000/statistics/players/goals/
54,ZambrottaItaly - Defender,-,-,-,-,-,-,-,-,4,https://www.uefa.com/uefaeuro/history/seasons/2000/statistics/players/goals/
54,Vítor BaíaPortugal,-,-,-,-,-,-,-,-,4,https://www.uefa.com/uefaeuro/history/seasons/2000/statistics/players/goals/
54,UrzaizSpain - Forward,-,-,-,-,-,-,-,-,4,https://www.uefa.com/uefaeuro/history/seasons/2000/statistics/players/goals/
54,LizarazuFrance - Defender,-,-,-,-,-,-,-,-,4,https://www.uefa.com/uefaeuro/history/seasons/2000/statistics/players/goals/
54,StojkovićSerbia - Midfielder,-,-,-,-,-,-,-,-,4,https://www.uefa.com/uefaeuro/history/seasons/2000/statistics/players/goals/
54,Fatih AkyelTürkiye - Defender,-,-,-,-,-,-,-,-,4,https://www.uefa.com/uefaeuro/history/seasons/2000/statistics/players/goals/
54,KorkutTürkiye - Midfielder,-,-,-,-,-,-,-,-,4,https://www.uefa.com/uefaeuro/history/seasons/2000/statistics/players/goals/
54,VidigalPortugal - Midfielder,-,-,-,-,-,-,-,-,4,https://www.uefa.com/uefaeuro/history/seasons/2000/statistics/players/goals/
54,Míchel SalgadoSpain - Defender,-,-,-,-,-,-,-,-,4,https://www.uefa.com/uefaeuro/history/seasons/2000/statistics/players/goals/
54,StamNetherlands - Defender,-,-,-,-,-,-,-,-,4,https://www.uefa.com/uefaeuro/history/seasons/2000/statistics/players/goals/
54,SteleaRomania - Goalkeeper,-,-,-,-,-,-,-,-,4,https://www.uefa.com/uefaeuro/history/seasons/2000/statistics/players/goals/
54,Alpay ÖzalanTürkiye - Defender,-,-,-,-,-,-,-,-,4,https://www.uefa.com/uefaeuro/history/seasons/2000/statistics/players/goals/
54,Rüştü ReçberTürkiye - Goalkeeper,-,-,-,-,-,-,-,-,4,https://www.uefa.com/uefaeuro/history/seasons/2000/statistics/players/goals/
54,GuardiolaSpain,-,-,-,-,-,-,-,-,4,https://www.uefa.com/uefaeuro/history/seasons/2000/statistics/players/goals/
54,Van der SarNetherlands - Goalkeeper,-,-,-,-,-,-,-,-,4,https://www.uefa.com/uefaeuro/history/seasons/2000/statistics/players/goals/
54,Arif ErdemTürkiye - Forward,-,-,-,-,-,-,-,-,4,https://www.uefa.com/uefaeuro/history/seasons/2000/statistics/players/goals/
54,GâlcăRomania,-,-,-,-,-,-,-,-,4,https://www.uefa.com/uefaeuro/history/seasons/2000/statistics/players/goals/
54,Paulo BentoPortugal,-,-,-,-,-,-,-,-,4,https://www.uefa.com/uefaeuro/history/seasons/2000/statistics/players/goals/
54,Rui CostaPortugal,-,-,-,-,-,-,-,-,4,https://www.uefa.com/uefaeuro/history/seasons/2000/statistics/players/goals/
54,TemizkanoğluTürkiye - Defender,-,-,-,-,-,-,-,-,4,https://www.uefa.com/uefaeuro/history/seasons/2000/statistics/players/goals/
54,KahnGermany,-,-,-,-,-,-,-,-,3,https://www.uefa.com/uefaeuro/history/seasons/2000/statistics/players/goals/
54,NowotnyGermany - Defender,-,-,-,-,-,-,-,-,3,https://www.uefa.com/uefaeuro/history/seasons/2000/statistics/players/goals/
54,MyhreNorway - Goalkeeper,-,-,-,-,-,-,-,-,3,https://www.uefa.com/uefaeuro/history/seasons/2000/statistics/players/goals/
54,InceEngland - Midfielder,-,-,-,-,-,-,-,-,3,https://www.uefa.com/uefaeuro/history/seasons/2000/statistics/players/goals/
54,BragstadNorway - Defender,-,-,-,-,-,-,-,-,3,https://www.uefa.com/uefaeuro/history/seasons/2000/statistics/players/goals/
54,AlexanderssonSweden - Midfielder,-,-,-,-,-,-,-,-,3,https://www.uefa.com/uefaeuro/history/seasons/2000/statistics/players/goals/
54,SrníčekCzechia,-,-,-,-,-,-,-,-,3,https://www.uefa.com/uefaeuro/history/seasons/2000/statistics/players/goals/
54,JokanovićSerbia,-,-,-,-,-,-,-,-,3,https://www.uefa.com/uefaeuro/history/seasons/2000/statistics/players/goals/
54,StaelensBelgium - Defender,-,-,-,-,-,-,-,-,3,https://www.uefa.com/uefaeuro/history/seasons/2000/statistics/players/goals/
54,PetitFrance - Midfielder,-,-,-,-,-,-,-,-,3,https://www.uefa.com/uefaeuro/history/seasons/2000/statistics/players/goals/
54,CañizaresSpain - Goalkeeper,-,-,-,-,-,-,-,-,3,https://www.uefa.com/uefaeuro/history/seasons/2000/statistics/players/goals/
54,AnderssonSweden - Forward,-,-,-,-,-,-,-,-,3,https://www.uefa.com/uefaeuro/history/seasons/2000/statistics/players/goals/
54,HenriksenDenmark - Defender,-,-,-,-,-,-,-,-,3,https://www.uefa.com/uefaeuro/history/seasons/2000/statistics/players/goals/
54,RinkGermany - Forward,-,-,-,-,-,-,-,-,3,https://www.uefa.com/uefaeuro/history/seasons/2000/statistics/players/goals/
54,StruparBelgium - Forward,-,-,-,-,-,-,-,-,3,https://www.uefa.com/uefaeuro/history/seasons/2000/statistics/players/goals/
54,MatthäusGermany - Midfielder,-,-,-,-,-,-,-,-,3,https://www.uefa.com/uefaeuro/history/seasons/2000/statistics/players/goals/
54,MellbergSweden - Defender,-,-,-,-,-,-,-,-,3,https://www.uefa.com/uefaeuro/history/seasons/2000/statistics/players/goals/
54,Tugay KerimoğluTürkiye - Midfielder,-,-,-,-,-,-,-,-,3,https://www.uefa.com/uefaeuro/history/seasons/2000/statistics/players/goals/
54,AčimovičSlovenia - Midfielder,-,-,-,-,-,-,-,-,3,https://www.uefa.com/uefaeuro/history/seasons/2000/statistics/players/goals/
54,DeislerGermany - Midfielder,-,-,-,-,-,-,-,-,3,https://www.uefa.com/uefaeuro/history/seasons/2000/statistics/players/goals/
54,CarewNorway - Forward,-,-,-,-,-,-,-,-,3,https://www.uefa.com/uefaeuro/history/seasons/2000/statistics/players/goals/
54,TøftingDenmark - Midfielder,-,-,-,-,-,-,-,-,3,https://www.uefa.com/uefaeuro/history/seasons/2000/statistics/players/goals/
54,VanderhaegheBelgium - Midfielder,-,-,-,-,-,-,-,-,3,https://www.uefa.com/uefaeuro/history/seasons/2000/statistics/players/goals/
54,Van KerckhovenBelgium - Defender,-,-,-,-,-,-,-,-,3,https://www.uefa.com/uefaeuro/history/seasons/2000/statistics/players/goals/
54,DjorovićSerbia - Defender,-,-,-,-,-,-,-,-,3,https://www.uefa.com/uefaeuro/history/seasons/2000/statistics/players/goals/
54,KollerCzechia - Forward,-,-,-,-,-,-,-,-,3,https://www.uefa.com/uefaeuro/history/seasons/2000/statistics/players/goals/
54,PirèsFrance - Midfielder,-,-,-,-,-,-,-,-,3,https://www.uefa.com/uefaeuro/history/seasons/2000/statistics/players/goals/
54,OstercSlovenia - Forward,-,-,-,-,-,-,-,-,3,https://www.uefa.com/uefaeuro/history/seasons/2000/statistics/players/goals/
54,MutuRomania,-,-,-,-,-,-,-,-,3,https://www.uefa.com/uefaeuro/history/seasons/2000/statistics/players/goals/
54,AmbrosiniItaly - Midfielder,-,-,-,-,-,-,-,-,3,https://www.uefa.com/uefaeuro/history/seasons/2000/statistics/players/goals/
54,WilmotsBelgium - Midfielder,-,-,-,-,-,-,-,-,3,https://www.uefa.com/uefaeuro/history/seasons/2000/statistics/players/goals/
54,LokvencCzechia - Forward,-,-,-,-,-,-,-,-,3,https://www.uefa.com/uefaeuro/history/seasons/2000/statistics/players/goals/
54,AranzábalSpain - Defender,-,-,-,-,-,-,-,-,3,https://www.uefa.com/uefaeuro/history/seasons/2000/statistics/players/goals/
54,SolskjærNorway,-,-,-,-,-,-,-,-,3,https://www.uefa.com/uefaeuro/history/seasons/2000/statistics/players/goals/
54,ČehSlovenia - Midfielder,-,-,-,-,-,-,-,-,3,https://www.uefa.com/uefaeuro/history/seasons/2000/statistics/players/goals/
54,BosveltNetherlands - Midfielder,-,-,-,-,-,-,-,-,3,https://www.uefa.com/uefaeuro/history/seasons/2000/statistics/players/goals/
54,VerheyenBelgium - Forward,-,-,-,-,-,-,-,-,3,https://www.uefa.com/uefaeuro/history/seasons/2000/statistics/players/goals/
54,NilisBelgium,-,-,-,-,-,-,-,-,3,https://www.uefa.com/uefaeuro/history/seasons/2000/statistics/players/goals/
54,De WildeBelgium - Goalkeeper,-,-,-,-,-,-,-,-,3,https://www.uefa.com/uefaeuro/history/seasons/2000/statistics/players/goals/
54,GaličSlovenia - Defender,-,-,-,-,-,-,-,-,3,https://www.uefa.com/uefaeuro/history/seasons/2000/statistics/players/goals/
54,HavutçuTürkiye - Midfielder,-,-,-,-,-,-,-,-,3,https://www.uefa.com/uefaeuro/history/seasons/2000/statistics/players/goals/
54,ValgaerenBelgium - Defender,-,-,-,-,-,-,-,-,3,https://www.uefa.com/uefaeuro/history/seasons/2000/statistics/players/goals/
54,SchmeichelDenmark - Goalkeeper,-,-,-,-,-,-,-,-,3,https://www.uefa.com/uefaeuro/history/seasons/2000/statistics/players/goals/
54,GrønkjærDenmark - Forward,-,-,-,-,-,-,-,-,3,https://www.uefa.com/uefaeuro/history/seasons/2000/statistics/players/goals/
54,NěmecCzechia - Midfielder,-,-,-,-,-,-,-,-,3,https://www.uefa.com/uefaeuro/history/seasons/2000/statistics/players/goals/
54,BakkeNorway - Midfielder,-,-,-,-,-,-,-,-,3,https://www.uefa.com/uefaeuro/history/seasons/2000/statistics/players/goals/
54,T. A. FloNorway - Forward,-,-,-,-,-,-,-,-,3,https://www.uefa.com/uefaeuro/history/seasons/2000/statistics/players/goals/
54,BjörklundSweden,-,-,-,-,-,-,-,-,3,https://www.uefa.com/uefaeuro/history/seasons/2000/statistics/players/goals/
54,PacoSpain - Defender,-,-,-,-,-,-,-,-,3,https://www.uefa.com/uefaeuro/history/seasons/2000/statistics/players/goals/
54,KaričSlovenia,-,-,-,-,-,-,-,-,3,https://www.uefa.com/uefaeuro/history/seasons/2000/statistics/players/goals/
54,PenbeTürkiye - Defender,-,-,-,-,-,-,-,-,3,https://www.uefa.com/uefaeuro/history/seasons/2000/statistics/players/goals/
54,P. NevilleEngland - Midfielder,-,-,-,-,-,-,-,-,3,https://www.uefa.com/uefaeuro/history/seasons/2000/statistics/players/goals/
54,LjungbergSweden,-,-,-,-,-,-,-,-,3,https://www.uefa.com/uefaeuro/history/seasons/2000/statistics/players/goals/
54,TomassonDenmark,-,-,-,-,-,-,-,-,3,https://www.uefa.com/uefaeuro/history/seasons/2000/statistics/players/goals/
54,RudonjaSlovenia - Midfielder,-,-,-,-,-,-,-,-,3,https://www.uefa.com/uefaeuro/history/seasons/2000/statistics/players/goals/
54,SchjønbergDenmark - Defender,-,-,-,-,-,-,-,-,3,https://www.uefa.com/uefaeuro/history/seasons/2000/statistics/players/goals/
54,ColdingDenmark - Defender,-,-,-,-,-,-,-,-,3,https://www.uefa.com/uefaeuro/history/seasons/2000/statistics/players/goals/
54,IlieRomania - Forward,-,-,-,-,-,-,-,-,3,https://www.uefa.com/uefaeuro/history/seasons/2000/statistics/players/goals/
54,Suat KayaTürkiye - Midfielder,-,-,-,-,-,-,-,-,3,https://www.uefa.com/uefaeuro/history/seasons/2000/statistics/players/goals/
54,HedmanSweden - Goalkeeper,-,-,-,-,-,-,-,-,3,https://www.uefa.com/uefaeuro/history/seasons/2000/statistics/players/goals/
54,NedvědCzechia,-,-,-,-,-,-,-,-,3,https://www.uefa.com/uefaeuro/history/seasons/2000/statistics/players/goals/
54,MilinovičSlovenia - Defender,-,-,-,-,-,-,-,-,3,https://www.uefa.com/uefaeuro/history/seasons/2000/statistics/players/goals/
54,DabanovičSlovenia - Goalkeeper,-,-,-,-,-,-,-,-,3,https://www.uefa.com/uefaeuro/history/seasons/2000/statistics/players/goals/
54,HeintzeDenmark - Midfielder,-,-,-,-,-,-,-,-,3,https://www.uefa.com/uefaeuro/history/seasons/2000/statistics/players/goals/
54,ContraRomania,-,-,-,-,-,-,-,-,3,https://www.uefa.com/uefaeuro/history/seasons/2000/statistics/players/goals/
54,CapuchoPortugal - Forward,-,-,-,-,-,-,-,-,3,https://www.uefa.com/uefaeuro/history/seasons/2000/statistics/players/goals/
54,DeflandreBelgium,-,-,-,-,-,-,-,-,3,https://www.uefa.com/uefaeuro/history/seasons/2000/statistics/players/goals/
54,Sergen YalçınTürkiye,-,-,-,-,-,-,-,-,3,https://www.uefa.com/uefaeuro/history/seasons/2000/statistics/players/goals/
54,MihajlovićSerbia - Defender,-,-,-,-,-,-,-,-,3,https://www.uefa.com/uefaeuro/history/seasons/2000/statistics/players/goals/
54,G. PopescuRomania - Defender,-,-,-,-,-,-,-,-,3,https://www.uefa.com/uefaeuro/history/seasons/2000/statistics/players/goals/
54,PetrescuRomania,-,-,-,-,-,-,-,-,3,https://www.uefa.com/uefaeuro/history/seasons/2000/statistics/players/goals/
54,HagiRomania,-,-,-,-,-,-,-,-,3,https://www.uefa.com/uefaeuro/history/seasons/2000/statistics/players/goals/
54,EggenNorway - Defender,-,-,-,-,-,-,-,-,3,https://www.uefa.com/uefaeuro/history/seasons/2000/statistics/players/goals/
54,CampbellEngland - Defender,-,-,-,-,-,-,-,-,3,https://www.uefa.com/uefaeuro/history/seasons/2000/statistics/players/goals/
54,G. NevilleEngland - Defender,-,-,-,-,-,-,-,-,3,https://www.uefa.com/uefaeuro/history/seasons/2000/statistics/players/goals/
54,BeckhamEngland - Midfielder,-,-,-,-,-,-,-,-,3,https://www.uefa.com/uefaeuro/history/seasons/2000/statistics/players/goals/
54,Sá PintoPortugal,-,-,-,-,-,-,-,-,3,https://www.uefa.com/uefaeuro/history/seasons/2000/statistics/players/goals/
54,HamannGermany - Midfielder,-,-,-,-,-,-,-,-,3,https://www.uefa.com/uefaeuro/history/seasons/2000/statistics/players/goals/
54,WinterNetherlands,-,-,-,-,-,-,-,-,3,https://www.uefa.com/uefaeuro/history/seasons/2000/statistics/players/goals/
54,Van BronckhorstNetherlands,-,-,-,-,-,-,-,-,3,https://www.uefa.com/uefaeuro/history/seasons/2000/statistics/players/goals/
54,MyklandNorway - Midfielder,-,-,-,-,-,-,-,-,3,https://www.uefa.com/uefaeuro/history/seasons/2000/statistics/players/goals/
54,SaveljićSerbia - Defender,-,-,-,-,-,-,-,-,3,https://www.uefa.com/uefaeuro/history/seasons/2000/statistics/players/goals/
54,RadaCzechia - Defender,-,-,-,-,-,-,-,-,3,https://www.uefa.com/uefaeuro/history/seasons/2000/statistics/players/goals/
54,BergdølmoNorway - Defender,-,-,-,-,-,-,-,-,3,https://www.uefa.com/uefaeuro/history/seasons/2000/statistics/players/goals/
54,WesterveldNetherlands - Goalkeeper,-,-,-,-,-,-,-,-,3,https://www.uefa.com/uefaeuro/history/seasons/2000/statistics/players/goals/
54,WiseEngland - Midfielder,-,-,-,-,-,-,-,-,3,https://www.uefa.com/uefaeuro/history/seasons/2000/statistics/players/goals/
54,ŘepkaCzechia - Defender,-,-,-,-,-,-,-,-,3,https://www.uefa.com/uefaeuro/history/seasons/2000/statistics/players/goals/
54,NovakSlovenia - Midfielder,-,-,-,-,-,-,-,-,3,https://www.uefa.com/uefaeuro/history/seasons/2000/statistics/players/goals/
54,BejblCzechia - Midfielder,-,-,-,-,-,-,-,-,3,https://www.uefa.com/uefaeuro/history/seasons/2000/statistics/players/goals/
54,AbelardoSpain - Defender,-,-,-,-,-,-,-,-,3,https://www.uefa.com/uefaeuro/history/seasons/2000/statistics/players/goals/
54,KeownEngland - Defender,-,-,-,-,-,-,-,-,3,https://www.uefa.com/uefaeuro/history/seasons/2000/statistics/players/goals/
54,SeamanEngland - Goalkeeper,-,-,-,-,-,-,-,-,2,https://www.uefa.com/uefaeuro/history/seasons/2000/statistics/players/goals/
54,KukaCzechia - Forward,-,-,-,-,-,-,-,-,2,https://www.uefa.com/uefaeuro/history/seasons/2000/statistics/players/goals/
54,NielsenDenmark - Midfielder,-,-,-,-,-,-,-,-,2,https://www.uefa.com/uefaeuro/history/seasons/2000/statistics/players/goals/
54,BisgaardDenmark,-,-,-,-,-,-,-,-,2,https://www.uefa.com/uefaeuro/history/seasons/2000/statistics/players/goals/
54,ZiegeGermany - Defender,-,-,-,-,-,-,-,-,2,https://www.uefa.com/uefaeuro/history/seasons/2000/statistics/players/goals/
54,SkammelsrudNorway - Midfielder,-,-,-,-,-,-,-,-,2,https://www.uefa.com/uefaeuro/history/seasons/2000/statistics/players/goals/
54,ErcanTürkiye - Midfielder,-,-,-,-,-,-,-,-,2,https://www.uefa.com/uefaeuro/history/seasons/2000/statistics/players/goals/
54,StrandNorway - Midfielder,-,-,-,-,-,-,-,-,2,https://www.uefa.com/uefaeuro/history/seasons/2000/statistics/players/goals/
54,MildSweden - Midfielder,-,-,-,-,-,-,-,-,2,https://www.uefa.com/uefaeuro/history/seasons/2000/statistics/players/goals/
54,Patrik AnderssonSweden - Defender,-,-,-,-,-,-,-,-,2,https://www.uefa.com/uefaeuro/history/seasons/2000/statistics/players/goals/
54,ReizigerNetherlands,-,-,-,-,-,-,-,-,2,https://www.uefa.com/uefaeuro/history/seasons/2000/statistics/players/goals/
54,HierroSpain,-,-,-,-,-,-,-,-,2,https://www.uefa.com/uefaeuro/history/seasons/2000/statistics/players/goals/
54,BodeGermany - Forward,-,-,-,-,-,-,-,-,2,https://www.uefa.com/uefaeuro/history/seasons/2000/statistics/players/goals/
54,NumanNetherlands - Defender,-,-,-,-,-,-,-,-,2,https://www.uefa.com/uefaeuro/history/seasons/2000/statistics/players/goals/
54,BjørnebyeNorway,-,-,-,-,-,-,-,-,2,https://www.uefa.com/uefaeuro/history/seasons/2000/statistics/players/goals/
54,StankovićSerbia - Midfielder,-,-,-,-,-,-,-,-,2,https://www.uefa.com/uefaeuro/history/seasons/2000/statistics/players/goals/
54,KontermanNetherlands - Defender,-,-,-,-,-,-,-,-,2,https://www.uefa.com/uefaeuro/history/seasons/2000/statistics/players/goals/
54,RehmerGermany - Defender,-,-,-,-,-,-,-,-,2,https://www.uefa.com/uefaeuro/history/seasons/2000/statistics/players/goals/
54,ValerónSpain - Midfielder,-,-,-,-,-,-,-,-,2,https://www.uefa.com/uefaeuro/history/seasons/2000/statistics/players/goals/
54,MontellaItaly,-,-,-,-,-,-,-,-,2,https://www.uefa.com/uefaeuro/history/seasons/2000/statistics/players/goals/
54,Abel XavierPortugal - Defender,-,-,-,-,-,-,-,-,2,https://www.uefa.com/uefaeuro/history/seasons/2000/statistics/players/goals/
54,BallackGermany - Midfielder,-,-,-,-,-,-,-,-,2,https://www.uefa.com/uefaeuro/history/seasons/2000/statistics/players/goals/
54,KežmanSerbia - Forward,-,-,-,-,-,-,-,-,2,https://www.uefa.com/uefaeuro/history/seasons/2000/statistics/players/goals/
54,FukalCzechia - Defender,-,-,-,-,-,-,-,-,2,https://www.uefa.com/uefaeuro/history/seasons/2000/statistics/players/goals/
54,GravesenDenmark - Midfielder,-,-,-,-,-,-,-,-,2,https://www.uefa.com/uefaeuro/history/seasons/2000/statistics/players/goals/
54,RosickýCzechia - Midfielder,-,-,-,-,-,-,-,-,2,https://www.uefa.com/uefaeuro/history/seasons/2000/statistics/players/goals/
54,CiobotariuRomania - Defender,-,-,-,-,-,-,-,-,2,https://www.uefa.com/uefaeuro/history/seasons/2000/statistics/players/goals/
54,HendrikxBelgium - Midfielder,-,-,-,-,-,-,-,-,2,https://www.uefa.com/uefaeuro/history/seasons/2000/statistics/players/goals/
54,JeremiesGermany - Midfielder,-,-,-,-,-,-,-,-,2,https://www.uefa.com/uefaeuro/history/seasons/2000/statistics/players/goals/
54,SvenssonSweden - Midfielder,-,-,-,-,-,-,-,-,2,https://www.uefa.com/uefaeuro/history/seasons/2000/statistics/players/goals/
54,MilaničSlovenia,-,-,-,-,-,-,-,-,2,https://www.uefa.com/uefaeuro/history/seasons/2000/statistics/players/goals/
54,StankovićSerbia,-,-,-,-,-,-,-,-,2,https://www.uefa.com/uefaeuro/history/seasons/2000/statistics/players/goals/
54,PetreRomania - Midfielder,-,-,-,-,-,-,-,-,2,https://www.uefa.com/uefaeuro/history/seasons/2000/statistics/players/goals/
54,OsmanovskiSweden - Forward,-,-,-,-,-,-,-,-,2,https://www.uefa.com/uefaeuro/history/seasons/2000/statistics/players/goals/
54,HeggemNorway - Midfielder,-,-,-,-,-,-,-,-,2,https://www.uefa.com/uefaeuro/history/seasons/2000/statistics/players/goals/
54,CandelaFrance - Defender,-,-,-,-,-,-,-,-,2,https://www.uefa.com/uefaeuro/history/seasons/2000/statistics/players/goals/
54,Ümit DavalaTürkiye,-,-,-,-,-,-,-,-,2,https://www.uefa.com/uefaeuro/history/seasons/2000/statistics/players/goals/
54,UdovičSlovenia - Forward,-,-,-,-,-,-,-,-,2,https://www.uefa.com/uefaeuro/history/seasons/2000/statistics/players/goals/
54,Paulo SousaPortugal,-,-,-,-,-,-,-,-,2,https://www.uefa.com/uefaeuro/history/seasons/2000/statistics/players/goals/
54,ÜnsalTürkiye - Defender,-,-,-,-,-,-,-,-,2,https://www.uefa.com/uefaeuro/history/seasons/2000/statistics/players/goals/
54,HeskeyEngland - Forward,-,-,-,-,-,-,-,-,2,https://www.uefa.com/uefaeuro/history/seasons/2000/statistics/players/goals/
54,AnderssonSweden,-,-,-,-,-,-,-,-,2,https://www.uefa.com/uefaeuro/history/seasons/2000/statistics/players/goals/
54,BetoPortugal,-,-,-,-,-,-,-,-,2,https://www.uefa.com/uefaeuro/history/seasons/2000/statistics/players/goals/
54,SandDenmark - Forward,-,-,-,-,-,-,-,-,2,https://www.uefa.com/uefaeuro/history/seasons/2000/statistics/players/goals/
54,MakaayNetherlands,-,-,-,-,-,-,-,-,2,https://www.uefa.com/uefaeuro/history/seasons/2000/statistics/players/goals/
54,LucicSweden - Defender,-,-,-,-,-,-,-,-,2,https://www.uefa.com/uefaeuro/history/seasons/2000/statistics/players/goals/
54,FranSpain - Midfielder,-,-,-,-,-,-,-,-,2,https://www.uefa.com/uefaeuro/history/seasons/2000/statistics/players/goals/
54,GabrielCzechia - Defender,-,-,-,-,-,-,-,-,2,https://www.uefa.com/uefaeuro/history/seasons/2000/statistics/players/goals/
54,Di LivioItaly - Midfielder,-,-,-,-,-,-,-,-,2,https://www.uefa.com/uefaeuro/history/seasons/2000/statistics/players/goals/
54,NielsenDenmark - Midfielder,-,-,-,-,-,-,-,-,2,https://www.uefa.com/uefaeuro/history/seasons/2000/statistics/players/goals/
54,KnavsSlovenia - Defender,-,-,-,-,-,-,-,-,2,https://www.uefa.com/uefaeuro/history/seasons/2000/statistics/players/goals/
54,BelodediciRomania - Defender,-,-,-,-,-,-,-,-,2,https://www.uefa.com/uefaeuro/history/seasons/2000/statistics/players/goals/
54,BeckDenmark - Forward,-,-,-,-,-,-,-,-,2,https://www.uefa.com/uefaeuro/history/seasons/2000/statistics/players/goals/
54,JankulovskiCzechia - Defender,-,-,-,-,-,-,-,-,2,https://www.uefa.com/uefaeuro/history/seasons/2000/statistics/players/goals/
54,LupescuRomania - Defender,-,-,-,-,-,-,-,-,2,https://www.uefa.com/uefaeuro/history/seasons/2000/statistics/players/goals/
54,Rui JorgePortugal - Defender,-,-,-,-,-,-,-,-,2,https://www.uefa.com/uefaeuro/history/seasons/2000/statistics/players/goals/
54,Van VossenNetherlands - Forward,-,-,-,-,-,-,-,-,2,https://www.uefa.com/uefaeuro/history/seasons/2000/statistics/players/goals/
54,PetterssonSweden - Forward,-,-,-,-,-,-,-,-,2,https://www.uefa.com/uefaeuro/history/seasons/2000/statistics/players/goals/
54,RoşuRomania - Midfielder,-,-,-,-,-,-,-,-,2,https://www.uefa.com/uefaeuro/history/seasons/2000/statistics/players/goals/
54,LinkeGermany - Defender,-,-,-,-,-,-,-,-,2,https://www.uefa.com/uefaeuro/history/seasons/2000/statistics/players/goals/
54,BabbelGermany,-,-,-,-,-,-,-,-,2,https://www.uefa.com/uefaeuro/history/seasons/2000/statistics/players/goals/
54,JanckerGermany,-,-,-,-,-,-,-,-,2,https://www.uefa.com/uefaeuro/history/seasons/2000/statistics/players/goals/
54,SeedorfNetherlands,-,-,-,-,-,-,-,-,2,https://www.uefa.com/uefaeuro/history/seasons/2000/statistics/players/goals/
54,BarmbyEngland - Midfielder,-,-,-,-,-,-,-,-,2,https://www.uefa.com/uefaeuro/history/seasons/2000/statistics/players/goals/
54,HässlerGermany - Midfielder,-,-,-,-,-,-,-,-,2,https://www.uefa.com/uefaeuro/history/seasons/2000/statistics/players/goals/
54,HelvegDenmark - Defender,-,-,-,-,-,-,-,-,2,https://www.uefa.com/uefaeuro/history/seasons/2000/statistics/players/goals/
54,KirstenGermany - Forward,-,-,-,-,-,-,-,-,2,https://www.uefa.com/uefaeuro/history/seasons/2000/statistics/players/goals/
54,FerraraItaly - Defender,-,-,-,-,-,-,-,-,1,https://www.uefa.com/uefaeuro/history/seasons/2000/statistics/players/goals/
54,BergerCzechia - Midfielder,-,-,-,-,-,-,-,-,1,https://www.uefa.com/uefaeuro/history/seasons/2000/statistics/players/goals/
54,Anders AnderssonSweden - Midfielder,-,-,-,-,-,-,-,-,1,https://www.uefa.com/uefaeuro/history/seasons/2000/statistics/players/goals/
54,GustafssonSweden - Defender,-,-,-,-,-,-,-,-,1,https://www.uefa.com/uefaeuro/history/seasons/2000/statistics/players/goals/
54,Pedro EspinhaPortugal - Goalkeeper,-,-,-,-,-,-,-,-,1,https://www.uefa.com/uefaeuro/history/seasons/2000/statistics/players/goals/
54,MolinaSpain - Goalkeeper,-,-,-,-,-,-,-,-,1,https://www.uefa.com/uefaeuro/history/seasons/2000/statistics/players/goals/
54,BierhoffGermany - Forward,-,-,-,-,-,-,-,-,1,https://www.uefa.com/uefaeuro/history/seasons/2000/statistics/players/goals/
54,AdamsEngland,-,-,-,-,-,-,-,-,1,https://www.uefa.com/uefaeuro/history/seasons/2000/statistics/players/goals/
54,PauletaPortugal - Forward,-,-,-,-,-,-,-,-,1,https://www.uefa.com/uefaeuro/history/seasons/2000/statistics/players/goals/
54,MolnarDenmark,-,-,-,-,-,-,-,-,1,https://www.uefa.com/uefaeuro/history/seasons/2000/statistics/players/goals/
54,LátalCzechia - Midfielder,-,-,-,-,-,-,-,-,1,https://www.uefa.com/uefaeuro/history/seasons/2000/statistics/players/goals/
54,MartynEngland - Goalkeeper,-,-,-,-,-,-,-,-,1,https://www.uefa.com/uefaeuro/history/seasons/2000/statistics/players/goals/
54,GoldbækDenmark - Midfielder,-,-,-,-,-,-,-,-,1,https://www.uefa.com/uefaeuro/history/seasons/2000/statistics/players/goals/
54,KovačevićSerbia - Forward,-,-,-,-,-,-,-,-,1,https://www.uefa.com/uefaeuro/history/seasons/2000/statistics/players/goals/
54,SecretárioPortugal - Defender,-,-,-,-,-,-,-,-,1,https://www.uefa.com/uefaeuro/history/seasons/2000/statistics/players/goals/
54,I DudićSerbia - Defender,-,-,-,-,-,-,-,-,1,https://www.uefa.com/uefaeuro/history/seasons/2000/statistics/players/goals/
54,Jacky PeetersBelgium - Defender,-,-,-,-,-,-,-,-,1,https://www.uefa.com/uefaeuro/history/seasons/2000/statistics/players/goals/
54,GerardSpain - Midfielder,-,-,-,-,-,-,-,-,1,https://www.uefa.com/uefaeuro/history/seasons/2000/statistics/players/goals/
54,EngongaSpain - Midfielder,-,-,-,-,-,-,-,-,1,https://www.uefa.com/uefaeuro/history/seasons/2000/statistics/players/goals/
54,GerrardEngland,-,-,-,-,-,-,-,-,1,https://www.uefa.com/uefaeuro/history/seasons/2000/statistics/players/goals/
54,KovačevićSerbia - Forward,-,-,-,-,-,-,-,-,1,https://www.uefa.com/uefaeuro/history/seasons/2000/statistics/players/goals/
54,PavlovičSlovenia - Midfielder,-,-,-,-,-,-,-,-,1,https://www.uefa.com/uefaeuro/history/seasons/2000/statistics/players/goals/
54,LeboeufFrance - Defender,-,-,-,-,-,-,-,-,1,https://www.uefa.com/uefaeuro/history/seasons/2000/statistics/players/goals/
54,De BildeBelgium - Forward,-,-,-,-,-,-,-,-,1,https://www.uefa.com/uefaeuro/history/seasons/2000/statistics/players/goals/
54,İzzetTürkiye - Midfielder,-,-,-,-,-,-,-,-,1,https://www.uefa.com/uefaeuro/history/seasons/2000/statistics/players/goals/
54,SolbakkenNorway,-,-,-,-,-,-,-,-,1,https://www.uefa.com/uefaeuro/history/seasons/2000/statistics/players/goals/
54,ŠiljakSlovenia - Forward,-,-,-,-,-,-,-,-,1,https://www.uefa.com/uefaeuro/history/seasons/2000/statistics/players/goals/
54,Sergi BarjuánSpain - Defender,-,-,-,-,-,-,-,-,1,https://www.uefa.com/uefaeuro/history/seasons/2000/statistics/players/goals/
54,MicoudFrance - Midfielder,-,-,-,-,-,-,-,-,1,https://www.uefa.com/uefaeuro/history/seasons/2000/statistics/players/goals/
54,RisethNorway - Defender,-,-,-,-,-,-,-,-,1,https://www.uefa.com/uefaeuro/history/seasons/2000/statistics/players/goals/
54,NilssonSweden - Defender,-,-,-,-,-,-,-,-,1,https://www.uefa.com/uefaeuro/history/seasons/2000/statistics/players/goals/
54,KarembeuFrance,-,-,-,-,-,-,-,-,1,https://www.uefa.com/uefaeuro/history/seasons/2000/statistics/players/goals/
54,ÖzköylüTürkiye - Defender,-,-,-,-,-,-,-,-,1,https://www.uefa.com/uefaeuro/history/seasons/2000/statistics/players/goals/
54,Mbo MpenzaBelgium - Forward,-,-,-,-,-,-,-,-,1,https://www.uefa.com/uefaeuro/history/seasons/2000/statistics/players/goals/
54,LamaFrance - Goalkeeper,-,-,-,-,-,-,-,-,1,https://www.uefa.com/uefaeuro/history/seasons/2000/statistics/players/goals/
54,SundgrenSweden - Defender,-,-,-,-,-,-,-,-,1,https://www.uefa.com/uefaeuro/history/seasons/2000/statistics/players/goals/
54,JørgensenDenmark - Midfielder,-,-,-,-,-,-,-,-,1,https://www.uefa.com/uefaeuro/history/seasons/2000/statistics/players/goals/
54,QuimPortugal - Goalkeeper,-,-,-,-,-,-,-,-,1,https://www.uefa.com/uefaeuro/history/seasons/2000/statistics/players/goals/
54,LéonardBelgium - Defender,-,-,-,-,-,-,-,-,1,https://www.uefa.com/uefaeuro/history/seasons/2000/statistics/players/goals/
54,Oktay DerelioğluTürkiye - Forward,-,-,-,-,-,-,-,-,1,https://www.uefa.com/uefaeuro/history/seasons/2000/statistics/players/goals/
54,BergNorway,-,-,-,-,-,-,-,-,1,https://www.uefa.com/uefaeuro/history/seasons/2000/statistics/players/goals/
54,NegroItaly - Defender,-,-,-,-,-,-,-,-,1,https://www.uefa.com/uefaeuro/history/seasons/2000/statistics/players/goals/
54,SouthgateEngland - Defender,-,-,-,-,-,-,-,-,1,https://www.uefa.com/uefaeuro/history/seasons/2000/statistics/players/goals/
54,NadjSerbia,-,-,-,-,-,-,-,-,1,https://www.uefa.com/uefaeuro/history/seasons/2000/statistics/players/goals/
54,PruneaRomania - Goalkeeper,-,-,-,-,-,-,-,-,-,https://www.uefa.com/uefaeuro/history/seasons/2000/statistics/players/goals/
54,GomaFrance - Defender,-,-,-,-,-,-,-,-,-,https://www.uefa.com/uefaeuro/history/seasons/2000/statistics/players/goals/
54,CicovićSerbia - Goalkeeper,-,-,-,-,-,-,-,-,-,https://www.uefa.com/uefaeuro/history/seasons/2000/statistics/players/goals/
54,SimeunovičSlovenia - Goalkeeper,-,-,-,-,-,-,-,-,-,https://www.uefa.com/uefaeuro/history/seasons/2000/statistics/players/goals/
54,D. AnderssonSweden - Goalkeeper,-,-,-,-,-,-,-,-,-,https://www.uefa.com/uefaeuro/history/seasons/2000/statistics/players/goals/
54,PhillipsEngland - Forward,-,-,-,-,-,-,-,-,-,https://www.uefa.com/uefaeuro/history/seasons/2000/statistics/players/goals/
54,AsperSweden - Goalkeeper,-,-,-,-,-,-,-,-,-,https://www.uefa.com/uefaeuro/history/seasons/2000/statistics/players/goals/
54,VelascoSpain - Defender,-,-,-,-,-,-,-,-,-,https://www.uefa.com/uefaeuro/history/seasons/2000/statistics/players/goals/
54,de GoeyNetherlands - Goalkeeper,-,-,-,-,-,-,-,-,-,https://www.uefa.com/uefaeuro/history/seasons/2000/statistics/players/goals/
54,IsteničSlovenia - Midfielder,-,-,-,-,-,-,-,-,-,https://www.uefa.com/uefaeuro/history/seasons/2000/statistics/players/goals/
54,WoszGermany - Midfielder,-,-,-,-,-,-,-,-,-,https://www.uefa.com/uefaeuro/history/seasons/2000/statistics/players/goals/
54,AbbiatiItaly,-,-,-,-,-,-,-,-,-,https://www.uefa.com/uefaeuro/history/seasons/2000/statistics/players/goals/
54,BarryEngland - Midfielder,-,-,-,-,-,-,-,-,-,https://www.uefa.com/uefaeuro/history/seasons/2000/statistics/players/goals/
54,LehmannGermany,-,-,-,-,-,-,-,-,-,https://www.uefa.com/uefaeuro/history/seasons/2000/statistics/players/goals/
54,Ömer ÇatkıçTürkiye - Goalkeeper,-,-,-,-,-,-,-,-,-,https://www.uefa.com/uefaeuro/history/seasons/2000/statistics/players/goals/
54,AntonioliItaly - Goalkeeper,-,-,-,-,-,-,-,-,-,https://www.uefa.com/uefaeuro/history/seasons/2000/statistics/players/goals/
54,RaméFrance - Goalkeeper,-,-,-,-,-,-,-,-,-,https://www.uefa.com/uefaeuro/history/seasons/2000/statistics/players/goals/
54,BunjevčevićSerbia - Defender,-,-,-,-,-,-,-,-,-,https://www.uefa.com/uefaeuro/history/seasons/2000/statistics/players/goals/
54,ButtGermany - Goalkeeper,-,-,-,-,-,-,-,-,-,https://www.uefa.com/uefaeuro/history/seasons/2000/statistics/players/goals/
54,ClementBelgium,-,-,-,-,-,-,-,-,-,https://www.uefa.com/uefaeuro/history/seasons/2000/statistics/players/goals/
54,LaursenDenmark - Defender,-,-,-,-,-,-,-,-,-,https://www.uefa.com/uefaeuro/history/seasons/2000/statistics/players/goals/
54,CasillasSpain - Goalkeeper,-,-,-,-,-,-,-,-,-,https://www.uefa.com/uefaeuro/history/seasons/2000/statistics/players/goals/
54,John Arne RiiseNorway - Defender,-,-,-,-,-,-,-,-,-,https://www.uefa.com/uefaeuro/history/seasons/2000/statistics/players/goals/
54,WalemBelgium,-,-,-,-,-,-,-,-,-,https://www.uefa.com/uefaeuro/history/seasons/2000/statistics/players/goals/
54,De VliegerBelgium - Goalkeeper,-,-,-,-,-,-,-,-,-,https://www.uefa.com/uefaeuro/history/seasons/2000/statistics/players/goals/
54,RobertFrance - Midfielder,-,-,-,-,-,-,-,-,-,https://www.uefa.com/uefaeuro/history/seasons/2000/statistics/players/goals/
54,LaursenDenmark - Defender,-,-,-,-,-,-,-,-,-,https://www.uefa.com/uefaeuro/history/seasons/2000/statistics/players/goals/
54,HîldanRomania - Midfielder,-,-,-,-,-,-,-,-,-,https://www.uefa.com/uefaeuro/history/seasons/2000/statistics/players/goals/
54,MaierCzechia - Goalkeeper,-,-,-,-,-,-,-,-,-,https://www.uefa.com/uefaeuro/history/seasons/2000/statistics/players/goals/
54,LobonţRomania - Goalkeeper,-,-,-,-,-,-,-,-,-,https://www.uefa.com/uefaeuro/history/seasons/2000/statistics/players/goals/
54,BakkeNorway - Goalkeeper,-,-,-,-,-,-,-,-,-,https://www.uefa.com/uefaeuro/history/seasons/2000/statistics/players/goals/
54,KoraćSerbia - Goalkeeper,-,-,-,-,-,-,-,-,-,https://www.uefa.com/uefaeuro/history/seasons/2000/statistics/players/goals/
54,VlčekCzechia - Defender,-,-,-,-,-,-,-,-,-,https://www.uefa.com/uefaeuro/history/seasons/2000/statistics/players/goals/
54,Andreas AnderssonSweden - Forward,-,-,-,-,-,-,-,-,-,https://www.uefa.com/uefaeuro/history/seasons/2000/statistics/players/goals/
54,LincarRomania - Midfielder,-,-,-,-,-,-,-,-,-,https://www.uefa.com/uefaeuro/history/seasons/2000/statistics/players/goals/
54,DhorasooFrance - Midfielder,-,-,-,-,-,-,-,-,-,https://www.uefa.com/uefaeuro/history/seasons/2000/statistics/players/goals/
54,LetiziFrance,-,-,-,-,-,-,-,-,-,https://www.uefa.com/uefaeuro/history/seasons/2000/statistics/players/goals/
54,Van MeirBelgium - Defender,-,-,-,-,-,-,-,-,-,https://www.uefa.com/uefaeuro/history/seasons/2000/statistics/players/goals/
54,WrightEngland,-,-,-,-,-,-,-,-,-,https://www.uefa.com/uefaeuro/history/seasons/2000/statistics/players/goals/
54,NemecSlovenia - Goalkeeper,-,-,-,-,-,-,-,-,-,https://www.uefa.com/uefaeuro/history/seasons/2000/statistics/players/goals/
54,ŽlogarSlovenia - Midfielder,-,-,-,-,-,-,-,-,-,https://www.uefa.com/uefaeuro/history/seasons/2000/statistics/players/goals/
54,BulajičSlovenia - Defender,-,-,-,-,-,-,-,-,-,https://www.uefa.com/uefaeuro/history/seasons/2000/statistics/players/goals/
54,HøghDenmark - Defender,-,-,-,-,-,-,-,-,-,https://www.uefa.com/uefaeuro/history/seasons/2000/statistics/players/goals/
54,DéhuFrance - Defender,-,-,-,-,-,-,-,-,-,https://www.uefa.com/uefaeuro/history/seasons/2000/statistics/players/goals/
54,PoratoFrance - Goalkeeper,-,-,-,-,-,-,-,-,-,https://www.uefa.com/uefaeuro/history/seasons/2000/statistics/players/goals/
54,SørensenDenmark - Goalkeeper,-,-,-,-,-,-,-,-,-,https://www.uefa.com/uefaeuro/history/seasons/2000/statistics/players/goals/
54,Ayhan AkmanTürkiye - Midfielder,-,-,-,-,-,-,-,-,-,https://www.uefa.com/uefaeuro/history/seasons/2000/statistics/players/goals/
54,Fevzi TuncayTürkiye - Goalkeeper,-,-,-,-,-,-,-,-,-,https://www.uefa.com/uefaeuro/history/seasons/2000/statistics/players/goals/
54,NovotnýCzechia - Defender,-,-,-,-,-,-,-,-,-,https://www.uefa.com/uefaeuro/history/seasons/2000/statistics/players/goals/
54,Trond AndersenNorway - Defender,-,-,-,-,-,-,-,-,-,https://www.uefa.com/uefaeuro/history/seasons/2000/statistics/players/goals/
54,HorváthCzechia,-,-,-,-,-,-,-,-,-,https://www.uefa.com/uefaeuro/history/seasons/2000/statistics/players/goals/
54,VairellesFrance - Forward,-,-,-,-,-,-,-,-,-,https://www.uefa.com/uefaeuro/history/seasons/2000/statistics/players/goals/
54,KihlstedtSweden - Goalkeeper,-,-,-,-,-,-,-,-,-,https://www.uefa.com/uefaeuro/history/seasons/2000/statistics/players/goals/
54,LaslandesFrance - Forward,-,-,-,-,-,-,-,-,-,https://www.uefa.com/uefaeuro/history/seasons/2000/statistics/players/goals/
54,HerpoelBelgium - Goalkeeper,-,-,-,-,-,-,-,-,-,https://www.uefa.com/uefaeuro/history/seasons/2000/statistics/players/goals/
54,GajserSlovenia,-,-,-,-,-,-,-,-,-,https://www.uefa.com/uefaeuro/history/seasons/2000/statistics/players/goals/
54,BoghossianFrance - Midfielder,-,-,-,-,-,-,-,-,-,https://www.uefa.com/uefaeuro/history/seasons/2000/statistics/players/goals/
54,AllbäckSweden - Forward,-,-,-,-,-,-,-,-,-,https://www.uefa.com/uefaeuro/history/seasons/2000/statistics/players/goals/
54,FowlerEngland - Forward,-,-,-,-,-,-,-,-,-,https://www.uefa.com/uefaeuro/history/seasons/2000/statistics/players/goals/
54,RamelowGermany - Midfielder,-,-,-,-,-,-,-,-,-,https://www.uefa.com/uefaeuro/history/seasons/2000/statistics/players/goals/
54,Van HooijdonkNetherlands - Forward,-,-,-,-,-,-,-,-,-,https://www.uefa.com/uefaeuro/history/seasons/2000/statistics/players/goals/
54,OlsenNorway - Goalkeeper,-,-,-,-,-,-,-,-,-,https://www.uefa.com/uefaeuro/history/seasons/2000/statistics/players/goals/
54,RekdalNorway,-,-,-,-,-,-,-,-,-,https://www.uefa.com/uefaeuro/history/seasons/2000/statistics/players/goals/
54,KjærDenmark - Goalkeeper,-,-,-,-,-,-,-,-,-,https://www.uefa.com/uefaeuro/history/seasons/2000/statistics/players/goals/
54,BlažekCzechia - Goalkeeper,-,-,-,-,-,-,-,-,-,https://www.uefa.com/uefaeuro/history/seasons/2000/statistics/players/goals/
